metric_name,timestamp,metric_value,check,error,error_code,expected_response,group,method,name,proto,scenario,service,status,subproto,tls_version,url,extra_tags,metadata
http_reqs,1784003714,1.000000,,,,true,,GET,https://airportgap.com/api/airports,HTTP/2.0,default,,200,,tls1.3,https://airportgap.com/api/airports,,
http_req_duration,1784003714,173.002000,,,,true,,GET,https://airportgap.com/api/airports,HTTP/2.0,default,,200,,tls1.3,https://airportgap.com/api/airports,,
http_req_blocked,1784003714,645.748100,,,,true,,GET,https://airportgap.com/api/airports,HTTP/2.0,default,,200,,tls1.3,https://airportgap.com/api/airports,,
http_req_connecting,1784003714,203.396200,,,,true,,GET,https://airportgap.com/api/airports,HTTP/2.0,default,,200,,tls1.3,https://airportgap.com/api/airports,,
http_req_tls_handshaking,1784003714,254.625900,,,,true,,GET,https://airportgap.com/api/airports,HTTP/2.0,default,,200,,tls1.3,https://airportgap.com/api/airports,,
http_req_sending,1784003714,1.079700,,,,true,,GET,https://airportgap.com/api/airports,HTTP/2.0,default,,200,,tls1.3,https://airportgap.com/api/airports,,
http_req_waiting,1784003714,171.486000,,,,true,,GET,https://airportgap.com/api/airports,HTTP/2.0,default,,200,,tls1.3,https://airportgap.com/api/airports,,
http_req_receiving,1784003714,0.436300,,,,true,,GET,https://airportgap.com/api/airports,HTTP/2.0,default,,200,,tls1.3,https://airportgap.com/api/airports,,
http_req_failed,1784003714,0.000000,,,,true,,GET,https://airportgap.com/api/airports,HTTP/2.0,default,,200,,tls1.3,https://airportgap.com/api/airports,,
checks,1784003714,1.000000,status 200,,,,,,,,default,,,,,,,
checks,1784003714,1.000000,menos de 1000ms,,,,,,,,default,,,,,,,
vus,1784003714,10.000000,,,,,,,,,,,,,,,,
vus_max,1784003714,10.000000,,,,,,,,,,,,,,,,
http_reqs,1784003714,1.000000,,,,true,,GET,https://airportgap.com/api/airports,HTTP/2.0,default,,200,,tls1.3,https://airportgap.com/api/airports,,
http_req_duration,1784003714,358.364200,,,,true,,GET,https://airportgap.com/api/airports,HTTP/2.0,default,,200,,tls1.3,https://airportgap.com/api/airports,,
http_req_blocked,1784003714,645.748100,,,,true,,GET,https://airportgap.com/api/airports,HTTP/2.0,default,,200,,tls1.3,https://airportgap.com/api/airports,,
http_req_connecting,1784003714,202.880300,,,,true,,GET,https://airportgap.com/api/airports,HTTP/2.0,default,,200,,tls1.3,https://airportgap.com/api/airports,,
http_req_tls_handshaking,1784003714,255.366800,,,,true,,GET,https://airportgap.com/api/airports,HTTP/2.0,default,,200,,tls1.3,https://airportgap.com/api/airports,,
http_req_sending,1784003714,1.610900,,,,true,,GET,https://airportgap.com/api/airports,HTTP/2.0,default,,200,,tls1.3,https://airportgap.com/api/airports,,
http_req_waiting,1784003714,156.929700,,,,true,,GET,https://airportgap.com/api/airports,HTTP/2.0,default,,200,,tls1.3,https://airportgap.com/api/airports,,
http_req_receiving,1784003714,199.823600,,,,true,,GET,https://airportgap.com/api/airports,HTTP/2.0,default,,200,,tls1.3,https://airportgap.com/api/airports,,
http_req_failed,1784003714,0.000000,,,,true,,GET,https://airportgap.com/api/airports,HTTP/2.0,default,,200,,tls1.3,https://airportgap.com/api/airports,,
checks,1784003714,1.000000,status 200,,,,,,,,default,,,,,,,
checks,1784003714,1.000000,menos de 1000ms,,,,,,,,default,,,,,,,
http_reqs,1784003714,1.000000,,,,true,,GET,https://airportgap.com/api/airports,HTTP/2.0,default,,200,,tls1.3,https://airportgap.com/api/airports,,
http_req_duration,1784003714,359.841700,,,,true,,GET,https://airportgap.com/api/airports,HTTP/2.0,default,,200,,tls1.3,https://airportgap.com/api/airports,,
http_req_blocked,1784003714,645.748100,,,,true,,GET,https://airportgap.com/api/airports,HTTP/2.0,default,,200,,tls1.3,https://airportgap.com/api/airports,,
http_req_connecting,1784003714,202.880300,,,,true,,GET,https://airportgap.com/api/airports,HTTP/2.0,default,,200,,tls1.3,https://airportgap.com/api/airports,,
http_req_tls_handshaking,1784003714,255.366800,,,,true,,GET,https://airportgap.com/api/airports,HTTP/2.0,default,,200,,tls1.3,https://airportgap.com/api/airports,,
http_req_sending,1784003714,1.060100,,,,true,,GET,https://airportgap.com/api/airports,HTTP/2.0,default,,200,,tls1.3,https://airportgap.com/api/airports,,
http_req_waiting,1784003714,188.703600,,,,true,,GET,https://airportgap.com/api/airports,HTTP/2.0,default,,200,,tls1.3,https://airportgap.com/api/airports,,
http_req_receiving,1784003714,170.078000,,,,true,,GET,https://airportgap.com/api/airports,HTTP/2.0,default,,200,,tls1.3,https://airportgap.com/api/airports,,
http_req_failed,1784003714,0.000000,,,,true,,GET,https://airportgap.com/api/airports,HTTP/2.0,default,,200,,tls1.3,https://airportgap.com/api/airports,,
checks,1784003714,1.000000,status 200,,,,,,,,default,,,,,,,
checks,1784003714,1.000000,menos de 1000ms,,,,,,,,default,,,,,,,
http_reqs,1784003714,1.000000,,,,true,,GET,https://airportgap.com/api/airports,HTTP/2.0,default,,200,,tls1.3,https://airportgap.com/api/airports,,
http_req_duration,1784003714,360.535600,,,,true,,GET,https://airportgap.com/api/airports,HTTP/2.0,default,,200,,tls1.3,https://airportgap.com/api/airports,,
http_req_blocked,1784003714,645.748100,,,,true,,GET,https://airportgap.com/api/airports,HTTP/2.0,default,,200,,tls1.3,https://airportgap.com/api/airports,,
http_req_connecting,1784003714,203.396200,,,,true,,GET,https://airportgap.com/api/airports,HTTP/2.0,default,,200,,tls1.3,https://airportgap.com/api/airports,,
http_req_tls_handshaking,1784003714,254.850900,,,,true,,GET,https://airportgap.com/api/airports,HTTP/2.0,default,,200,,tls1.3,https://airportgap.com/api/airports,,
http_req_sending,1784003714,1.060100,,,,true,,GET,https://airportgap.com/api/airports,HTTP/2.0,default,,200,,tls1.3,https://airportgap.com/api/airports,,
http_req_waiting,1784003714,157.480500,,,,true,,GET,https://airportgap.com/api/airports,HTTP/2.0,default,,200,,tls1.3,https://airportgap.com/api/airports,,
http_req_receiving,1784003714,201.995000,,,,true,,GET,https://airportgap.com/api/airports,HTTP/2.0,default,,200,,tls1.3,https://airportgap.com/api/airports,,
http_req_failed,1784003714,0.000000,,,,true,,GET,https://airportgap.com/api/airports,HTTP/2.0,default,,200,,tls1.3,https://airportgap.com/api/airports,,
checks,1784003714,1.000000,status 200,,,,,,,,default,,,,,,,
checks,1784003714,1.000000,menos de 1000ms,,,,,,,,default,,,,,,,
http_reqs,1784003714,1.000000,,,,true,,GET,https://airportgap.com/api/airports,HTTP/2.0,default,,200,,tls1.3,https://airportgap.com/api/airports,,
http_req_duration,1784003714,360.668100,,,,true,,GET,https://airportgap.com/api/airports,HTTP/2.0,default,,200,,tls1.3,https://airportgap.com/api/airports,,
http_req_blocked,1784003714,645.748100,,,,true,,GET,https://airportgap.com/api/airports,HTTP/2.0,default,,200,,tls1.3,https://airportgap.com/api/airports,,
http_req_connecting,1784003714,203.396200,,,,true,,GET,https://airportgap.com/api/airports,HTTP/2.0,default,,200,,tls1.3,https://airportgap.com/api/airports,,
http_req_tls_handshaking,1784003714,255.382100,,,,true,,GET,https://airportgap.com/api/airports,HTTP/2.0,default,,200,,tls1.3,https://airportgap.com/api/airports,,
http_req_sending,1784003714,1.079700,,,,true,,GET,https://airportgap.com/api/airports,HTTP/2.0,default,,200,,tls1.3,https://airportgap.com/api/airports,,
http_req_waiting,1784003714,197.996800,,,,true,,GET,https://airportgap.com/api/airports,HTTP/2.0,default,,200,,tls1.3,https://airportgap.com/api/airports,,
http_req_receiving,1784003714,161.591600,,,,true,,GET,https://airportgap.com/api/airports,HTTP/2.0,default,,200,,tls1.3,https://airportgap.com/api/airports,,
http_req_failed,1784003714,0.000000,,,,true,,GET,https://airportgap.com/api/airports,HTTP/2.0,default,,200,,tls1.3,https://airportgap.com/api/airports,,
http_reqs,1784003714,1.000000,,,,true,,GET,https://airportgap.com/api/airports,HTTP/2.0,default,,200,,tls1.3,https://airportgap.com/api/airports,,
http_req_duration,1784003714,361.199300,,,,true,,GET,https://airportgap.com/api/airports,HTTP/2.0,default,,200,,tls1.3,https://airportgap.com/api/airports,,
http_req_blocked,1784003714,645.748100,,,,true,,GET,https://airportgap.com/api/airports,HTTP/2.0,default,,200,,tls1.3,https://airportgap.com/api/airports,,
http_req_connecting,1784003714,203.396200,,,,true,,GET,https://airportgap.com/api/airports,HTTP/2.0,default,,200,,tls1.3,https://airportgap.com/api/airports,,
http_req_tls_handshaking,1784003714,254.850900,,,,true,,GET,https://airportgap.com/api/airports,HTTP/2.0,default,,200,,tls1.3,https://airportgap.com/api/airports,,
http_req_sending,1784003714,1.060100,,,,true,,GET,https://airportgap.com/api/airports,HTTP/2.0,default,,200,,tls1.3,https://airportgap.com/api/airports,,
http_req_waiting,1784003714,168.133500,,,,true,,GET,https://airportgap.com/api/airports,HTTP/2.0,default,,200,,tls1.3,https://airportgap.com/api/airports,,
http_req_receiving,1784003714,192.005700,,,,true,,GET,https://airportgap.com/api/airports,HTTP/2.0,default,,200,,tls1.3,https://airportgap.com/api/airports,,
http_req_failed,1784003714,0.000000,,,,true,,GET,https://airportgap.com/api/airports,HTTP/2.0,default,,200,,tls1.3,https://airportgap.com/api/airports,,
checks,1784003714,1.000000,status 200,,,,,,,,default,,,,,,,
checks,1784003714,1.000000,menos de 1000ms,,,,,,,,default,,,,,,,
checks,1784003714,1.000000,status 200,,,,,,,,default,,,,,,,
checks,1784003714,1.000000,menos de 1000ms,,,,,,,,default,,,,,,,
http_reqs,1784003714,1.000000,,,,true,,GET,https://airportgap.com/api/airports,HTTP/2.0,default,,200,,tls1.3,https://airportgap.com/api/airports,,
http_req_duration,1784003714,363.493800,,,,true,,GET,https://airportgap.com/api/airports,HTTP/2.0,default,,200,,tls1.3,https://airportgap.com/api/airports,,
http_req_blocked,1784003714,645.748100,,,,true,,GET,https://airportgap.com/api/airports,HTTP/2.0,default,,200,,tls1.3,https://airportgap.com/api/airports,,
http_req_connecting,1784003714,203.396200,,,,true,,GET,https://airportgap.com/api/airports,HTTP/2.0,default,,200,,tls1.3,https://airportgap.com/api/airports,,
http_req_tls_handshaking,1784003714,254.850900,,,,true,,GET,https://airportgap.com/api/airports,HTTP/2.0,default,,200,,tls1.3,https://airportgap.com/api/airports,,
http_req_sending,1784003714,1.060100,,,,true,,GET,https://airportgap.com/api/airports,HTTP/2.0,default,,200,,tls1.3,https://airportgap.com/api/airports,,
http_req_waiting,1784003714,156.533900,,,,true,,GET,https://airportgap.com/api/airports,HTTP/2.0,default,,200,,tls1.3,https://airportgap.com/api/airports,,
http_req_receiving,1784003714,205.899800,,,,true,,GET,https://airportgap.com/api/airports,HTTP/2.0,default,,200,,tls1.3,https://airportgap.com/api/airports,,
http_req_failed,1784003714,0.000000,,,,true,,GET,https://airportgap.com/api/airports,HTTP/2.0,default,,200,,tls1.3,https://airportgap.com/api/airports,,
checks,1784003714,1.000000,status 200,,,,,,,,default,,,,,,,
checks,1784003714,1.000000,menos de 1000ms,,,,,,,,default,,,,,,,
http_reqs,1784003714,1.000000,,,,true,,GET,https://airportgap.com/api/airports,HTTP/2.0,default,,200,,tls1.3,https://airportgap.com/api/airports,,
http_req_duration,1784003714,364.084500,,,,true,,GET,https://airportgap.com/api/airports,HTTP/2.0,default,,200,,tls1.3,https://airportgap.com/api/airports,,
http_req_blocked,1784003714,645.748100,,,,true,,GET,https://airportgap.com/api/airports,HTTP/2.0,default,,200,,tls1.3,https://airportgap.com/api/airports,,
http_req_connecting,1784003714,202.880300,,,,true,,GET,https://airportgap.com/api/airports,HTTP/2.0,default,,200,,tls1.3,https://airportgap.com/api/airports,,
http_req_tls_handshaking,1784003714,255.366800,,,,true,,GET,https://airportgap.com/api/airports,HTTP/2.0,default,,200,,tls1.3,https://airportgap.com/api/airports,,
http_req_sending,1784003714,1.610900,,,,true,,GET,https://airportgap.com/api/airports,HTTP/2.0,default,,200,,tls1.3,https://airportgap.com/api/airports,,
http_req_waiting,1784003714,188.152800,,,,true,,GET,https://airportgap.com/api/airports,HTTP/2.0,default,,200,,tls1.3,https://airportgap.com/api/airports,,
http_req_receiving,1784003714,174.320800,,,,true,,GET,https://airportgap.com/api/airports,HTTP/2.0,default,,200,,tls1.3,https://airportgap.com/api/airports,,
http_req_failed,1784003714,0.000000,,,,true,,GET,https://airportgap.com/api/airports,HTTP/2.0,default,,200,,tls1.3,https://airportgap.com/api/airports,,
http_reqs,1784003714,1.000000,,,,true,,GET,https://airportgap.com/api/airports,HTTP/2.0,default,,200,,tls1.3,https://airportgap.com/api/airports,,
http_req_duration,1784003714,363.948200,,,,true,,GET,https://airportgap.com/api/airports,HTTP/2.0,default,,200,,tls1.3,https://airportgap.com/api/airports,,
http_req_blocked,1784003714,645.748100,,,,true,,GET,https://airportgap.com/api/airports,HTTP/2.0,default,,200,,tls1.3,https://airportgap.com/api/airports,,
http_req_connecting,1784003714,203.396200,,,,true,,GET,https://airportgap.com/api/airports,HTTP/2.0,default,,200,,tls1.3,https://airportgap.com/api/airports,,
http_req_tls_handshaking,1784003714,255.382100,,,,true,,GET,https://airportgap.com/api/airports,HTTP/2.0,default,,200,,tls1.3,https://airportgap.com/api/airports,,
http_req_sending,1784003714,1.079700,,,,true,,GET,https://airportgap.com/api/airports,HTTP/2.0,default,,200,,tls1.3,https://airportgap.com/api/airports,,
http_req_waiting,1784003714,155.983100,,,,true,,GET,https://airportgap.com/api/airports,HTTP/2.0,default,,200,,tls1.3,https://airportgap.com/api/airports,,
http_req_receiving,1784003714,206.885400,,,,true,,GET,https://airportgap.com/api/airports,HTTP/2.0,default,,200,,tls1.3,https://airportgap.com/api/airports,,
http_req_failed,1784003714,0.000000,,,,true,,GET,https://airportgap.com/api/airports,HTTP/2.0,default,,200,,tls1.3,https://airportgap.com/api/airports,,
checks,1784003714,1.000000,status 200,,,,,,,,default,,,,,,,
checks,1784003714,1.000000,menos de 1000ms,,,,,,,,default,,,,,,,
http_reqs,1784003714,1.000000,,,,true,,GET,https://airportgap.com/api/airports,HTTP/2.0,default,,200,,tls1.3,https://airportgap.com/api/airports,,
http_req_duration,1784003714,363.948200,,,,true,,GET,https://airportgap.com/api/airports,HTTP/2.0,default,,200,,tls1.3,https://airportgap.com/api/airports,,
http_req_blocked,1784003714,645.748100,,,,true,,GET,https://airportgap.com/api/airports,HTTP/2.0,default,,200,,tls1.3,https://airportgap.com/api/airports,,
http_req_connecting,1784003714,202.880300,,,,true,,GET,https://airportgap.com/api/airports,HTTP/2.0,default,,200,,tls1.3,https://airportgap.com/api/airports,,
http_req_tls_handshaking,1784003714,255.382100,,,,true,,GET,https://airportgap.com/api/airports,HTTP/2.0,default,,200,,tls1.3,https://airportgap.com/api/airports,,
http_req_sending,1784003714,1.079700,,,,true,,GET,https://airportgap.com/api/airports,HTTP/2.0,default,,200,,tls1.3,https://airportgap.com/api/airports,,
http_req_waiting,1784003714,191.216400,,,,true,,GET,https://airportgap.com/api/airports,HTTP/2.0,default,,200,,tls1.3,https://airportgap.com/api/airports,,
http_req_receiving,1784003714,171.652100,,,,true,,GET,https://airportgap.com/api/airports,HTTP/2.0,default,,200,,tls1.3,https://airportgap.com/api/airports,,
http_req_failed,1784003714,0.000000,,,,true,,GET,https://airportgap.com/api/airports,HTTP/2.0,default,,200,,tls1.3,https://airportgap.com/api/airports,,
checks,1784003714,1.000000,status 200,,,,,,,,default,,,,,,,
checks,1784003714,1.000000,status 200,,,,,,,,default,,,,,,,
checks,1784003714,1.000000,menos de 1000ms,,,,,,,,default,,,,,,,
checks,1784003714,1.000000,menos de 1000ms,,,,,,,,default,,,,,,,
http_reqs,1784003714,1.000000,,,,true,,GET,https://airportgap.com/api/airports/JFK,HTTP/2.0,default,,200,,tls1.3,https://airportgap.com/api/airports/JFK,,
http_req_duration,1784003714,189.436100,,,,true,,GET,https://airportgap.com/api/airports/JFK,HTTP/2.0,default,,200,,tls1.3,https://airportgap.com/api/airports/JFK,,
http_req_blocked,1784003714,0.000000,,,,true,,GET,https://airportgap.com/api/airports/JFK,HTTP/2.0,default,,200,,tls1.3,https://airportgap.com/api/airports/JFK,,
http_req_connecting,1784003714,0.000000,,,,true,,GET,https://airportgap.com/api/airports/JFK,HTTP/2.0,default,,200,,tls1.3,https://airportgap.com/api/airports/JFK,,
http_req_tls_handshaking,1784003714,0.000000,,,,true,,GET,https://airportgap.com/api/airports/JFK,HTTP/2.0,default,,200,,tls1.3,https://airportgap.com/api/airports/JFK,,
http_req_sending,1784003714,0.000000,,,,true,,GET,https://airportgap.com/api/airports/JFK,HTTP/2.0,default,,200,,tls1.3,https://airportgap.com/api/airports/JFK,,
http_req_waiting,1784003714,189.436100,,,,true,,GET,https://airportgap.com/api/airports/JFK,HTTP/2.0,default,,200,,tls1.3,https://airportgap.com/api/airports/JFK,,
http_req_receiving,1784003714,0.000000,,,,true,,GET,https://airportgap.com/api/airports/JFK,HTTP/2.0,default,,200,,tls1.3,https://airportgap.com/api/airports/JFK,,
http_req_failed,1784003714,0.000000,,,,true,,GET,https://airportgap.com/api/airports/JFK,HTTP/2.0,default,,200,,tls1.3,https://airportgap.com/api/airports/JFK,,
checks,1784003714,1.000000,JFK status 200,,,,,,,,default,,,,,,,
http_reqs,1784003714,1.000000,,,,true,,GET,https://airportgap.com/api/airports/JFK,HTTP/2.0,default,,200,,tls1.3,https://airportgap.com/api/airports/JFK,,
http_req_duration,1784003714,205.472100,,,,true,,GET,https://airportgap.com/api/airports/JFK,HTTP/2.0,default,,200,,tls1.3,https://airportgap.com/api/airports/JFK,,
http_req_blocked,1784003714,0.000000,,,,true,,GET,https://airportgap.com/api/airports/JFK,HTTP/2.0,default,,200,,tls1.3,https://airportgap.com/api/airports/JFK,,
http_req_connecting,1784003714,0.000000,,,,true,,GET,https://airportgap.com/api/airports/JFK,HTTP/2.0,default,,200,,tls1.3,https://airportgap.com/api/airports/JFK,,
http_req_tls_handshaking,1784003714,0.000000,,,,true,,GET,https://airportgap.com/api/airports/JFK,HTTP/2.0,default,,200,,tls1.3,https://airportgap.com/api/airports/JFK,,
http_req_sending,1784003714,0.000000,,,,true,,GET,https://airportgap.com/api/airports/JFK,HTTP/2.0,default,,200,,tls1.3,https://airportgap.com/api/airports/JFK,,
http_req_waiting,1784003714,204.387900,,,,true,,GET,https://airportgap.com/api/airports/JFK,HTTP/2.0,default,,200,,tls1.3,https://airportgap.com/api/airports/JFK,,
http_req_receiving,1784003714,1.084200,,,,true,,GET,https://airportgap.com/api/airports/JFK,HTTP/2.0,default,,200,,tls1.3,https://airportgap.com/api/airports/JFK,,
http_req_failed,1784003714,0.000000,,,,true,,GET,https://airportgap.com/api/airports/JFK,HTTP/2.0,default,,200,,tls1.3,https://airportgap.com/api/airports/JFK,,
http_reqs,1784003714,1.000000,,,,true,,GET,https://airportgap.com/api/airports/JFK,HTTP/2.0,default,,200,,tls1.3,https://airportgap.com/api/airports/JFK,,
http_req_duration,1784003714,203.994600,,,,true,,GET,https://airportgap.com/api/airports/JFK,HTTP/2.0,default,,200,,tls1.3,https://airportgap.com/api/airports/JFK,,
http_req_blocked,1784003714,0.000000,,,,true,,GET,https://airportgap.com/api/airports/JFK,HTTP/2.0,default,,200,,tls1.3,https://airportgap.com/api/airports/JFK,,
http_req_connecting,1784003714,0.000000,,,,true,,GET,https://airportgap.com/api/airports/JFK,HTTP/2.0,default,,200,,tls1.3,https://airportgap.com/api/airports/JFK,,
http_req_tls_handshaking,1784003714,0.000000,,,,true,,GET,https://airportgap.com/api/airports/JFK,HTTP/2.0,default,,200,,tls1.3,https://airportgap.com/api/airports/JFK,,
http_req_sending,1784003714,0.693900,,,,true,,GET,https://airportgap.com/api/airports/JFK,HTTP/2.0,default,,200,,tls1.3,https://airportgap.com/api/airports/JFK,,
http_req_waiting,1784003714,203.300700,,,,true,,GET,https://airportgap.com/api/airports/JFK,HTTP/2.0,default,,200,,tls1.3,https://airportgap.com/api/airports/JFK,,
http_req_receiving,1784003714,0.000000,,,,true,,GET,https://airportgap.com/api/airports/JFK,HTTP/2.0,default,,200,,tls1.3,https://airportgap.com/api/airports/JFK,,
http_req_failed,1784003714,0.000000,,,,true,,GET,https://airportgap.com/api/airports/JFK,HTTP/2.0,default,,200,,tls1.3,https://airportgap.com/api/airports/JFK,,
checks,1784003714,1.000000,JFK status 200,,,,,,,,default,,,,,,,
checks,1784003714,1.000000,JFK status 200,,,,,,,,default,,,,,,,
http_reqs,1784003714,1.000000,,,,true,,GET,https://airportgap.com/api/airports/JFK,HTTP/2.0,default,,200,,tls1.3,https://airportgap.com/api/airports/JFK,,
http_req_duration,1784003714,199.751800,,,,true,,GET,https://airportgap.com/api/airports/JFK,HTTP/2.0,default,,200,,tls1.3,https://airportgap.com/api/airports/JFK,,
http_req_blocked,1784003714,0.000000,,,,true,,GET,https://airportgap.com/api/airports/JFK,HTTP/2.0,default,,200,,tls1.3,https://airportgap.com/api/airports/JFK,,
http_req_connecting,1784003714,0.000000,,,,true,,GET,https://airportgap.com/api/airports/JFK,HTTP/2.0,default,,200,,tls1.3,https://airportgap.com/api/airports/JFK,,
http_req_tls_handshaking,1784003714,0.000000,,,,true,,GET,https://airportgap.com/api/airports/JFK,HTTP/2.0,default,,200,,tls1.3,https://airportgap.com/api/airports/JFK,,
http_req_sending,1784003714,0.000000,,,,true,,GET,https://airportgap.com/api/airports/JFK,HTTP/2.0,default,,200,,tls1.3,https://airportgap.com/api/airports/JFK,,
http_req_waiting,1784003714,199.751800,,,,true,,GET,https://airportgap.com/api/airports/JFK,HTTP/2.0,default,,200,,tls1.3,https://airportgap.com/api/airports/JFK,,
http_req_receiving,1784003714,0.000000,,,,true,,GET,https://airportgap.com/api/airports/JFK,HTTP/2.0,default,,200,,tls1.3,https://airportgap.com/api/airports/JFK,,
http_req_failed,1784003714,0.000000,,,,true,,GET,https://airportgap.com/api/airports/JFK,HTTP/2.0,default,,200,,tls1.3,https://airportgap.com/api/airports/JFK,,
http_reqs,1784003714,1.000000,,,,true,,GET,https://airportgap.com/api/airports/JFK,HTTP/2.0,default,,200,,tls1.3,https://airportgap.com/api/airports/JFK,,
http_req_duration,1784003714,203.300700,,,,true,,GET,https://airportgap.com/api/airports/JFK,HTTP/2.0,default,,200,,tls1.3,https://airportgap.com/api/airports/JFK,,
http_req_blocked,1784003714,0.000000,,,,true,,GET,https://airportgap.com/api/airports/JFK,HTTP/2.0,default,,200,,tls1.3,https://airportgap.com/api/airports/JFK,,
http_req_connecting,1784003714,0.000000,,,,true,,GET,https://airportgap.com/api/airports/JFK,HTTP/2.0,default,,200,,tls1.3,https://airportgap.com/api/airports/JFK,,
http_req_tls_handshaking,1784003714,0.000000,,,,true,,GET,https://airportgap.com/api/airports/JFK,HTTP/2.0,default,,200,,tls1.3,https://airportgap.com/api/airports/JFK,,
http_req_sending,1784003714,0.663700,,,,true,,GET,https://airportgap.com/api/airports/JFK,HTTP/2.0,default,,200,,tls1.3,https://airportgap.com/api/airports/JFK,,
http_req_waiting,1784003714,202.637000,,,,true,,GET,https://airportgap.com/api/airports/JFK,HTTP/2.0,default,,200,,tls1.3,https://airportgap.com/api/airports/JFK,,
http_req_receiving,1784003714,0.000000,,,,true,,GET,https://airportgap.com/api/airports/JFK,HTTP/2.0,default,,200,,tls1.3,https://airportgap.com/api/airports/JFK,,
http_req_failed,1784003714,0.000000,,,,true,,GET,https://airportgap.com/api/airports/JFK,HTTP/2.0,default,,200,,tls1.3,https://airportgap.com/api/airports/JFK,,
http_reqs,1784003714,1.000000,,,,true,,GET,https://airportgap.com/api/airports/JFK,HTTP/2.0,default,,200,,tls1.3,https://airportgap.com/api/airports/JFK,,
http_req_duration,1784003714,202.637000,,,,true,,GET,https://airportgap.com/api/airports/JFK,HTTP/2.0,default,,200,,tls1.3,https://airportgap.com/api/airports/JFK,,
http_req_blocked,1784003714,0.000000,,,,true,,GET,https://airportgap.com/api/airports/JFK,HTTP/2.0,default,,200,,tls1.3,https://airportgap.com/api/airports/JFK,,
http_req_connecting,1784003714,0.000000,,,,true,,GET,https://airportgap.com/api/airports/JFK,HTTP/2.0,default,,200,,tls1.3,https://airportgap.com/api/airports/JFK,,
http_req_tls_handshaking,1784003714,0.000000,,,,true,,GET,https://airportgap.com/api/airports/JFK,HTTP/2.0,default,,200,,tls1.3,https://airportgap.com/api/airports/JFK,,
http_req_sending,1784003714,0.000000,,,,true,,GET,https://airportgap.com/api/airports/JFK,HTTP/2.0,default,,200,,tls1.3,https://airportgap.com/api/airports/JFK,,
http_req_waiting,1784003714,202.637000,,,,true,,GET,https://airportgap.com/api/airports/JFK,HTTP/2.0,default,,200,,tls1.3,https://airportgap.com/api/airports/JFK,,
http_req_receiving,1784003714,0.000000,,,,true,,GET,https://airportgap.com/api/airports/JFK,HTTP/2.0,default,,200,,tls1.3,https://airportgap.com/api/airports/JFK,,
http_req_failed,1784003714,0.000000,,,,true,,GET,https://airportgap.com/api/airports/JFK,HTTP/2.0,default,,200,,tls1.3,https://airportgap.com/api/airports/JFK,,
checks,1784003714,1.000000,JFK status 200,,,,,,,,default,,,,,,,
http_reqs,1784003714,1.000000,,,,true,,GET,https://airportgap.com/api/airports/JFK,HTTP/2.0,default,,200,,tls1.3,https://airportgap.com/api/airports/JFK,,
http_req_duration,1784003714,202.637000,,,,true,,GET,https://airportgap.com/api/airports/JFK,HTTP/2.0,default,,200,,tls1.3,https://airportgap.com/api/airports/JFK,,
http_req_blocked,1784003714,0.000000,,,,true,,GET,https://airportgap.com/api/airports/JFK,HTTP/2.0,default,,200,,tls1.3,https://airportgap.com/api/airports/JFK,,
http_req_connecting,1784003714,0.000000,,,,true,,GET,https://airportgap.com/api/airports/JFK,HTTP/2.0,default,,200,,tls1.3,https://airportgap.com/api/airports/JFK,,
http_req_tls_handshaking,1784003714,0.000000,,,,true,,GET,https://airportgap.com/api/airports/JFK,HTTP/2.0,default,,200,,tls1.3,https://airportgap.com/api/airports/JFK,,
http_req_sending,1784003714,0.514100,,,,true,,GET,https://airportgap.com/api/airports/JFK,HTTP/2.0,default,,200,,tls1.3,https://airportgap.com/api/airports/JFK,,
http_req_waiting,1784003714,202.122900,,,,true,,GET,https://airportgap.com/api/airports/JFK,HTTP/2.0,default,,200,,tls1.3,https://airportgap.com/api/airports/JFK,,
http_req_receiving,1784003714,0.000000,,,,true,,GET,https://airportgap.com/api/airports/JFK,HTTP/2.0,default,,200,,tls1.3,https://airportgap.com/api/airports/JFK,,
http_req_failed,1784003714,0.000000,,,,true,,GET,https://airportgap.com/api/airports/JFK,HTTP/2.0,default,,200,,tls1.3,https://airportgap.com/api/airports/JFK,,
checks,1784003714,1.000000,JFK status 200,,,,,,,,default,,,,,,,
checks,1784003714,1.000000,JFK status 200,,,,,,,,default,,,,,,,
checks,1784003714,1.000000,JFK status 200,,,,,,,,default,,,,,,,
http_reqs,1784003714,1.000000,,,,true,,GET,https://airportgap.com/api/airports/JFK,HTTP/2.0,default,,200,,tls1.3,https://airportgap.com/api/airports/JFK,,
http_req_duration,1784003714,199.356900,,,,true,,GET,https://airportgap.com/api/airports/JFK,HTTP/2.0,default,,200,,tls1.3,https://airportgap.com/api/airports/JFK,,
http_req_blocked,1784003714,0.000000,,,,true,,GET,https://airportgap.com/api/airports/JFK,HTTP/2.0,default,,200,,tls1.3,https://airportgap.com/api/airports/JFK,,
http_req_connecting,1784003714,0.000000,,,,true,,GET,https://airportgap.com/api/airports/JFK,HTTP/2.0,default,,200,,tls1.3,https://airportgap.com/api/airports/JFK,,
http_req_tls_handshaking,1784003714,0.000000,,,,true,,GET,https://airportgap.com/api/airports/JFK,HTTP/2.0,default,,200,,tls1.3,https://airportgap.com/api/airports/JFK,,
http_req_sending,1784003714,0.000000,,,,true,,GET,https://airportgap.com/api/airports/JFK,HTTP/2.0,default,,200,,tls1.3,https://airportgap.com/api/airports/JFK,,
http_req_waiting,1784003714,199.356900,,,,true,,GET,https://airportgap.com/api/airports/JFK,HTTP/2.0,default,,200,,tls1.3,https://airportgap.com/api/airports/JFK,,
http_req_receiving,1784003714,0.000000,,,,true,,GET,https://airportgap.com/api/airports/JFK,HTTP/2.0,default,,200,,tls1.3,https://airportgap.com/api/airports/JFK,,
http_req_failed,1784003714,0.000000,,,,true,,GET,https://airportgap.com/api/airports/JFK,HTTP/2.0,default,,200,,tls1.3,https://airportgap.com/api/airports/JFK,,
checks,1784003714,1.000000,JFK status 200,,,,,,,,default,,,,,,,
http_reqs,1784003714,1.000000,,,,true,,GET,https://airportgap.com/api/airports/JFK,HTTP/2.0,default,,200,,tls1.3,https://airportgap.com/api/airports/JFK,,
http_req_duration,1784003714,199.356900,,,,true,,GET,https://airportgap.com/api/airports/JFK,HTTP/2.0,default,,200,,tls1.3,https://airportgap.com/api/airports/JFK,,
http_req_blocked,1784003714,0.000000,,,,true,,GET,https://airportgap.com/api/airports/JFK,HTTP/2.0,default,,200,,tls1.3,https://airportgap.com/api/airports/JFK,,
http_req_connecting,1784003714,0.000000,,,,true,,GET,https://airportgap.com/api/airports/JFK,HTTP/2.0,default,,200,,tls1.3,https://airportgap.com/api/airports/JFK,,
http_req_tls_handshaking,1784003714,0.000000,,,,true,,GET,https://airportgap.com/api/airports/JFK,HTTP/2.0,default,,200,,tls1.3,https://airportgap.com/api/airports/JFK,,
http_req_sending,1784003714,0.000000,,,,true,,GET,https://airportgap.com/api/airports/JFK,HTTP/2.0,default,,200,,tls1.3,https://airportgap.com/api/airports/JFK,,
http_req_waiting,1784003714,199.356900,,,,true,,GET,https://airportgap.com/api/airports/JFK,HTTP/2.0,default,,200,,tls1.3,https://airportgap.com/api/airports/JFK,,
http_req_receiving,1784003714,0.000000,,,,true,,GET,https://airportgap.com/api/airports/JFK,HTTP/2.0,default,,200,,tls1.3,https://airportgap.com/api/airports/JFK,,
http_req_failed,1784003714,0.000000,,,,true,,GET,https://airportgap.com/api/airports/JFK,HTTP/2.0,default,,200,,tls1.3,https://airportgap.com/api/airports/JFK,,
checks,1784003714,1.000000,JFK status 200,,,,,,,,default,,,,,,,
http_reqs,1784003714,1.000000,,,,true,,GET,https://airportgap.com/api/airports/JFK,HTTP/2.0,default,,200,,tls1.3,https://airportgap.com/api/airports/JFK,,
http_req_duration,1784003714,199.356900,,,,true,,GET,https://airportgap.com/api/airports/JFK,HTTP/2.0,default,,200,,tls1.3,https://airportgap.com/api/airports/JFK,,
http_req_blocked,1784003714,0.000000,,,,true,,GET,https://airportgap.com/api/airports/JFK,HTTP/2.0,default,,200,,tls1.3,https://airportgap.com/api/airports/JFK,,
http_req_connecting,1784003714,0.000000,,,,true,,GET,https://airportgap.com/api/airports/JFK,HTTP/2.0,default,,200,,tls1.3,https://airportgap.com/api/airports/JFK,,
http_req_tls_handshaking,1784003714,0.000000,,,,true,,GET,https://airportgap.com/api/airports/JFK,HTTP/2.0,default,,200,,tls1.3,https://airportgap.com/api/airports/JFK,,
http_req_sending,1784003714,0.000000,,,,true,,GET,https://airportgap.com/api/airports/JFK,HTTP/2.0,default,,200,,tls1.3,https://airportgap.com/api/airports/JFK,,
http_req_waiting,1784003714,199.356900,,,,true,,GET,https://airportgap.com/api/airports/JFK,HTTP/2.0,default,,200,,tls1.3,https://airportgap.com/api/airports/JFK,,
http_req_receiving,1784003714,0.000000,,,,true,,GET,https://airportgap.com/api/airports/JFK,HTTP/2.0,default,,200,,tls1.3,https://airportgap.com/api/airports/JFK,,
http_req_failed,1784003714,0.000000,,,,true,,GET,https://airportgap.com/api/airports/JFK,HTTP/2.0,default,,200,,tls1.3,https://airportgap.com/api/airports/JFK,,
checks,1784003714,1.000000,JFK status 200,,,,,,,,default,,,,,,,
vus,1784003715,10.000000,,,,,,,,,,,,,,,,
vus_max,1784003715,10.000000,,,,,,,,,,,,,,,,
data_sent,1784003715,1878.000000,,,,,,,,,default,,,,,,,
data_received,1784003715,13194.000000,,,,,,,,,default,,,,,,,
iteration_duration,1784003715,2014.107200,,,,,,,,,default,,,,,,,
iterations,1784003715,1.000000,,,,,,,,,default,,,,,,,
http_reqs,1784003715,1.000000,,,,true,,GET,https://airportgap.com/api/airports,HTTP/2.0,default,,200,,tls1.3,https://airportgap.com/api/airports,,
http_req_duration,1784003715,136.397400,,,,true,,GET,https://airportgap.com/api/airports,HTTP/2.0,default,,200,,tls1.3,https://airportgap.com/api/airports,,
http_req_blocked,1784003715,0.000000,,,,true,,GET,https://airportgap.com/api/airports,HTTP/2.0,default,,200,,tls1.3,https://airportgap.com/api/airports,,
http_req_connecting,1784003715,0.000000,,,,true,,GET,https://airportgap.com/api/airports,HTTP/2.0,default,,200,,tls1.3,https://airportgap.com/api/airports,,
http_req_tls_handshaking,1784003715,0.000000,,,,true,,GET,https://airportgap.com/api/airports,HTTP/2.0,default,,200,,tls1.3,https://airportgap.com/api/airports,,
http_req_sending,1784003715,0.000000,,,,true,,GET,https://airportgap.com/api/airports,HTTP/2.0,default,,200,,tls1.3,https://airportgap.com/api/airports,,
http_req_waiting,1784003715,136.397400,,,,true,,GET,https://airportgap.com/api/airports,HTTP/2.0,default,,200,,tls1.3,https://airportgap.com/api/airports,,
http_req_receiving,1784003715,0.000000,,,,true,,GET,https://airportgap.com/api/airports,HTTP/2.0,default,,200,,tls1.3,https://airportgap.com/api/airports,,
http_req_failed,1784003715,0.000000,,,,true,,GET,https://airportgap.com/api/airports,HTTP/2.0,default,,200,,tls1.3,https://airportgap.com/api/airports,,
checks,1784003715,1.000000,status 200,,,,,,,,default,,,,,,,
checks,1784003715,1.000000,menos de 1000ms,,,,,,,,default,,,,,,,
data_sent,1784003715,1878.000000,,,,,,,,,default,,,,,,,
data_received,1784003715,13216.000000,,,,,,,,,default,,,,,,,
iteration_duration,1784003715,2213.208100,,,,,,,,,default,,,,,,,
iterations,1784003715,1.000000,,,,,,,,,default,,,,,,,
data_sent,1784003715,1878.000000,,,,,,,,,default,,,,,,,
data_received,1784003715,13216.000000,,,,,,,,,default,,,,,,,
iteration_duration,1784003715,2213.208100,,,,,,,,,default,,,,,,,
iterations,1784003715,1.000000,,,,,,,,,default,,,,,,,
data_sent,1784003715,1878.000000,,,,,,,,,default,,,,,,,
data_received,1784003715,13239.000000,,,,,,,,,default,,,,,,,
iteration_duration,1784003715,2213.719800,,,,,,,,,default,,,,,,,
iterations,1784003715,1.000000,,,,,,,,,default,,,,,,,
data_sent,1784003715,1878.000000,,,,,,,,,default,,,,,,,
data_received,1784003715,13216.000000,,,,,,,,,default,,,,,,,
iteration_duration,1784003715,2213.719800,,,,,,,,,default,,,,,,,
iterations,1784003715,1.000000,,,,,,,,,default,,,,,,,
data_sent,1784003715,1878.000000,,,,,,,,,default,,,,,,,
data_received,1784003715,13216.000000,,,,,,,,,default,,,,,,,
iteration_duration,1784003715,2213.719800,,,,,,,,,default,,,,,,,
iterations,1784003715,1.000000,,,,,,,,,default,,,,,,,
data_sent,1784003715,1878.000000,,,,,,,,,default,,,,,,,
data_received,1784003715,13216.000000,,,,,,,,,default,,,,,,,
iteration_duration,1784003715,2213.719800,,,,,,,,,default,,,,,,,
iterations,1784003715,1.000000,,,,,,,,,default,,,,,,,
data_sent,1784003715,1878.000000,,,,,,,,,default,,,,,,,
data_received,1784003715,13216.000000,,,,,,,,,default,,,,,,,
iteration_duration,1784003715,2213.719800,,,,,,,,,default,,,,,,,
iterations,1784003715,1.000000,,,,,,,,,default,,,,,,,
data_sent,1784003715,1878.000000,,,,,,,,,default,,,,,,,
data_received,1784003715,13215.000000,,,,,,,,,default,,,,,,,
iteration_duration,1784003715,2213.719800,,,,,,,,,default,,,,,,,
iterations,1784003715,1.000000,,,,,,,,,default,,,,,,,
data_sent,1784003715,1878.000000,,,,,,,,,default,,,,,,,
data_received,1784003715,13238.000000,,,,,,,,,default,,,,,,,
iteration_duration,1784003715,2213.719800,,,,,,,,,default,,,,,,,
iterations,1784003715,1.000000,,,,,,,,,default,,,,,,,
http_reqs,1784003716,1.000000,,,,true,,GET,https://airportgap.com/api/airports/JFK,HTTP/2.0,default,,200,,tls1.3,https://airportgap.com/api/airports/JFK,,
http_req_duration,1784003716,126.545200,,,,true,,GET,https://airportgap.com/api/airports/JFK,HTTP/2.0,default,,200,,tls1.3,https://airportgap.com/api/airports/JFK,,
http_req_blocked,1784003716,0.000000,,,,true,,GET,https://airportgap.com/api/airports/JFK,HTTP/2.0,default,,200,,tls1.3,https://airportgap.com/api/airports/JFK,,
http_req_connecting,1784003716,0.000000,,,,true,,GET,https://airportgap.com/api/airports/JFK,HTTP/2.0,default,,200,,tls1.3,https://airportgap.com/api/airports/JFK,,
http_req_tls_handshaking,1784003716,0.000000,,,,true,,GET,https://airportgap.com/api/airports/JFK,HTTP/2.0,default,,200,,tls1.3,https://airportgap.com/api/airports/JFK,,
http_req_sending,1784003716,0.000000,,,,true,,GET,https://airportgap.com/api/airports/JFK,HTTP/2.0,default,,200,,tls1.3,https://airportgap.com/api/airports/JFK,,
http_req_waiting,1784003716,125.657600,,,,true,,GET,https://airportgap.com/api/airports/JFK,HTTP/2.0,default,,200,,tls1.3,https://airportgap.com/api/airports/JFK,,
http_req_receiving,1784003716,0.887600,,,,true,,GET,https://airportgap.com/api/airports/JFK,HTTP/2.0,default,,200,,tls1.3,https://airportgap.com/api/airports/JFK,,
http_req_failed,1784003716,0.000000,,,,true,,GET,https://airportgap.com/api/airports/JFK,HTTP/2.0,default,,200,,tls1.3,https://airportgap.com/api/airports/JFK,,
checks,1784003716,1.000000,JFK status 200,,,,,,,,default,,,,,,,
http_reqs,1784003716,1.000000,,,,true,,GET,https://airportgap.com/api/airports,HTTP/2.0,default,,200,,tls1.3,https://airportgap.com/api/airports,,
http_req_duration,1784003716,135.267900,,,,true,,GET,https://airportgap.com/api/airports,HTTP/2.0,default,,200,,tls1.3,https://airportgap.com/api/airports,,
http_req_blocked,1784003716,0.000000,,,,true,,GET,https://airportgap.com/api/airports,HTTP/2.0,default,,200,,tls1.3,https://airportgap.com/api/airports,,
http_req_connecting,1784003716,0.000000,,,,true,,GET,https://airportgap.com/api/airports,HTTP/2.0,default,,200,,tls1.3,https://airportgap.com/api/airports,,
http_req_tls_handshaking,1784003716,0.000000,,,,true,,GET,https://airportgap.com/api/airports,HTTP/2.0,default,,200,,tls1.3,https://airportgap.com/api/airports,,
http_req_sending,1784003716,0.000000,,,,true,,GET,https://airportgap.com/api/airports,HTTP/2.0,default,,200,,tls1.3,https://airportgap.com/api/airports,,
http_req_waiting,1784003716,135.267900,,,,true,,GET,https://airportgap.com/api/airports,HTTP/2.0,default,,200,,tls1.3,https://airportgap.com/api/airports,,
http_req_receiving,1784003716,0.000000,,,,true,,GET,https://airportgap.com/api/airports,HTTP/2.0,default,,200,,tls1.3,https://airportgap.com/api/airports,,
http_req_failed,1784003716,0.000000,,,,true,,GET,https://airportgap.com/api/airports,HTTP/2.0,default,,200,,tls1.3,https://airportgap.com/api/airports,,
checks,1784003716,1.000000,status 200,,,,,,,,default,,,,,,,
checks,1784003716,1.000000,menos de 1000ms,,,,,,,,default,,,,,,,
http_reqs,1784003716,1.000000,,,,true,,GET,https://airportgap.com/api/airports,HTTP/2.0,default,,200,,tls1.3,https://airportgap.com/api/airports,,
http_req_duration,1784003716,147.623400,,,,true,,GET,https://airportgap.com/api/airports,HTTP/2.0,default,,200,,tls1.3,https://airportgap.com/api/airports,,
http_req_blocked,1784003716,0.000000,,,,true,,GET,https://airportgap.com/api/airports,HTTP/2.0,default,,200,,tls1.3,https://airportgap.com/api/airports,,
http_req_connecting,1784003716,0.000000,,,,true,,GET,https://airportgap.com/api/airports,HTTP/2.0,default,,200,,tls1.3,https://airportgap.com/api/airports,,
http_req_tls_handshaking,1784003716,0.000000,,,,true,,GET,https://airportgap.com/api/airports,HTTP/2.0,default,,200,,tls1.3,https://airportgap.com/api/airports,,
http_req_sending,1784003716,0.000000,,,,true,,GET,https://airportgap.com/api/airports,HTTP/2.0,default,,200,,tls1.3,https://airportgap.com/api/airports,,
http_req_waiting,1784003716,146.695600,,,,true,,GET,https://airportgap.com/api/airports,HTTP/2.0,default,,200,,tls1.3,https://airportgap.com/api/airports,,
http_req_receiving,1784003716,0.927800,,,,true,,GET,https://airportgap.com/api/airports,HTTP/2.0,default,,200,,tls1.3,https://airportgap.com/api/airports,,
http_req_failed,1784003716,0.000000,,,,true,,GET,https://airportgap.com/api/airports,HTTP/2.0,default,,200,,tls1.3,https://airportgap.com/api/airports,,
checks,1784003716,1.000000,status 200,,,,,,,,default,,,,,,,
checks,1784003716,1.000000,menos de 1000ms,,,,,,,,default,,,,,,,
http_reqs,1784003716,1.000000,,,,true,,GET,https://airportgap.com/api/airports,HTTP/2.0,default,,200,,tls1.3,https://airportgap.com/api/airports,,
http_req_duration,1784003716,148.150400,,,,true,,GET,https://airportgap.com/api/airports,HTTP/2.0,default,,200,,tls1.3,https://airportgap.com/api/airports,,
http_req_blocked,1784003716,0.000000,,,,true,,GET,https://airportgap.com/api/airports,HTTP/2.0,default,,200,,tls1.3,https://airportgap.com/api/airports,,
http_req_connecting,1784003716,0.000000,,,,true,,GET,https://airportgap.com/api/airports,HTTP/2.0,default,,200,,tls1.3,https://airportgap.com/api/airports,,
http_req_tls_handshaking,1784003716,0.000000,,,,true,,GET,https://airportgap.com/api/airports,HTTP/2.0,default,,200,,tls1.3,https://airportgap.com/api/airports,,
http_req_sending,1784003716,0.000000,,,,true,,GET,https://airportgap.com/api/airports,HTTP/2.0,default,,200,,tls1.3,https://airportgap.com/api/airports,,
http_req_waiting,1784003716,147.623400,,,,true,,GET,https://airportgap.com/api/airports,HTTP/2.0,default,,200,,tls1.3,https://airportgap.com/api/airports,,
http_req_receiving,1784003716,0.527000,,,,true,,GET,https://airportgap.com/api/airports,HTTP/2.0,default,,200,,tls1.3,https://airportgap.com/api/airports,,
http_req_failed,1784003716,0.000000,,,,true,,GET,https://airportgap.com/api/airports,HTTP/2.0,default,,200,,tls1.3,https://airportgap.com/api/airports,,
checks,1784003716,1.000000,status 200,,,,,,,,default,,,,,,,
checks,1784003716,1.000000,menos de 1000ms,,,,,,,,default,,,,,,,
http_reqs,1784003716,1.000000,,,,true,,GET,https://airportgap.com/api/airports,HTTP/2.0,default,,200,,tls1.3,https://airportgap.com/api/airports,,
http_req_duration,1784003716,174.887000,,,,true,,GET,https://airportgap.com/api/airports,HTTP/2.0,default,,200,,tls1.3,https://airportgap.com/api/airports,,
http_req_blocked,1784003716,0.000000,,,,true,,GET,https://airportgap.com/api/airports,HTTP/2.0,default,,200,,tls1.3,https://airportgap.com/api/airports,,
http_req_connecting,1784003716,0.000000,,,,true,,GET,https://airportgap.com/api/airports,HTTP/2.0,default,,200,,tls1.3,https://airportgap.com/api/airports,,
http_req_tls_handshaking,1784003716,0.000000,,,,true,,GET,https://airportgap.com/api/airports,HTTP/2.0,default,,200,,tls1.3,https://airportgap.com/api/airports,,
http_req_sending,1784003716,0.000000,,,,true,,GET,https://airportgap.com/api/airports,HTTP/2.0,default,,200,,tls1.3,https://airportgap.com/api/airports,,
http_req_waiting,1784003716,172.797700,,,,true,,GET,https://airportgap.com/api/airports,HTTP/2.0,default,,200,,tls1.3,https://airportgap.com/api/airports,,
http_req_receiving,1784003716,2.089300,,,,true,,GET,https://airportgap.com/api/airports,HTTP/2.0,default,,200,,tls1.3,https://airportgap.com/api/airports,,
http_req_failed,1784003716,0.000000,,,,true,,GET,https://airportgap.com/api/airports,HTTP/2.0,default,,200,,tls1.3,https://airportgap.com/api/airports,,
checks,1784003716,1.000000,status 200,,,,,,,,default,,,,,,,
checks,1784003716,1.000000,menos de 1000ms,,,,,,,,default,,,,,,,
http_reqs,1784003716,1.000000,,,,true,,GET,https://airportgap.com/api/airports,HTTP/2.0,default,,200,,tls1.3,https://airportgap.com/api/airports,,
http_req_duration,1784003716,174.887000,,,,true,,GET,https://airportgap.com/api/airports,HTTP/2.0,default,,200,,tls1.3,https://airportgap.com/api/airports,,
http_req_blocked,1784003716,0.000000,,,,true,,GET,https://airportgap.com/api/airports,HTTP/2.0,default,,200,,tls1.3,https://airportgap.com/api/airports,,
http_req_connecting,1784003716,0.000000,,,,true,,GET,https://airportgap.com/api/airports,HTTP/2.0,default,,200,,tls1.3,https://airportgap.com/api/airports,,
http_req_tls_handshaking,1784003716,0.000000,,,,true,,GET,https://airportgap.com/api/airports,HTTP/2.0,default,,200,,tls1.3,https://airportgap.com/api/airports,,
http_req_sending,1784003716,0.000000,,,,true,,GET,https://airportgap.com/api/airports,HTTP/2.0,default,,200,,tls1.3,https://airportgap.com/api/airports,,
http_req_waiting,1784003716,174.887000,,,,true,,GET,https://airportgap.com/api/airports,HTTP/2.0,default,,200,,tls1.3,https://airportgap.com/api/airports,,
http_req_receiving,1784003716,0.000000,,,,true,,GET,https://airportgap.com/api/airports,HTTP/2.0,default,,200,,tls1.3,https://airportgap.com/api/airports,,
http_req_failed,1784003716,0.000000,,,,true,,GET,https://airportgap.com/api/airports,HTTP/2.0,default,,200,,tls1.3,https://airportgap.com/api/airports,,
checks,1784003716,1.000000,status 200,,,,,,,,default,,,,,,,
checks,1784003716,1.000000,menos de 1000ms,,,,,,,,default,,,,,,,
http_reqs,1784003716,1.000000,,,,true,,GET,https://airportgap.com/api/airports,HTTP/2.0,default,,200,,tls1.3,https://airportgap.com/api/airports,,
http_req_duration,1784003716,175.521500,,,,true,,GET,https://airportgap.com/api/airports,HTTP/2.0,default,,200,,tls1.3,https://airportgap.com/api/airports,,
http_req_blocked,1784003716,0.000000,,,,true,,GET,https://airportgap.com/api/airports,HTTP/2.0,default,,200,,tls1.3,https://airportgap.com/api/airports,,
http_req_connecting,1784003716,0.000000,,,,true,,GET,https://airportgap.com/api/airports,HTTP/2.0,default,,200,,tls1.3,https://airportgap.com/api/airports,,
http_req_tls_handshaking,1784003716,0.000000,,,,true,,GET,https://airportgap.com/api/airports,HTTP/2.0,default,,200,,tls1.3,https://airportgap.com/api/airports,,
http_req_sending,1784003716,0.698500,,,,true,,GET,https://airportgap.com/api/airports,HTTP/2.0,default,,200,,tls1.3,https://airportgap.com/api/airports,,
http_req_waiting,1784003716,174.188500,,,,true,,GET,https://airportgap.com/api/airports,HTTP/2.0,default,,200,,tls1.3,https://airportgap.com/api/airports,,
http_req_receiving,1784003716,0.634500,,,,true,,GET,https://airportgap.com/api/airports,HTTP/2.0,default,,200,,tls1.3,https://airportgap.com/api/airports,,
http_req_failed,1784003716,0.000000,,,,true,,GET,https://airportgap.com/api/airports,HTTP/2.0,default,,200,,tls1.3,https://airportgap.com/api/airports,,
checks,1784003716,1.000000,status 200,,,,,,,,default,,,,,,,
checks,1784003716,1.000000,menos de 1000ms,,,,,,,,default,,,,,,,
http_reqs,1784003716,1.000000,,,,true,,GET,https://airportgap.com/api/airports,HTTP/2.0,default,,200,,tls1.3,https://airportgap.com/api/airports,,
http_req_duration,1784003716,197.102500,,,,true,,GET,https://airportgap.com/api/airports,HTTP/2.0,default,,200,,tls1.3,https://airportgap.com/api/airports,,
http_req_blocked,1784003716,0.000000,,,,true,,GET,https://airportgap.com/api/airports,HTTP/2.0,default,,200,,tls1.3,https://airportgap.com/api/airports,,
http_req_connecting,1784003716,0.000000,,,,true,,GET,https://airportgap.com/api/airports,HTTP/2.0,default,,200,,tls1.3,https://airportgap.com/api/airports,,
http_req_tls_handshaking,1784003716,0.000000,,,,true,,GET,https://airportgap.com/api/airports,HTTP/2.0,default,,200,,tls1.3,https://airportgap.com/api/airports,,
http_req_sending,1784003716,0.000000,,,,true,,GET,https://airportgap.com/api/airports,HTTP/2.0,default,,200,,tls1.3,https://airportgap.com/api/airports,,
http_req_waiting,1784003716,196.411600,,,,true,,GET,https://airportgap.com/api/airports,HTTP/2.0,default,,200,,tls1.3,https://airportgap.com/api/airports,,
http_req_receiving,1784003716,0.690900,,,,true,,GET,https://airportgap.com/api/airports,HTTP/2.0,default,,200,,tls1.3,https://airportgap.com/api/airports,,
http_req_failed,1784003716,0.000000,,,,true,,GET,https://airportgap.com/api/airports,HTTP/2.0,default,,200,,tls1.3,https://airportgap.com/api/airports,,
http_reqs,1784003716,1.000000,,,,true,,GET,https://airportgap.com/api/airports,HTTP/2.0,default,,200,,tls1.3,https://airportgap.com/api/airports,,
http_req_duration,1784003716,197.102500,,,,true,,GET,https://airportgap.com/api/airports,HTTP/2.0,default,,200,,tls1.3,https://airportgap.com/api/airports,,
http_req_blocked,1784003716,0.000000,,,,true,,GET,https://airportgap.com/api/airports,HTTP/2.0,default,,200,,tls1.3,https://airportgap.com/api/airports,,
http_req_connecting,1784003716,0.000000,,,,true,,GET,https://airportgap.com/api/airports,HTTP/2.0,default,,200,,tls1.3,https://airportgap.com/api/airports,,
http_req_tls_handshaking,1784003716,0.000000,,,,true,,GET,https://airportgap.com/api/airports,HTTP/2.0,default,,200,,tls1.3,https://airportgap.com/api/airports,,
http_req_sending,1784003716,0.000000,,,,true,,GET,https://airportgap.com/api/airports,HTTP/2.0,default,,200,,tls1.3,https://airportgap.com/api/airports,,
http_req_waiting,1784003716,196.411600,,,,true,,GET,https://airportgap.com/api/airports,HTTP/2.0,default,,200,,tls1.3,https://airportgap.com/api/airports,,
http_req_receiving,1784003716,0.690900,,,,true,,GET,https://airportgap.com/api/airports,HTTP/2.0,default,,200,,tls1.3,https://airportgap.com/api/airports,,
http_req_failed,1784003716,0.000000,,,,true,,GET,https://airportgap.com/api/airports,HTTP/2.0,default,,200,,tls1.3,https://airportgap.com/api/airports,,
checks,1784003716,1.000000,status 200,,,,,,,,default,,,,,,,
checks,1784003716,1.000000,menos de 1000ms,,,,,,,,default,,,,,,,
checks,1784003716,1.000000,status 200,,,,,,,,default,,,,,,,
http_reqs,1784003716,1.000000,,,,true,,GET,https://airportgap.com/api/airports,HTTP/2.0,default,,200,,tls1.3,https://airportgap.com/api/airports,,
http_req_duration,1784003716,197.563000,,,,true,,GET,https://airportgap.com/api/airports,HTTP/2.0,default,,200,,tls1.3,https://airportgap.com/api/airports,,
http_req_blocked,1784003716,0.000000,,,,true,,GET,https://airportgap.com/api/airports,HTTP/2.0,default,,200,,tls1.3,https://airportgap.com/api/airports,,
http_req_connecting,1784003716,0.000000,,,,true,,GET,https://airportgap.com/api/airports,HTTP/2.0,default,,200,,tls1.3,https://airportgap.com/api/airports,,
http_req_tls_handshaking,1784003716,0.000000,,,,true,,GET,https://airportgap.com/api/airports,HTTP/2.0,default,,200,,tls1.3,https://airportgap.com/api/airports,,
http_req_sending,1784003716,0.000000,,,,true,,GET,https://airportgap.com/api/airports,HTTP/2.0,default,,200,,tls1.3,https://airportgap.com/api/airports,,
http_req_waiting,1784003716,197.102500,,,,true,,GET,https://airportgap.com/api/airports,HTTP/2.0,default,,200,,tls1.3,https://airportgap.com/api/airports,,
http_req_receiving,1784003716,0.460500,,,,true,,GET,https://airportgap.com/api/airports,HTTP/2.0,default,,200,,tls1.3,https://airportgap.com/api/airports,,
http_req_failed,1784003716,0.000000,,,,true,,GET,https://airportgap.com/api/airports,HTTP/2.0,default,,200,,tls1.3,https://airportgap.com/api/airports,,
checks,1784003716,1.000000,menos de 1000ms,,,,,,,,default,,,,,,,
checks,1784003716,1.000000,status 200,,,,,,,,default,,,,,,,
checks,1784003716,1.000000,menos de 1000ms,,,,,,,,default,,,,,,,
http_reqs,1784003716,1.000000,,,,true,,GET,https://airportgap.com/api/airports/JFK,HTTP/2.0,default,,200,,tls1.3,https://airportgap.com/api/airports/JFK,,
http_req_duration,1784003716,115.198300,,,,true,,GET,https://airportgap.com/api/airports/JFK,HTTP/2.0,default,,200,,tls1.3,https://airportgap.com/api/airports/JFK,,
http_req_blocked,1784003716,0.000000,,,,true,,GET,https://airportgap.com/api/airports/JFK,HTTP/2.0,default,,200,,tls1.3,https://airportgap.com/api/airports/JFK,,
http_req_connecting,1784003716,0.000000,,,,true,,GET,https://airportgap.com/api/airports/JFK,HTTP/2.0,default,,200,,tls1.3,https://airportgap.com/api/airports/JFK,,
http_req_tls_handshaking,1784003716,0.000000,,,,true,,GET,https://airportgap.com/api/airports/JFK,HTTP/2.0,default,,200,,tls1.3,https://airportgap.com/api/airports/JFK,,
http_req_sending,1784003716,0.000000,,,,true,,GET,https://airportgap.com/api/airports/JFK,HTTP/2.0,default,,200,,tls1.3,https://airportgap.com/api/airports/JFK,,
http_req_waiting,1784003716,114.687200,,,,true,,GET,https://airportgap.com/api/airports/JFK,HTTP/2.0,default,,200,,tls1.3,https://airportgap.com/api/airports/JFK,,
http_req_receiving,1784003716,0.511100,,,,true,,GET,https://airportgap.com/api/airports/JFK,HTTP/2.0,default,,200,,tls1.3,https://airportgap.com/api/airports/JFK,,
http_req_failed,1784003716,0.000000,,,,true,,GET,https://airportgap.com/api/airports/JFK,HTTP/2.0,default,,200,,tls1.3,https://airportgap.com/api/airports/JFK,,
checks,1784003716,1.000000,JFK status 200,,,,,,,,default,,,,,,,
http_reqs,1784003716,1.000000,,,,true,,GET,https://airportgap.com/api/airports/JFK,HTTP/2.0,default,,200,,tls1.3,https://airportgap.com/api/airports/JFK,,
http_req_duration,1784003716,127.080200,,,,true,,GET,https://airportgap.com/api/airports/JFK,HTTP/2.0,default,,200,,tls1.3,https://airportgap.com/api/airports/JFK,,
http_req_blocked,1784003716,0.000000,,,,true,,GET,https://airportgap.com/api/airports/JFK,HTTP/2.0,default,,200,,tls1.3,https://airportgap.com/api/airports/JFK,,
http_req_connecting,1784003716,0.000000,,,,true,,GET,https://airportgap.com/api/airports/JFK,HTTP/2.0,default,,200,,tls1.3,https://airportgap.com/api/airports/JFK,,
http_req_tls_handshaking,1784003716,0.000000,,,,true,,GET,https://airportgap.com/api/airports/JFK,HTTP/2.0,default,,200,,tls1.3,https://airportgap.com/api/airports/JFK,,
http_req_sending,1784003716,0.000000,,,,true,,GET,https://airportgap.com/api/airports/JFK,HTTP/2.0,default,,200,,tls1.3,https://airportgap.com/api/airports/JFK,,
http_req_waiting,1784003716,127.080200,,,,true,,GET,https://airportgap.com/api/airports/JFK,HTTP/2.0,default,,200,,tls1.3,https://airportgap.com/api/airports/JFK,,
http_req_receiving,1784003716,0.000000,,,,true,,GET,https://airportgap.com/api/airports/JFK,HTTP/2.0,default,,200,,tls1.3,https://airportgap.com/api/airports/JFK,,
http_req_failed,1784003716,0.000000,,,,true,,GET,https://airportgap.com/api/airports/JFK,HTTP/2.0,default,,200,,tls1.3,https://airportgap.com/api/airports/JFK,,
http_reqs,1784003716,1.000000,,,,true,,GET,https://airportgap.com/api/airports/JFK,HTTP/2.0,default,,200,,tls1.3,https://airportgap.com/api/airports/JFK,,
http_req_duration,1784003716,127.080200,,,,true,,GET,https://airportgap.com/api/airports/JFK,HTTP/2.0,default,,200,,tls1.3,https://airportgap.com/api/airports/JFK,,
http_req_blocked,1784003716,0.000000,,,,true,,GET,https://airportgap.com/api/airports/JFK,HTTP/2.0,default,,200,,tls1.3,https://airportgap.com/api/airports/JFK,,
http_req_connecting,1784003716,0.000000,,,,true,,GET,https://airportgap.com/api/airports/JFK,HTTP/2.0,default,,200,,tls1.3,https://airportgap.com/api/airports/JFK,,
http_req_tls_handshaking,1784003716,0.000000,,,,true,,GET,https://airportgap.com/api/airports/JFK,HTTP/2.0,default,,200,,tls1.3,https://airportgap.com/api/airports/JFK,,
http_req_sending,1784003716,0.582900,,,,true,,GET,https://airportgap.com/api/airports/JFK,HTTP/2.0,default,,200,,tls1.3,https://airportgap.com/api/airports/JFK,,
http_req_waiting,1784003716,126.497300,,,,true,,GET,https://airportgap.com/api/airports/JFK,HTTP/2.0,default,,200,,tls1.3,https://airportgap.com/api/airports/JFK,,
http_req_receiving,1784003716,0.000000,,,,true,,GET,https://airportgap.com/api/airports/JFK,HTTP/2.0,default,,200,,tls1.3,https://airportgap.com/api/airports/JFK,,
http_req_failed,1784003716,0.000000,,,,true,,GET,https://airportgap.com/api/airports/JFK,HTTP/2.0,default,,200,,tls1.3,https://airportgap.com/api/airports/JFK,,
checks,1784003716,1.000000,JFK status 200,,,,,,,,default,,,,,,,
checks,1784003716,1.000000,JFK status 200,,,,,,,,default,,,,,,,
http_reqs,1784003716,1.000000,,,,true,,GET,https://airportgap.com/api/airports/JFK,HTTP/2.0,default,,200,,tls1.3,https://airportgap.com/api/airports/JFK,,
http_req_duration,1784003716,132.553300,,,,true,,GET,https://airportgap.com/api/airports/JFK,HTTP/2.0,default,,200,,tls1.3,https://airportgap.com/api/airports/JFK,,
http_req_blocked,1784003716,0.000000,,,,true,,GET,https://airportgap.com/api/airports/JFK,HTTP/2.0,default,,200,,tls1.3,https://airportgap.com/api/airports/JFK,,
http_req_connecting,1784003716,0.000000,,,,true,,GET,https://airportgap.com/api/airports/JFK,HTTP/2.0,default,,200,,tls1.3,https://airportgap.com/api/airports/JFK,,
http_req_tls_handshaking,1784003716,0.000000,,,,true,,GET,https://airportgap.com/api/airports/JFK,HTTP/2.0,default,,200,,tls1.3,https://airportgap.com/api/airports/JFK,,
http_req_sending,1784003716,0.000000,,,,true,,GET,https://airportgap.com/api/airports/JFK,HTTP/2.0,default,,200,,tls1.3,https://airportgap.com/api/airports/JFK,,
http_req_waiting,1784003716,131.517000,,,,true,,GET,https://airportgap.com/api/airports/JFK,HTTP/2.0,default,,200,,tls1.3,https://airportgap.com/api/airports/JFK,,
http_req_receiving,1784003716,1.036300,,,,true,,GET,https://airportgap.com/api/airports/JFK,HTTP/2.0,default,,200,,tls1.3,https://airportgap.com/api/airports/JFK,,
http_req_failed,1784003716,0.000000,,,,true,,GET,https://airportgap.com/api/airports/JFK,HTTP/2.0,default,,200,,tls1.3,https://airportgap.com/api/airports/JFK,,
http_reqs,1784003716,1.000000,,,,true,,GET,https://airportgap.com/api/airports/JFK,HTTP/2.0,default,,200,,tls1.3,https://airportgap.com/api/airports/JFK,,
http_req_duration,1784003716,133.743300,,,,true,,GET,https://airportgap.com/api/airports/JFK,HTTP/2.0,default,,200,,tls1.3,https://airportgap.com/api/airports/JFK,,
http_req_blocked,1784003716,0.000000,,,,true,,GET,https://airportgap.com/api/airports/JFK,HTTP/2.0,default,,200,,tls1.3,https://airportgap.com/api/airports/JFK,,
http_req_connecting,1784003716,0.000000,,,,true,,GET,https://airportgap.com/api/airports/JFK,HTTP/2.0,default,,200,,tls1.3,https://airportgap.com/api/airports/JFK,,
http_req_tls_handshaking,1784003716,0.000000,,,,true,,GET,https://airportgap.com/api/airports/JFK,HTTP/2.0,default,,200,,tls1.3,https://airportgap.com/api/airports/JFK,,
http_req_sending,1784003716,0.634500,,,,true,,GET,https://airportgap.com/api/airports/JFK,HTTP/2.0,default,,200,,tls1.3,https://airportgap.com/api/airports/JFK,,
http_req_waiting,1784003716,133.108800,,,,true,,GET,https://airportgap.com/api/airports/JFK,HTTP/2.0,default,,200,,tls1.3,https://airportgap.com/api/airports/JFK,,
http_req_receiving,1784003716,0.000000,,,,true,,GET,https://airportgap.com/api/airports/JFK,HTTP/2.0,default,,200,,tls1.3,https://airportgap.com/api/airports/JFK,,
http_req_failed,1784003716,0.000000,,,,true,,GET,https://airportgap.com/api/airports/JFK,HTTP/2.0,default,,200,,tls1.3,https://airportgap.com/api/airports/JFK,,
http_reqs,1784003716,1.000000,,,,true,,GET,https://airportgap.com/api/airports/JFK,HTTP/2.0,default,,200,,tls1.3,https://airportgap.com/api/airports/JFK,,
http_req_duration,1784003716,133.108800,,,,true,,GET,https://airportgap.com/api/airports/JFK,HTTP/2.0,default,,200,,tls1.3,https://airportgap.com/api/airports/JFK,,
http_req_blocked,1784003716,0.000000,,,,true,,GET,https://airportgap.com/api/airports/JFK,HTTP/2.0,default,,200,,tls1.3,https://airportgap.com/api/airports/JFK,,
http_req_connecting,1784003716,0.000000,,,,true,,GET,https://airportgap.com/api/airports/JFK,HTTP/2.0,default,,200,,tls1.3,https://airportgap.com/api/airports/JFK,,
http_req_tls_handshaking,1784003716,0.000000,,,,true,,GET,https://airportgap.com/api/airports/JFK,HTTP/2.0,default,,200,,tls1.3,https://airportgap.com/api/airports/JFK,,
http_req_sending,1784003716,0.000000,,,,true,,GET,https://airportgap.com/api/airports/JFK,HTTP/2.0,default,,200,,tls1.3,https://airportgap.com/api/airports/JFK,,
http_req_waiting,1784003716,131.473500,,,,true,,GET,https://airportgap.com/api/airports/JFK,HTTP/2.0,default,,200,,tls1.3,https://airportgap.com/api/airports/JFK,,
http_req_receiving,1784003716,1.635300,,,,true,,GET,https://airportgap.com/api/airports/JFK,HTTP/2.0,default,,200,,tls1.3,https://airportgap.com/api/airports/JFK,,
http_req_failed,1784003716,0.000000,,,,true,,GET,https://airportgap.com/api/airports/JFK,HTTP/2.0,default,,200,,tls1.3,https://airportgap.com/api/airports/JFK,,
checks,1784003716,1.000000,JFK status 200,,,,,,,,default,,,,,,,
checks,1784003716,1.000000,JFK status 200,,,,,,,,default,,,,,,,
checks,1784003716,1.000000,JFK status 200,,,,,,,,default,,,,,,,
http_reqs,1784003716,1.000000,,,,true,,GET,https://airportgap.com/api/airports/JFK,HTTP/2.0,default,,200,,tls1.3,https://airportgap.com/api/airports/JFK,,
http_req_duration,1784003716,129.738300,,,,true,,GET,https://airportgap.com/api/airports/JFK,HTTP/2.0,default,,200,,tls1.3,https://airportgap.com/api/airports/JFK,,
http_req_blocked,1784003716,0.000000,,,,true,,GET,https://airportgap.com/api/airports/JFK,HTTP/2.0,default,,200,,tls1.3,https://airportgap.com/api/airports/JFK,,
http_req_connecting,1784003716,0.000000,,,,true,,GET,https://airportgap.com/api/airports/JFK,HTTP/2.0,default,,200,,tls1.3,https://airportgap.com/api/airports/JFK,,
http_req_tls_handshaking,1784003716,0.000000,,,,true,,GET,https://airportgap.com/api/airports/JFK,HTTP/2.0,default,,200,,tls1.3,https://airportgap.com/api/airports/JFK,,
http_req_sending,1784003716,0.000000,,,,true,,GET,https://airportgap.com/api/airports/JFK,HTTP/2.0,default,,200,,tls1.3,https://airportgap.com/api/airports/JFK,,
http_req_waiting,1784003716,129.299700,,,,true,,GET,https://airportgap.com/api/airports/JFK,HTTP/2.0,default,,200,,tls1.3,https://airportgap.com/api/airports/JFK,,
http_req_receiving,1784003716,0.438600,,,,true,,GET,https://airportgap.com/api/airports/JFK,HTTP/2.0,default,,200,,tls1.3,https://airportgap.com/api/airports/JFK,,
http_req_failed,1784003716,0.000000,,,,true,,GET,https://airportgap.com/api/airports/JFK,HTTP/2.0,default,,200,,tls1.3,https://airportgap.com/api/airports/JFK,,
checks,1784003716,1.000000,JFK status 200,,,,,,,,default,,,,,,,
http_reqs,1784003716,1.000000,,,,true,,GET,https://airportgap.com/api/airports/JFK,HTTP/2.0,default,,200,,tls1.3,https://airportgap.com/api/airports/JFK,,
http_req_duration,1784003716,130.377400,,,,true,,GET,https://airportgap.com/api/airports/JFK,HTTP/2.0,default,,200,,tls1.3,https://airportgap.com/api/airports/JFK,,
http_req_blocked,1784003716,0.000000,,,,true,,GET,https://airportgap.com/api/airports/JFK,HTTP/2.0,default,,200,,tls1.3,https://airportgap.com/api/airports/JFK,,
http_req_connecting,1784003716,0.000000,,,,true,,GET,https://airportgap.com/api/airports/JFK,HTTP/2.0,default,,200,,tls1.3,https://airportgap.com/api/airports/JFK,,
http_req_tls_handshaking,1784003716,0.000000,,,,true,,GET,https://airportgap.com/api/airports/JFK,HTTP/2.0,default,,200,,tls1.3,https://airportgap.com/api/airports/JFK,,
http_req_sending,1784003716,0.000000,,,,true,,GET,https://airportgap.com/api/airports/JFK,HTTP/2.0,default,,200,,tls1.3,https://airportgap.com/api/airports/JFK,,
http_req_waiting,1784003716,130.377400,,,,true,,GET,https://airportgap.com/api/airports/JFK,HTTP/2.0,default,,200,,tls1.3,https://airportgap.com/api/airports/JFK,,
http_req_receiving,1784003716,0.000000,,,,true,,GET,https://airportgap.com/api/airports/JFK,HTTP/2.0,default,,200,,tls1.3,https://airportgap.com/api/airports/JFK,,
http_req_failed,1784003716,0.000000,,,,true,,GET,https://airportgap.com/api/airports/JFK,HTTP/2.0,default,,200,,tls1.3,https://airportgap.com/api/airports/JFK,,
checks,1784003716,1.000000,JFK status 200,,,,,,,,default,,,,,,,
http_reqs,1784003716,1.000000,,,,true,,GET,https://airportgap.com/api/airports/JFK,HTTP/2.0,default,,200,,tls1.3,https://airportgap.com/api/airports/JFK,,
http_req_duration,1784003716,130.377400,,,,true,,GET,https://airportgap.com/api/airports/JFK,HTTP/2.0,default,,200,,tls1.3,https://airportgap.com/api/airports/JFK,,
http_req_blocked,1784003716,0.000000,,,,true,,GET,https://airportgap.com/api/airports/JFK,HTTP/2.0,default,,200,,tls1.3,https://airportgap.com/api/airports/JFK,,
http_req_connecting,1784003716,0.000000,,,,true,,GET,https://airportgap.com/api/airports/JFK,HTTP/2.0,default,,200,,tls1.3,https://airportgap.com/api/airports/JFK,,
http_req_tls_handshaking,1784003716,0.000000,,,,true,,GET,https://airportgap.com/api/airports/JFK,HTTP/2.0,default,,200,,tls1.3,https://airportgap.com/api/airports/JFK,,
http_req_sending,1784003716,0.000000,,,,true,,GET,https://airportgap.com/api/airports/JFK,HTTP/2.0,default,,200,,tls1.3,https://airportgap.com/api/airports/JFK,,
http_req_waiting,1784003716,130.377400,,,,true,,GET,https://airportgap.com/api/airports/JFK,HTTP/2.0,default,,200,,tls1.3,https://airportgap.com/api/airports/JFK,,
http_req_receiving,1784003716,0.000000,,,,true,,GET,https://airportgap.com/api/airports/JFK,HTTP/2.0,default,,200,,tls1.3,https://airportgap.com/api/airports/JFK,,
http_req_failed,1784003716,0.000000,,,,true,,GET,https://airportgap.com/api/airports/JFK,HTTP/2.0,default,,200,,tls1.3,https://airportgap.com/api/airports/JFK,,
checks,1784003716,1.000000,JFK status 200,,,,,,,,default,,,,,,,
vus,1784003716,10.000000,,,,,,,,,,,,,,,,
vus_max,1784003716,10.000000,,,,,,,,,,,,,,,,
data_sent,1784003717,120.000000,,,,,,,,,default,,,,,,,
data_received,1784003717,7941.000000,,,,,,,,,default,,,,,,,
iteration_duration,1784003717,1264.358200,,,,,,,,,default,,,,,,,
iterations,1784003717,1.000000,,,,,,,,,default,,,,,,,
http_reqs,1784003717,1.000000,,,,true,,GET,https://airportgap.com/api/airports,HTTP/2.0,default,,200,,tls1.3,https://airportgap.com/api/airports,,
http_req_duration,1784003717,134.114200,,,,true,,GET,https://airportgap.com/api/airports,HTTP/2.0,default,,200,,tls1.3,https://airportgap.com/api/airports,,
http_req_blocked,1784003717,0.000000,,,,true,,GET,https://airportgap.com/api/airports,HTTP/2.0,default,,200,,tls1.3,https://airportgap.com/api/airports,,
http_req_connecting,1784003717,0.000000,,,,true,,GET,https://airportgap.com/api/airports,HTTP/2.0,default,,200,,tls1.3,https://airportgap.com/api/airports,,
http_req_tls_handshaking,1784003717,0.000000,,,,true,,GET,https://airportgap.com/api/airports,HTTP/2.0,default,,200,,tls1.3,https://airportgap.com/api/airports,,
http_req_sending,1784003717,0.000000,,,,true,,GET,https://airportgap.com/api/airports,HTTP/2.0,default,,200,,tls1.3,https://airportgap.com/api/airports,,
http_req_waiting,1784003717,132.441000,,,,true,,GET,https://airportgap.com/api/airports,HTTP/2.0,default,,200,,tls1.3,https://airportgap.com/api/airports,,
http_req_receiving,1784003717,1.673200,,,,true,,GET,https://airportgap.com/api/airports,HTTP/2.0,default,,200,,tls1.3,https://airportgap.com/api/airports,,
http_req_failed,1784003717,0.000000,,,,true,,GET,https://airportgap.com/api/airports,HTTP/2.0,default,,200,,tls1.3,https://airportgap.com/api/airports,,
checks,1784003717,1.000000,status 200,,,,,,,,default,,,,,,,
checks,1784003717,1.000000,menos de 1000ms,,,,,,,,default,,,,,,,
data_sent,1784003717,120.000000,,,,,,,,,default,,,,,,,
data_received,1784003717,7919.000000,,,,,,,,,default,,,,,,,
iteration_duration,1784003717,1252.028700,,,,,,,,,default,,,,,,,
iterations,1784003717,1.000000,,,,,,,,,default,,,,,,,
data_sent,1784003717,120.000000,,,,,,,,,default,,,,,,,
data_received,1784003717,7918.000000,,,,,,,,,default,,,,,,,
iteration_duration,1784003717,1275.263700,,,,,,,,,default,,,,,,,
iterations,1784003717,1.000000,,,,,,,,,default,,,,,,,
data_sent,1784003717,120.000000,,,,,,,,,default,,,,,,,
data_received,1784003717,7919.000000,,,,,,,,,default,,,,,,,
iteration_duration,1784003717,1275.775400,,,,,,,,,default,,,,,,,
iterations,1784003717,1.000000,,,,,,,,,default,,,,,,,
data_sent,1784003717,120.000000,,,,,,,,,default,,,,,,,
data_received,1784003717,7920.000000,,,,,,,,,default,,,,,,,
iteration_duration,1784003717,1309.273500,,,,,,,,,default,,,,,,,
iterations,1784003717,1.000000,,,,,,,,,default,,,,,,,
data_sent,1784003717,120.000000,,,,,,,,,default,,,,,,,
data_received,1784003717,7919.000000,,,,,,,,,default,,,,,,,
iteration_duration,1784003717,1309.273500,,,,,,,,,default,,,,,,,
iterations,1784003717,1.000000,,,,,,,,,default,,,,,,,
data_sent,1784003717,120.000000,,,,,,,,,default,,,,,,,
data_received,1784003717,7919.000000,,,,,,,,,default,,,,,,,
iteration_duration,1784003717,1309.273500,,,,,,,,,default,,,,,,,
iterations,1784003717,1.000000,,,,,,,,,default,,,,,,,
http_reqs,1784003717,1.000000,,,,true,,GET,https://airportgap.com/api/airports/JFK,HTTP/2.0,default,,200,,tls1.3,https://airportgap.com/api/airports/JFK,,
http_req_duration,1784003717,127.297000,,,,true,,GET,https://airportgap.com/api/airports/JFK,HTTP/2.0,default,,200,,tls1.3,https://airportgap.com/api/airports/JFK,,
http_req_blocked,1784003717,0.000000,,,,true,,GET,https://airportgap.com/api/airports/JFK,HTTP/2.0,default,,200,,tls1.3,https://airportgap.com/api/airports/JFK,,
http_req_connecting,1784003717,0.000000,,,,true,,GET,https://airportgap.com/api/airports/JFK,HTTP/2.0,default,,200,,tls1.3,https://airportgap.com/api/airports/JFK,,
http_req_tls_handshaking,1784003717,0.000000,,,,true,,GET,https://airportgap.com/api/airports/JFK,HTTP/2.0,default,,200,,tls1.3,https://airportgap.com/api/airports/JFK,,
http_req_sending,1784003717,0.000000,,,,true,,GET,https://airportgap.com/api/airports/JFK,HTTP/2.0,default,,200,,tls1.3,https://airportgap.com/api/airports/JFK,,
http_req_waiting,1784003717,126.710100,,,,true,,GET,https://airportgap.com/api/airports/JFK,HTTP/2.0,default,,200,,tls1.3,https://airportgap.com/api/airports/JFK,,
http_req_receiving,1784003717,0.586900,,,,true,,GET,https://airportgap.com/api/airports/JFK,HTTP/2.0,default,,200,,tls1.3,https://airportgap.com/api/airports/JFK,,
http_req_failed,1784003717,0.000000,,,,true,,GET,https://airportgap.com/api/airports/JFK,HTTP/2.0,default,,200,,tls1.3,https://airportgap.com/api/airports/JFK,,
checks,1784003717,1.000000,JFK status 200,,,,,,,,default,,,,,,,
data_sent,1784003717,120.000000,,,,,,,,,default,,,,,,,
data_received,1784003717,7919.000000,,,,,,,,,default,,,,,,,
iteration_duration,1784003717,1328.182900,,,,,,,,,default,,,,,,,
iterations,1784003717,1.000000,,,,,,,,,default,,,,,,,
data_sent,1784003717,120.000000,,,,,,,,,default,,,,,,,
data_received,1784003717,7919.000000,,,,,,,,,default,,,,,,,
iteration_duration,1784003717,1328.182900,,,,,,,,,default,,,,,,,
iterations,1784003717,1.000000,,,,,,,,,default,,,,,,,
data_sent,1784003717,120.000000,,,,,,,,,default,,,,,,,
data_received,1784003717,7919.000000,,,,,,,,,default,,,,,,,
iteration_duration,1784003717,1328.182900,,,,,,,,,default,,,,,,,
iterations,1784003717,1.000000,,,,,,,,,default,,,,,,,
http_reqs,1784003717,1.000000,,,,true,,GET,https://airportgap.com/api/airports,HTTP/2.0,default,,200,,tls1.3,https://airportgap.com/api/airports,,
http_req_duration,1784003717,123.642300,,,,true,,GET,https://airportgap.com/api/airports,HTTP/2.0,default,,200,,tls1.3,https://airportgap.com/api/airports,,
http_req_blocked,1784003717,0.000000,,,,true,,GET,https://airportgap.com/api/airports,HTTP/2.0,default,,200,,tls1.3,https://airportgap.com/api/airports,,
http_req_connecting,1784003717,0.000000,,,,true,,GET,https://airportgap.com/api/airports,HTTP/2.0,default,,200,,tls1.3,https://airportgap.com/api/airports,,
http_req_tls_handshaking,1784003717,0.000000,,,,true,,GET,https://airportgap.com/api/airports,HTTP/2.0,default,,200,,tls1.3,https://airportgap.com/api/airports,,
http_req_sending,1784003717,0.414400,,,,true,,GET,https://airportgap.com/api/airports,HTTP/2.0,default,,200,,tls1.3,https://airportgap.com/api/airports,,
http_req_waiting,1784003717,123.227900,,,,true,,GET,https://airportgap.com/api/airports,HTTP/2.0,default,,200,,tls1.3,https://airportgap.com/api/airports,,
http_req_receiving,1784003717,0.000000,,,,true,,GET,https://airportgap.com/api/airports,HTTP/2.0,default,,200,,tls1.3,https://airportgap.com/api/airports,,
http_req_failed,1784003717,0.000000,,,,true,,GET,https://airportgap.com/api/airports,HTTP/2.0,default,,200,,tls1.3,https://airportgap.com/api/airports,,
checks,1784003717,1.000000,status 200,,,,,,,,default,,,,,,,
checks,1784003717,1.000000,menos de 1000ms,,,,,,,,default,,,,,,,
http_reqs,1784003717,1.000000,,,,true,,GET,https://airportgap.com/api/airports,HTTP/2.0,default,,200,,tls1.3,https://airportgap.com/api/airports,,
http_req_duration,1784003717,142.132900,,,,true,,GET,https://airportgap.com/api/airports,HTTP/2.0,default,,200,,tls1.3,https://airportgap.com/api/airports,,
http_req_blocked,1784003717,0.000000,,,,true,,GET,https://airportgap.com/api/airports,HTTP/2.0,default,,200,,tls1.3,https://airportgap.com/api/airports,,
http_req_connecting,1784003717,0.000000,,,,true,,GET,https://airportgap.com/api/airports,HTTP/2.0,default,,200,,tls1.3,https://airportgap.com/api/airports,,
http_req_tls_handshaking,1784003717,0.000000,,,,true,,GET,https://airportgap.com/api/airports,HTTP/2.0,default,,200,,tls1.3,https://airportgap.com/api/airports,,
http_req_sending,1784003717,0.304600,,,,true,,GET,https://airportgap.com/api/airports,HTTP/2.0,default,,200,,tls1.3,https://airportgap.com/api/airports,,
http_req_waiting,1784003717,141.828300,,,,true,,GET,https://airportgap.com/api/airports,HTTP/2.0,default,,200,,tls1.3,https://airportgap.com/api/airports,,
http_req_receiving,1784003717,0.000000,,,,true,,GET,https://airportgap.com/api/airports,HTTP/2.0,default,,200,,tls1.3,https://airportgap.com/api/airports,,
http_req_failed,1784003717,0.000000,,,,true,,GET,https://airportgap.com/api/airports,HTTP/2.0,default,,200,,tls1.3,https://airportgap.com/api/airports,,
http_reqs,1784003717,1.000000,,,,true,,GET,https://airportgap.com/api/airports,HTTP/2.0,default,,200,,tls1.3,https://airportgap.com/api/airports,,
http_req_duration,1784003717,142.132900,,,,true,,GET,https://airportgap.com/api/airports,HTTP/2.0,default,,200,,tls1.3,https://airportgap.com/api/airports,,
http_req_blocked,1784003717,0.000000,,,,true,,GET,https://airportgap.com/api/airports,HTTP/2.0,default,,200,,tls1.3,https://airportgap.com/api/airports,,
http_req_connecting,1784003717,0.000000,,,,true,,GET,https://airportgap.com/api/airports,HTTP/2.0,default,,200,,tls1.3,https://airportgap.com/api/airports,,
http_req_tls_handshaking,1784003717,0.000000,,,,true,,GET,https://airportgap.com/api/airports,HTTP/2.0,default,,200,,tls1.3,https://airportgap.com/api/airports,,
http_req_sending,1784003717,0.304600,,,,true,,GET,https://airportgap.com/api/airports,HTTP/2.0,default,,200,,tls1.3,https://airportgap.com/api/airports,,
http_req_waiting,1784003717,138.727400,,,,true,,GET,https://airportgap.com/api/airports,HTTP/2.0,default,,200,,tls1.3,https://airportgap.com/api/airports,,
http_req_receiving,1784003717,3.100900,,,,true,,GET,https://airportgap.com/api/airports,HTTP/2.0,default,,200,,tls1.3,https://airportgap.com/api/airports,,
http_req_failed,1784003717,0.000000,,,,true,,GET,https://airportgap.com/api/airports,HTTP/2.0,default,,200,,tls1.3,https://airportgap.com/api/airports,,
checks,1784003717,1.000000,status 200,,,,,,,,default,,,,,,,
checks,1784003717,1.000000,menos de 1000ms,,,,,,,,default,,,,,,,
checks,1784003717,1.000000,status 200,,,,,,,,default,,,,,,,
checks,1784003717,1.000000,menos de 1000ms,,,,,,,,default,,,,,,,
http_reqs,1784003717,1.000000,,,,true,,GET,https://airportgap.com/api/airports,HTTP/2.0,default,,200,,tls1.3,https://airportgap.com/api/airports,,
http_req_duration,1784003717,151.027500,,,,true,,GET,https://airportgap.com/api/airports,HTTP/2.0,default,,200,,tls1.3,https://airportgap.com/api/airports,,
http_req_blocked,1784003717,0.000000,,,,true,,GET,https://airportgap.com/api/airports,HTTP/2.0,default,,200,,tls1.3,https://airportgap.com/api/airports,,
http_req_connecting,1784003717,0.000000,,,,true,,GET,https://airportgap.com/api/airports,HTTP/2.0,default,,200,,tls1.3,https://airportgap.com/api/airports,,
http_req_tls_handshaking,1784003717,0.000000,,,,true,,GET,https://airportgap.com/api/airports,HTTP/2.0,default,,200,,tls1.3,https://airportgap.com/api/airports,,
http_req_sending,1784003717,0.551400,,,,true,,GET,https://airportgap.com/api/airports,HTTP/2.0,default,,200,,tls1.3,https://airportgap.com/api/airports,,
http_req_waiting,1784003717,150.476100,,,,true,,GET,https://airportgap.com/api/airports,HTTP/2.0,default,,200,,tls1.3,https://airportgap.com/api/airports,,
http_req_receiving,1784003717,0.000000,,,,true,,GET,https://airportgap.com/api/airports,HTTP/2.0,default,,200,,tls1.3,https://airportgap.com/api/airports,,
http_req_failed,1784003717,0.000000,,,,true,,GET,https://airportgap.com/api/airports,HTTP/2.0,default,,200,,tls1.3,https://airportgap.com/api/airports,,
http_reqs,1784003717,1.000000,,,,true,,GET,https://airportgap.com/api/airports,HTTP/2.0,default,,200,,tls1.3,https://airportgap.com/api/airports,,
http_req_duration,1784003717,150.476100,,,,true,,GET,https://airportgap.com/api/airports,HTTP/2.0,default,,200,,tls1.3,https://airportgap.com/api/airports,,
http_req_blocked,1784003717,0.000000,,,,true,,GET,https://airportgap.com/api/airports,HTTP/2.0,default,,200,,tls1.3,https://airportgap.com/api/airports,,
http_req_connecting,1784003717,0.000000,,,,true,,GET,https://airportgap.com/api/airports,HTTP/2.0,default,,200,,tls1.3,https://airportgap.com/api/airports,,
http_req_tls_handshaking,1784003717,0.000000,,,,true,,GET,https://airportgap.com/api/airports,HTTP/2.0,default,,200,,tls1.3,https://airportgap.com/api/airports,,
http_req_sending,1784003717,0.000000,,,,true,,GET,https://airportgap.com/api/airports,HTTP/2.0,default,,200,,tls1.3,https://airportgap.com/api/airports,,
http_req_waiting,1784003717,150.476100,,,,true,,GET,https://airportgap.com/api/airports,HTTP/2.0,default,,200,,tls1.3,https://airportgap.com/api/airports,,
http_req_receiving,1784003717,0.000000,,,,true,,GET,https://airportgap.com/api/airports,HTTP/2.0,default,,200,,tls1.3,https://airportgap.com/api/airports,,
http_req_failed,1784003717,0.000000,,,,true,,GET,https://airportgap.com/api/airports,HTTP/2.0,default,,200,,tls1.3,https://airportgap.com/api/airports,,
http_reqs,1784003717,1.000000,,,,true,,GET,https://airportgap.com/api/airports,HTTP/2.0,default,,200,,tls1.3,https://airportgap.com/api/airports,,
http_req_duration,1784003717,151.027500,,,,true,,GET,https://airportgap.com/api/airports,HTTP/2.0,default,,200,,tls1.3,https://airportgap.com/api/airports,,
http_req_blocked,1784003717,0.000000,,,,true,,GET,https://airportgap.com/api/airports,HTTP/2.0,default,,200,,tls1.3,https://airportgap.com/api/airports,,
http_req_connecting,1784003717,0.000000,,,,true,,GET,https://airportgap.com/api/airports,HTTP/2.0,default,,200,,tls1.3,https://airportgap.com/api/airports,,
http_req_tls_handshaking,1784003717,0.000000,,,,true,,GET,https://airportgap.com/api/airports,HTTP/2.0,default,,200,,tls1.3,https://airportgap.com/api/airports,,
http_req_sending,1784003717,0.551400,,,,true,,GET,https://airportgap.com/api/airports,HTTP/2.0,default,,200,,tls1.3,https://airportgap.com/api/airports,,
http_req_waiting,1784003717,150.476100,,,,true,,GET,https://airportgap.com/api/airports,HTTP/2.0,default,,200,,tls1.3,https://airportgap.com/api/airports,,
http_req_receiving,1784003717,0.000000,,,,true,,GET,https://airportgap.com/api/airports,HTTP/2.0,default,,200,,tls1.3,https://airportgap.com/api/airports,,
http_req_failed,1784003717,0.000000,,,,true,,GET,https://airportgap.com/api/airports,HTTP/2.0,default,,200,,tls1.3,https://airportgap.com/api/airports,,
checks,1784003717,1.000000,status 200,,,,,,,,default,,,,,,,
checks,1784003717,1.000000,status 200,,,,,,,,default,,,,,,,
checks,1784003717,1.000000,status 200,,,,,,,,default,,,,,,,
checks,1784003717,1.000000,menos de 1000ms,,,,,,,,default,,,,,,,
checks,1784003717,1.000000,menos de 1000ms,,,,,,,,default,,,,,,,
checks,1784003717,1.000000,menos de 1000ms,,,,,,,,default,,,,,,,
http_reqs,1784003717,1.000000,,,,true,,GET,https://airportgap.com/api/airports,HTTP/2.0,default,,200,,tls1.3,https://airportgap.com/api/airports,,
http_req_duration,1784003717,150.396300,,,,true,,GET,https://airportgap.com/api/airports,HTTP/2.0,default,,200,,tls1.3,https://airportgap.com/api/airports,,
http_req_blocked,1784003717,0.000000,,,,true,,GET,https://airportgap.com/api/airports,HTTP/2.0,default,,200,,tls1.3,https://airportgap.com/api/airports,,
http_req_connecting,1784003717,0.000000,,,,true,,GET,https://airportgap.com/api/airports,HTTP/2.0,default,,200,,tls1.3,https://airportgap.com/api/airports,,
http_req_tls_handshaking,1784003717,0.000000,,,,true,,GET,https://airportgap.com/api/airports,HTTP/2.0,default,,200,,tls1.3,https://airportgap.com/api/airports,,
http_req_sending,1784003717,0.000000,,,,true,,GET,https://airportgap.com/api/airports,HTTP/2.0,default,,200,,tls1.3,https://airportgap.com/api/airports,,
http_req_waiting,1784003717,149.939600,,,,true,,GET,https://airportgap.com/api/airports,HTTP/2.0,default,,200,,tls1.3,https://airportgap.com/api/airports,,
http_req_receiving,1784003717,0.456700,,,,true,,GET,https://airportgap.com/api/airports,HTTP/2.0,default,,200,,tls1.3,https://airportgap.com/api/airports,,
http_req_failed,1784003717,0.000000,,,,true,,GET,https://airportgap.com/api/airports,HTTP/2.0,default,,200,,tls1.3,https://airportgap.com/api/airports,,
checks,1784003717,1.000000,status 200,,,,,,,,default,,,,,,,
checks,1784003717,1.000000,menos de 1000ms,,,,,,,,default,,,,,,,
http_reqs,1784003717,1.000000,,,,true,,GET,https://airportgap.com/api/airports,HTTP/2.0,default,,200,,tls1.3,https://airportgap.com/api/airports,,
http_req_duration,1784003717,150.908200,,,,true,,GET,https://airportgap.com/api/airports,HTTP/2.0,default,,200,,tls1.3,https://airportgap.com/api/airports,,
http_req_blocked,1784003717,0.000000,,,,true,,GET,https://airportgap.com/api/airports,HTTP/2.0,default,,200,,tls1.3,https://airportgap.com/api/airports,,
http_req_connecting,1784003717,0.000000,,,,true,,GET,https://airportgap.com/api/airports,HTTP/2.0,default,,200,,tls1.3,https://airportgap.com/api/airports,,
http_req_tls_handshaking,1784003717,0.000000,,,,true,,GET,https://airportgap.com/api/airports,HTTP/2.0,default,,200,,tls1.3,https://airportgap.com/api/airports,,
http_req_sending,1784003717,0.000000,,,,true,,GET,https://airportgap.com/api/airports,HTTP/2.0,default,,200,,tls1.3,https://airportgap.com/api/airports,,
http_req_waiting,1784003717,150.396300,,,,true,,GET,https://airportgap.com/api/airports,HTTP/2.0,default,,200,,tls1.3,https://airportgap.com/api/airports,,
http_req_receiving,1784003717,0.511900,,,,true,,GET,https://airportgap.com/api/airports,HTTP/2.0,default,,200,,tls1.3,https://airportgap.com/api/airports,,
http_req_failed,1784003717,0.000000,,,,true,,GET,https://airportgap.com/api/airports,HTTP/2.0,default,,200,,tls1.3,https://airportgap.com/api/airports,,
http_reqs,1784003717,1.000000,,,,true,,GET,https://airportgap.com/api/airports,HTTP/2.0,default,,200,,tls1.3,https://airportgap.com/api/airports,,
http_req_duration,1784003717,150.908200,,,,true,,GET,https://airportgap.com/api/airports,HTTP/2.0,default,,200,,tls1.3,https://airportgap.com/api/airports,,
http_req_blocked,1784003717,0.000000,,,,true,,GET,https://airportgap.com/api/airports,HTTP/2.0,default,,200,,tls1.3,https://airportgap.com/api/airports,,
http_req_connecting,1784003717,0.000000,,,,true,,GET,https://airportgap.com/api/airports,HTTP/2.0,default,,200,,tls1.3,https://airportgap.com/api/airports,,
http_req_tls_handshaking,1784003717,0.000000,,,,true,,GET,https://airportgap.com/api/airports,HTTP/2.0,default,,200,,tls1.3,https://airportgap.com/api/airports,,
http_req_sending,1784003717,0.000000,,,,true,,GET,https://airportgap.com/api/airports,HTTP/2.0,default,,200,,tls1.3,https://airportgap.com/api/airports,,
http_req_waiting,1784003717,150.396300,,,,true,,GET,https://airportgap.com/api/airports,HTTP/2.0,default,,200,,tls1.3,https://airportgap.com/api/airports,,
http_req_receiving,1784003717,0.511900,,,,true,,GET,https://airportgap.com/api/airports,HTTP/2.0,default,,200,,tls1.3,https://airportgap.com/api/airports,,
http_req_failed,1784003717,0.000000,,,,true,,GET,https://airportgap.com/api/airports,HTTP/2.0,default,,200,,tls1.3,https://airportgap.com/api/airports,,
checks,1784003717,1.000000,status 200,,,,,,,,default,,,,,,,
checks,1784003717,1.000000,menos de 1000ms,,,,,,,,default,,,,,,,
checks,1784003717,1.000000,status 200,,,,,,,,default,,,,,,,
checks,1784003717,1.000000,menos de 1000ms,,,,,,,,default,,,,,,,
http_reqs,1784003717,1.000000,,,,true,,GET,https://airportgap.com/api/airports/JFK,HTTP/2.0,default,,200,,tls1.3,https://airportgap.com/api/airports/JFK,,
http_req_duration,1784003717,114.955500,,,,true,,GET,https://airportgap.com/api/airports/JFK,HTTP/2.0,default,,200,,tls1.3,https://airportgap.com/api/airports/JFK,,
http_req_blocked,1784003717,0.000000,,,,true,,GET,https://airportgap.com/api/airports/JFK,HTTP/2.0,default,,200,,tls1.3,https://airportgap.com/api/airports/JFK,,
http_req_connecting,1784003717,0.000000,,,,true,,GET,https://airportgap.com/api/airports/JFK,HTTP/2.0,default,,200,,tls1.3,https://airportgap.com/api/airports/JFK,,
http_req_tls_handshaking,1784003717,0.000000,,,,true,,GET,https://airportgap.com/api/airports/JFK,HTTP/2.0,default,,200,,tls1.3,https://airportgap.com/api/airports/JFK,,
http_req_sending,1784003717,0.000000,,,,true,,GET,https://airportgap.com/api/airports/JFK,HTTP/2.0,default,,200,,tls1.3,https://airportgap.com/api/airports/JFK,,
http_req_waiting,1784003717,114.568700,,,,true,,GET,https://airportgap.com/api/airports/JFK,HTTP/2.0,default,,200,,tls1.3,https://airportgap.com/api/airports/JFK,,
http_req_receiving,1784003717,0.386800,,,,true,,GET,https://airportgap.com/api/airports/JFK,HTTP/2.0,default,,200,,tls1.3,https://airportgap.com/api/airports/JFK,,
http_req_failed,1784003717,0.000000,,,,true,,GET,https://airportgap.com/api/airports/JFK,HTTP/2.0,default,,200,,tls1.3,https://airportgap.com/api/airports/JFK,,
checks,1784003717,1.000000,JFK status 200,,,,,,,,default,,,,,,,
http_reqs,1784003717,1.000000,,,,true,,GET,https://airportgap.com/api/airports/JFK,HTTP/2.0,default,,200,,tls1.3,https://airportgap.com/api/airports/JFK,,
http_req_duration,1784003717,128.588500,,,,true,,GET,https://airportgap.com/api/airports/JFK,HTTP/2.0,default,,200,,tls1.3,https://airportgap.com/api/airports/JFK,,
http_req_blocked,1784003717,0.000000,,,,true,,GET,https://airportgap.com/api/airports/JFK,HTTP/2.0,default,,200,,tls1.3,https://airportgap.com/api/airports/JFK,,
http_req_connecting,1784003717,0.000000,,,,true,,GET,https://airportgap.com/api/airports/JFK,HTTP/2.0,default,,200,,tls1.3,https://airportgap.com/api/airports/JFK,,
http_req_tls_handshaking,1784003717,0.000000,,,,true,,GET,https://airportgap.com/api/airports/JFK,HTTP/2.0,default,,200,,tls1.3,https://airportgap.com/api/airports/JFK,,
http_req_sending,1784003717,0.749500,,,,true,,GET,https://airportgap.com/api/airports/JFK,HTTP/2.0,default,,200,,tls1.3,https://airportgap.com/api/airports/JFK,,
http_req_waiting,1784003717,127.468100,,,,true,,GET,https://airportgap.com/api/airports/JFK,HTTP/2.0,default,,200,,tls1.3,https://airportgap.com/api/airports/JFK,,
http_req_receiving,1784003717,0.370900,,,,true,,GET,https://airportgap.com/api/airports/JFK,HTTP/2.0,default,,200,,tls1.3,https://airportgap.com/api/airports/JFK,,
http_req_failed,1784003717,0.000000,,,,true,,GET,https://airportgap.com/api/airports/JFK,HTTP/2.0,default,,200,,tls1.3,https://airportgap.com/api/airports/JFK,,
checks,1784003717,1.000000,JFK status 200,,,,,,,,default,,,,,,,
http_reqs,1784003717,1.000000,,,,true,,GET,https://airportgap.com/api/airports/JFK,HTTP/2.0,default,,200,,tls1.3,https://airportgap.com/api/airports/JFK,,
http_req_duration,1784003717,127.839000,,,,true,,GET,https://airportgap.com/api/airports/JFK,HTTP/2.0,default,,200,,tls1.3,https://airportgap.com/api/airports/JFK,,
http_req_blocked,1784003717,0.000000,,,,true,,GET,https://airportgap.com/api/airports/JFK,HTTP/2.0,default,,200,,tls1.3,https://airportgap.com/api/airports/JFK,,
http_req_connecting,1784003717,0.000000,,,,true,,GET,https://airportgap.com/api/airports/JFK,HTTP/2.0,default,,200,,tls1.3,https://airportgap.com/api/airports/JFK,,
http_req_tls_handshaking,1784003717,0.000000,,,,true,,GET,https://airportgap.com/api/airports/JFK,HTTP/2.0,default,,200,,tls1.3,https://airportgap.com/api/airports/JFK,,
http_req_sending,1784003717,0.000000,,,,true,,GET,https://airportgap.com/api/airports/JFK,HTTP/2.0,default,,200,,tls1.3,https://airportgap.com/api/airports/JFK,,
http_req_waiting,1784003717,127.839000,,,,true,,GET,https://airportgap.com/api/airports/JFK,HTTP/2.0,default,,200,,tls1.3,https://airportgap.com/api/airports/JFK,,
http_req_receiving,1784003717,0.000000,,,,true,,GET,https://airportgap.com/api/airports/JFK,HTTP/2.0,default,,200,,tls1.3,https://airportgap.com/api/airports/JFK,,
http_req_failed,1784003717,0.000000,,,,true,,GET,https://airportgap.com/api/airports/JFK,HTTP/2.0,default,,200,,tls1.3,https://airportgap.com/api/airports/JFK,,
checks,1784003717,1.000000,JFK status 200,,,,,,,,default,,,,,,,
http_reqs,1784003717,1.000000,,,,true,,GET,https://airportgap.com/api/airports/JFK,HTTP/2.0,default,,200,,tls1.3,https://airportgap.com/api/airports/JFK,,
http_req_duration,1784003717,131.390300,,,,true,,GET,https://airportgap.com/api/airports/JFK,HTTP/2.0,default,,200,,tls1.3,https://airportgap.com/api/airports/JFK,,
http_req_blocked,1784003717,0.000000,,,,true,,GET,https://airportgap.com/api/airports/JFK,HTTP/2.0,default,,200,,tls1.3,https://airportgap.com/api/airports/JFK,,
http_req_connecting,1784003717,0.000000,,,,true,,GET,https://airportgap.com/api/airports/JFK,HTTP/2.0,default,,200,,tls1.3,https://airportgap.com/api/airports/JFK,,
http_req_tls_handshaking,1784003717,0.000000,,,,true,,GET,https://airportgap.com/api/airports/JFK,HTTP/2.0,default,,200,,tls1.3,https://airportgap.com/api/airports/JFK,,
http_req_sending,1784003717,0.545500,,,,true,,GET,https://airportgap.com/api/airports/JFK,HTTP/2.0,default,,200,,tls1.3,https://airportgap.com/api/airports/JFK,,
http_req_waiting,1784003717,130.844800,,,,true,,GET,https://airportgap.com/api/airports/JFK,HTTP/2.0,default,,200,,tls1.3,https://airportgap.com/api/airports/JFK,,
http_req_receiving,1784003717,0.000000,,,,true,,GET,https://airportgap.com/api/airports/JFK,HTTP/2.0,default,,200,,tls1.3,https://airportgap.com/api/airports/JFK,,
http_req_failed,1784003717,0.000000,,,,true,,GET,https://airportgap.com/api/airports/JFK,HTTP/2.0,default,,200,,tls1.3,https://airportgap.com/api/airports/JFK,,
checks,1784003717,1.000000,JFK status 200,,,,,,,,default,,,,,,,
http_reqs,1784003717,1.000000,,,,true,,GET,https://airportgap.com/api/airports/JFK,HTTP/2.0,default,,200,,tls1.3,https://airportgap.com/api/airports/JFK,,
http_req_duration,1784003717,131.904200,,,,true,,GET,https://airportgap.com/api/airports/JFK,HTTP/2.0,default,,200,,tls1.3,https://airportgap.com/api/airports/JFK,,
http_req_blocked,1784003717,0.000000,,,,true,,GET,https://airportgap.com/api/airports/JFK,HTTP/2.0,default,,200,,tls1.3,https://airportgap.com/api/airports/JFK,,
http_req_connecting,1784003717,0.000000,,,,true,,GET,https://airportgap.com/api/airports/JFK,HTTP/2.0,default,,200,,tls1.3,https://airportgap.com/api/airports/JFK,,
http_req_tls_handshaking,1784003717,0.000000,,,,true,,GET,https://airportgap.com/api/airports/JFK,HTTP/2.0,default,,200,,tls1.3,https://airportgap.com/api/airports/JFK,,
http_req_sending,1784003717,0.545500,,,,true,,GET,https://airportgap.com/api/airports/JFK,HTTP/2.0,default,,200,,tls1.3,https://airportgap.com/api/airports/JFK,,
http_req_waiting,1784003717,131.358700,,,,true,,GET,https://airportgap.com/api/airports/JFK,HTTP/2.0,default,,200,,tls1.3,https://airportgap.com/api/airports/JFK,,
http_req_receiving,1784003717,0.000000,,,,true,,GET,https://airportgap.com/api/airports/JFK,HTTP/2.0,default,,200,,tls1.3,https://airportgap.com/api/airports/JFK,,
http_req_failed,1784003717,0.000000,,,,true,,GET,https://airportgap.com/api/airports/JFK,HTTP/2.0,default,,200,,tls1.3,https://airportgap.com/api/airports/JFK,,
http_reqs,1784003717,1.000000,,,,true,,GET,https://airportgap.com/api/airports/JFK,HTTP/2.0,default,,200,,tls1.3,https://airportgap.com/api/airports/JFK,,
http_req_duration,1784003717,132.622000,,,,true,,GET,https://airportgap.com/api/airports/JFK,HTTP/2.0,default,,200,,tls1.3,https://airportgap.com/api/airports/JFK,,
http_req_blocked,1784003717,0.000000,,,,true,,GET,https://airportgap.com/api/airports/JFK,HTTP/2.0,default,,200,,tls1.3,https://airportgap.com/api/airports/JFK,,
http_req_connecting,1784003717,0.000000,,,,true,,GET,https://airportgap.com/api/airports/JFK,HTTP/2.0,default,,200,,tls1.3,https://airportgap.com/api/airports/JFK,,
http_req_tls_handshaking,1784003717,0.000000,,,,true,,GET,https://airportgap.com/api/airports/JFK,HTTP/2.0,default,,200,,tls1.3,https://airportgap.com/api/airports/JFK,,
http_req_sending,1784003717,0.545500,,,,true,,GET,https://airportgap.com/api/airports/JFK,HTTP/2.0,default,,200,,tls1.3,https://airportgap.com/api/airports/JFK,,
http_req_waiting,1784003717,131.358700,,,,true,,GET,https://airportgap.com/api/airports/JFK,HTTP/2.0,default,,200,,tls1.3,https://airportgap.com/api/airports/JFK,,
http_req_receiving,1784003717,0.717800,,,,true,,GET,https://airportgap.com/api/airports/JFK,HTTP/2.0,default,,200,,tls1.3,https://airportgap.com/api/airports/JFK,,
http_req_failed,1784003717,0.000000,,,,true,,GET,https://airportgap.com/api/airports/JFK,HTTP/2.0,default,,200,,tls1.3,https://airportgap.com/api/airports/JFK,,
checks,1784003717,1.000000,JFK status 200,,,,,,,,default,,,,,,,
checks,1784003717,1.000000,JFK status 200,,,,,,,,default,,,,,,,
http_reqs,1784003717,1.000000,,,,true,,GET,https://airportgap.com/api/airports/JFK,HTTP/2.0,default,,200,,tls1.3,https://airportgap.com/api/airports/JFK,,
http_req_duration,1784003717,131.498000,,,,true,,GET,https://airportgap.com/api/airports/JFK,HTTP/2.0,default,,200,,tls1.3,https://airportgap.com/api/airports/JFK,,
http_req_blocked,1784003717,0.000000,,,,true,,GET,https://airportgap.com/api/airports/JFK,HTTP/2.0,default,,200,,tls1.3,https://airportgap.com/api/airports/JFK,,
http_req_connecting,1784003717,0.000000,,,,true,,GET,https://airportgap.com/api/airports/JFK,HTTP/2.0,default,,200,,tls1.3,https://airportgap.com/api/airports/JFK,,
http_req_tls_handshaking,1784003717,0.000000,,,,true,,GET,https://airportgap.com/api/airports/JFK,HTTP/2.0,default,,200,,tls1.3,https://airportgap.com/api/airports/JFK,,
http_req_sending,1784003717,0.000000,,,,true,,GET,https://airportgap.com/api/airports/JFK,HTTP/2.0,default,,200,,tls1.3,https://airportgap.com/api/airports/JFK,,
http_req_waiting,1784003717,130.864200,,,,true,,GET,https://airportgap.com/api/airports/JFK,HTTP/2.0,default,,200,,tls1.3,https://airportgap.com/api/airports/JFK,,
http_req_receiving,1784003717,0.633800,,,,true,,GET,https://airportgap.com/api/airports/JFK,HTTP/2.0,default,,200,,tls1.3,https://airportgap.com/api/airports/JFK,,
http_req_failed,1784003717,0.000000,,,,true,,GET,https://airportgap.com/api/airports/JFK,HTTP/2.0,default,,200,,tls1.3,https://airportgap.com/api/airports/JFK,,
http_reqs,1784003717,1.000000,,,,true,,GET,https://airportgap.com/api/airports/JFK,HTTP/2.0,default,,200,,tls1.3,https://airportgap.com/api/airports/JFK,,
http_req_duration,1784003717,131.498000,,,,true,,GET,https://airportgap.com/api/airports/JFK,HTTP/2.0,default,,200,,tls1.3,https://airportgap.com/api/airports/JFK,,
http_req_blocked,1784003717,0.000000,,,,true,,GET,https://airportgap.com/api/airports/JFK,HTTP/2.0,default,,200,,tls1.3,https://airportgap.com/api/airports/JFK,,
http_req_connecting,1784003717,0.000000,,,,true,,GET,https://airportgap.com/api/airports/JFK,HTTP/2.0,default,,200,,tls1.3,https://airportgap.com/api/airports/JFK,,
http_req_tls_handshaking,1784003717,0.000000,,,,true,,GET,https://airportgap.com/api/airports/JFK,HTTP/2.0,default,,200,,tls1.3,https://airportgap.com/api/airports/JFK,,
http_req_sending,1784003717,0.000000,,,,true,,GET,https://airportgap.com/api/airports/JFK,HTTP/2.0,default,,200,,tls1.3,https://airportgap.com/api/airports/JFK,,
http_req_waiting,1784003717,130.864200,,,,true,,GET,https://airportgap.com/api/airports/JFK,HTTP/2.0,default,,200,,tls1.3,https://airportgap.com/api/airports/JFK,,
http_req_receiving,1784003717,0.633800,,,,true,,GET,https://airportgap.com/api/airports/JFK,HTTP/2.0,default,,200,,tls1.3,https://airportgap.com/api/airports/JFK,,
http_req_failed,1784003717,0.000000,,,,true,,GET,https://airportgap.com/api/airports/JFK,HTTP/2.0,default,,200,,tls1.3,https://airportgap.com/api/airports/JFK,,
checks,1784003717,1.000000,JFK status 200,,,,,,,,default,,,,,,,
checks,1784003717,1.000000,JFK status 200,,,,,,,,default,,,,,,,
http_reqs,1784003717,1.000000,,,,true,,GET,https://airportgap.com/api/airports/JFK,HTTP/2.0,default,,200,,tls1.3,https://airportgap.com/api/airports/JFK,,
http_req_duration,1784003717,131.498000,,,,true,,GET,https://airportgap.com/api/airports/JFK,HTTP/2.0,default,,200,,tls1.3,https://airportgap.com/api/airports/JFK,,
http_req_blocked,1784003717,0.000000,,,,true,,GET,https://airportgap.com/api/airports/JFK,HTTP/2.0,default,,200,,tls1.3,https://airportgap.com/api/airports/JFK,,
http_req_connecting,1784003717,0.000000,,,,true,,GET,https://airportgap.com/api/airports/JFK,HTTP/2.0,default,,200,,tls1.3,https://airportgap.com/api/airports/JFK,,
http_req_tls_handshaking,1784003717,0.000000,,,,true,,GET,https://airportgap.com/api/airports/JFK,HTTP/2.0,default,,200,,tls1.3,https://airportgap.com/api/airports/JFK,,
http_req_sending,1784003717,0.000000,,,,true,,GET,https://airportgap.com/api/airports/JFK,HTTP/2.0,default,,200,,tls1.3,https://airportgap.com/api/airports/JFK,,
http_req_waiting,1784003717,131.498000,,,,true,,GET,https://airportgap.com/api/airports/JFK,HTTP/2.0,default,,200,,tls1.3,https://airportgap.com/api/airports/JFK,,
http_req_receiving,1784003717,0.000000,,,,true,,GET,https://airportgap.com/api/airports/JFK,HTTP/2.0,default,,200,,tls1.3,https://airportgap.com/api/airports/JFK,,
http_req_failed,1784003717,0.000000,,,,true,,GET,https://airportgap.com/api/airports/JFK,HTTP/2.0,default,,200,,tls1.3,https://airportgap.com/api/airports/JFK,,
checks,1784003717,1.000000,JFK status 200,,,,,,,,default,,,,,,,
vus,1784003717,10.000000,,,,,,,,,,,,,,,,
vus_max,1784003717,10.000000,,,,,,,,,,,,,,,,
data_sent,1784003718,120.000000,,,,,,,,,default,,,,,,,
data_received,1784003718,7919.000000,,,,,,,,,default,,,,,,,
iteration_duration,1784003718,1263.117500,,,,,,,,,default,,,,,,,
iterations,1784003718,1.000000,,,,,,,,,default,,,,,,,
http_reqs,1784003718,1.000000,,,,true,,GET,https://airportgap.com/api/airports,HTTP/2.0,default,,200,,tls1.3,https://airportgap.com/api/airports,,
http_req_duration,1784003718,136.307400,,,,true,,GET,https://airportgap.com/api/airports,HTTP/2.0,default,,200,,tls1.3,https://airportgap.com/api/airports,,
http_req_blocked,1784003718,0.000000,,,,true,,GET,https://airportgap.com/api/airports,HTTP/2.0,default,,200,,tls1.3,https://airportgap.com/api/airports,,
http_req_connecting,1784003718,0.000000,,,,true,,GET,https://airportgap.com/api/airports,HTTP/2.0,default,,200,,tls1.3,https://airportgap.com/api/airports,,
http_req_tls_handshaking,1784003718,0.000000,,,,true,,GET,https://airportgap.com/api/airports,HTTP/2.0,default,,200,,tls1.3,https://airportgap.com/api/airports,,
http_req_sending,1784003718,0.601800,,,,true,,GET,https://airportgap.com/api/airports,HTTP/2.0,default,,200,,tls1.3,https://airportgap.com/api/airports,,
http_req_waiting,1784003718,135.705600,,,,true,,GET,https://airportgap.com/api/airports,HTTP/2.0,default,,200,,tls1.3,https://airportgap.com/api/airports,,
http_req_receiving,1784003718,0.000000,,,,true,,GET,https://airportgap.com/api/airports,HTTP/2.0,default,,200,,tls1.3,https://airportgap.com/api/airports,,
http_req_failed,1784003718,0.000000,,,,true,,GET,https://airportgap.com/api/airports,HTTP/2.0,default,,200,,tls1.3,https://airportgap.com/api/airports,,
checks,1784003718,1.000000,status 200,,,,,,,,default,,,,,,,
checks,1784003718,1.000000,menos de 1000ms,,,,,,,,default,,,,,,,
data_sent,1784003718,120.000000,,,,,,,,,default,,,,,,,
data_received,1784003718,7919.000000,,,,,,,,,default,,,,,,,
iteration_duration,1784003718,1240.390600,,,,,,,,,default,,,,,,,
iterations,1784003718,1.000000,,,,,,,,,default,,,,,,,
data_sent,1784003718,120.000000,,,,,,,,,default,,,,,,,
data_received,1784003718,7919.000000,,,,,,,,,default,,,,,,,
iteration_duration,1784003718,1271.707900,,,,,,,,,default,,,,,,,
iterations,1784003718,1.000000,,,,,,,,,default,,,,,,,
data_sent,1784003718,120.000000,,,,,,,,,default,,,,,,,
data_received,1784003718,7919.000000,,,,,,,,,default,,,,,,,
iteration_duration,1784003718,1272.035900,,,,,,,,,default,,,,,,,
iterations,1784003718,1.000000,,,,,,,,,default,,,,,,,
data_sent,1784003718,120.000000,,,,,,,,,default,,,,,,,
data_received,1784003718,7919.000000,,,,,,,,,default,,,,,,,
iteration_duration,1784003718,1283.365400,,,,,,,,,default,,,,,,,
iterations,1784003718,1.000000,,,,,,,,,default,,,,,,,
http_reqs,1784003718,1.000000,,,,true,,GET,https://airportgap.com/api/airports/JFK,HTTP/2.0,default,,200,,tls1.3,https://airportgap.com/api/airports/JFK,,
http_req_duration,1784003718,127.830400,,,,true,,GET,https://airportgap.com/api/airports/JFK,HTTP/2.0,default,,200,,tls1.3,https://airportgap.com/api/airports/JFK,,
http_req_blocked,1784003718,0.000000,,,,true,,GET,https://airportgap.com/api/airports/JFK,HTTP/2.0,default,,200,,tls1.3,https://airportgap.com/api/airports/JFK,,
http_req_connecting,1784003718,0.000000,,,,true,,GET,https://airportgap.com/api/airports/JFK,HTTP/2.0,default,,200,,tls1.3,https://airportgap.com/api/airports/JFK,,
http_req_tls_handshaking,1784003718,0.000000,,,,true,,GET,https://airportgap.com/api/airports/JFK,HTTP/2.0,default,,200,,tls1.3,https://airportgap.com/api/airports/JFK,,
http_req_sending,1784003718,0.000000,,,,true,,GET,https://airportgap.com/api/airports/JFK,HTTP/2.0,default,,200,,tls1.3,https://airportgap.com/api/airports/JFK,,
http_req_waiting,1784003718,126.475500,,,,true,,GET,https://airportgap.com/api/airports/JFK,HTTP/2.0,default,,200,,tls1.3,https://airportgap.com/api/airports/JFK,,
http_req_receiving,1784003718,1.354900,,,,true,,GET,https://airportgap.com/api/airports/JFK,HTTP/2.0,default,,200,,tls1.3,https://airportgap.com/api/airports/JFK,,
http_req_failed,1784003718,0.000000,,,,true,,GET,https://airportgap.com/api/airports/JFK,HTTP/2.0,default,,200,,tls1.3,https://airportgap.com/api/airports/JFK,,
checks,1784003718,1.000000,JFK status 200,,,,,,,,default,,,,,,,
data_sent,1784003718,120.000000,,,,,,,,,default,,,,,,,
data_received,1784003718,7919.000000,,,,,,,,,default,,,,,,,
iteration_duration,1784003718,1284.529000,,,,,,,,,default,,,,,,,
iterations,1784003718,1.000000,,,,,,,,,default,,,,,,,
data_sent,1784003718,120.000000,,,,,,,,,default,,,,,,,
data_received,1784003718,7919.000000,,,,,,,,,default,,,,,,,
iteration_duration,1784003718,1285.058800,,,,,,,,,default,,,,,,,
iterations,1784003718,1.000000,,,,,,,,,default,,,,,,,
data_sent,1784003718,120.000000,,,,,,,,,default,,,,,,,
data_received,1784003718,7919.000000,,,,,,,,,default,,,,,,,
iteration_duration,1784003718,1282.927700,,,,,,,,,default,,,,,,,
iterations,1784003718,1.000000,,,,,,,,,default,,,,,,,
data_sent,1784003718,120.000000,,,,,,,,,default,,,,,,,
data_received,1784003718,7921.000000,,,,,,,,,default,,,,,,,
iteration_duration,1784003718,1282.927700,,,,,,,,,default,,,,,,,
iterations,1784003718,1.000000,,,,,,,,,default,,,,,,,
data_sent,1784003718,120.000000,,,,,,,,,default,,,,,,,
data_received,1784003718,7918.000000,,,,,,,,,default,,,,,,,
iteration_duration,1784003718,1283.288600,,,,,,,,,default,,,,,,,
iterations,1784003718,1.000000,,,,,,,,,default,,,,,,,
http_reqs,1784003718,1.000000,,,,true,,GET,https://airportgap.com/api/airports,HTTP/2.0,default,,200,,tls1.3,https://airportgap.com/api/airports,,
http_req_duration,1784003718,122.145600,,,,true,,GET,https://airportgap.com/api/airports,HTTP/2.0,default,,200,,tls1.3,https://airportgap.com/api/airports,,
http_req_blocked,1784003718,0.000000,,,,true,,GET,https://airportgap.com/api/airports,HTTP/2.0,default,,200,,tls1.3,https://airportgap.com/api/airports,,
http_req_connecting,1784003718,0.000000,,,,true,,GET,https://airportgap.com/api/airports,HTTP/2.0,default,,200,,tls1.3,https://airportgap.com/api/airports,,
http_req_tls_handshaking,1784003718,0.000000,,,,true,,GET,https://airportgap.com/api/airports,HTTP/2.0,default,,200,,tls1.3,https://airportgap.com/api/airports,,
http_req_sending,1784003718,0.538200,,,,true,,GET,https://airportgap.com/api/airports,HTTP/2.0,default,,200,,tls1.3,https://airportgap.com/api/airports,,
http_req_waiting,1784003718,121.607400,,,,true,,GET,https://airportgap.com/api/airports,HTTP/2.0,default,,200,,tls1.3,https://airportgap.com/api/airports,,
http_req_receiving,1784003718,0.000000,,,,true,,GET,https://airportgap.com/api/airports,HTTP/2.0,default,,200,,tls1.3,https://airportgap.com/api/airports,,
http_req_failed,1784003718,0.000000,,,,true,,GET,https://airportgap.com/api/airports,HTTP/2.0,default,,200,,tls1.3,https://airportgap.com/api/airports,,
checks,1784003718,1.000000,status 200,,,,,,,,default,,,,,,,
checks,1784003718,1.000000,menos de 1000ms,,,,,,,,default,,,,,,,
http_reqs,1784003718,1.000000,,,,true,,GET,https://airportgap.com/api/airports,HTTP/2.0,default,,200,,tls1.3,https://airportgap.com/api/airports,,
http_req_duration,1784003718,141.700100,,,,true,,GET,https://airportgap.com/api/airports,HTTP/2.0,default,,200,,tls1.3,https://airportgap.com/api/airports,,
http_req_blocked,1784003718,0.000000,,,,true,,GET,https://airportgap.com/api/airports,HTTP/2.0,default,,200,,tls1.3,https://airportgap.com/api/airports,,
http_req_connecting,1784003718,0.000000,,,,true,,GET,https://airportgap.com/api/airports,HTTP/2.0,default,,200,,tls1.3,https://airportgap.com/api/airports,,
http_req_tls_handshaking,1784003718,0.000000,,,,true,,GET,https://airportgap.com/api/airports,HTTP/2.0,default,,200,,tls1.3,https://airportgap.com/api/airports,,
http_req_sending,1784003718,3.854800,,,,true,,GET,https://airportgap.com/api/airports,HTTP/2.0,default,,200,,tls1.3,https://airportgap.com/api/airports,,
http_req_waiting,1784003718,135.727500,,,,true,,GET,https://airportgap.com/api/airports,HTTP/2.0,default,,200,,tls1.3,https://airportgap.com/api/airports,,
http_req_receiving,1784003718,2.117800,,,,true,,GET,https://airportgap.com/api/airports,HTTP/2.0,default,,200,,tls1.3,https://airportgap.com/api/airports,,
http_req_failed,1784003718,0.000000,,,,true,,GET,https://airportgap.com/api/airports,HTTP/2.0,default,,200,,tls1.3,https://airportgap.com/api/airports,,
checks,1784003718,1.000000,status 200,,,,,,,,default,,,,,,,
checks,1784003718,1.000000,menos de 1000ms,,,,,,,,default,,,,,,,
http_reqs,1784003718,1.000000,,,,true,,GET,https://airportgap.com/api/airports,HTTP/2.0,default,,200,,tls1.3,https://airportgap.com/api/airports,,
http_req_duration,1784003718,144.092800,,,,true,,GET,https://airportgap.com/api/airports,HTTP/2.0,default,,200,,tls1.3,https://airportgap.com/api/airports,,
http_req_blocked,1784003718,0.000000,,,,true,,GET,https://airportgap.com/api/airports,HTTP/2.0,default,,200,,tls1.3,https://airportgap.com/api/airports,,
http_req_connecting,1784003718,0.000000,,,,true,,GET,https://airportgap.com/api/airports,HTTP/2.0,default,,200,,tls1.3,https://airportgap.com/api/airports,,
http_req_tls_handshaking,1784003718,0.000000,,,,true,,GET,https://airportgap.com/api/airports,HTTP/2.0,default,,200,,tls1.3,https://airportgap.com/api/airports,,
http_req_sending,1784003718,0.000000,,,,true,,GET,https://airportgap.com/api/airports,HTTP/2.0,default,,200,,tls1.3,https://airportgap.com/api/airports,,
http_req_waiting,1784003718,141.372100,,,,true,,GET,https://airportgap.com/api/airports,HTTP/2.0,default,,200,,tls1.3,https://airportgap.com/api/airports,,
http_req_receiving,1784003718,2.720700,,,,true,,GET,https://airportgap.com/api/airports,HTTP/2.0,default,,200,,tls1.3,https://airportgap.com/api/airports,,
http_req_failed,1784003718,0.000000,,,,true,,GET,https://airportgap.com/api/airports,HTTP/2.0,default,,200,,tls1.3,https://airportgap.com/api/airports,,
checks,1784003718,1.000000,status 200,,,,,,,,default,,,,,,,
checks,1784003718,1.000000,menos de 1000ms,,,,,,,,default,,,,,,,
http_reqs,1784003718,1.000000,,,,true,,GET,https://airportgap.com/api/airports,HTTP/2.0,default,,200,,tls1.3,https://airportgap.com/api/airports,,
http_req_duration,1784003718,148.326700,,,,true,,GET,https://airportgap.com/api/airports,HTTP/2.0,default,,200,,tls1.3,https://airportgap.com/api/airports,,
http_req_blocked,1784003718,0.000000,,,,true,,GET,https://airportgap.com/api/airports,HTTP/2.0,default,,200,,tls1.3,https://airportgap.com/api/airports,,
http_req_connecting,1784003718,0.000000,,,,true,,GET,https://airportgap.com/api/airports,HTTP/2.0,default,,200,,tls1.3,https://airportgap.com/api/airports,,
http_req_tls_handshaking,1784003718,0.000000,,,,true,,GET,https://airportgap.com/api/airports,HTTP/2.0,default,,200,,tls1.3,https://airportgap.com/api/airports,,
http_req_sending,1784003718,0.000000,,,,true,,GET,https://airportgap.com/api/airports,HTTP/2.0,default,,200,,tls1.3,https://airportgap.com/api/airports,,
http_req_waiting,1784003718,147.922300,,,,true,,GET,https://airportgap.com/api/airports,HTTP/2.0,default,,200,,tls1.3,https://airportgap.com/api/airports,,
http_req_receiving,1784003718,0.404400,,,,true,,GET,https://airportgap.com/api/airports,HTTP/2.0,default,,200,,tls1.3,https://airportgap.com/api/airports,,
http_req_failed,1784003718,0.000000,,,,true,,GET,https://airportgap.com/api/airports,HTTP/2.0,default,,200,,tls1.3,https://airportgap.com/api/airports,,
checks,1784003718,1.000000,status 200,,,,,,,,default,,,,,,,
checks,1784003718,1.000000,menos de 1000ms,,,,,,,,default,,,,,,,
http_reqs,1784003718,1.000000,,,,true,,GET,https://airportgap.com/api/airports,HTTP/2.0,default,,200,,tls1.3,https://airportgap.com/api/airports,,
http_req_duration,1784003718,150.709900,,,,true,,GET,https://airportgap.com/api/airports,HTTP/2.0,default,,200,,tls1.3,https://airportgap.com/api/airports,,
http_req_blocked,1784003718,0.000000,,,,true,,GET,https://airportgap.com/api/airports,HTTP/2.0,default,,200,,tls1.3,https://airportgap.com/api/airports,,
http_req_connecting,1784003718,0.000000,,,,true,,GET,https://airportgap.com/api/airports,HTTP/2.0,default,,200,,tls1.3,https://airportgap.com/api/airports,,
http_req_tls_handshaking,1784003718,0.000000,,,,true,,GET,https://airportgap.com/api/airports,HTTP/2.0,default,,200,,tls1.3,https://airportgap.com/api/airports,,
http_req_sending,1784003718,0.000000,,,,true,,GET,https://airportgap.com/api/airports,HTTP/2.0,default,,200,,tls1.3,https://airportgap.com/api/airports,,
http_req_waiting,1784003718,148.269300,,,,true,,GET,https://airportgap.com/api/airports,HTTP/2.0,default,,200,,tls1.3,https://airportgap.com/api/airports,,
http_req_receiving,1784003718,2.440600,,,,true,,GET,https://airportgap.com/api/airports,HTTP/2.0,default,,200,,tls1.3,https://airportgap.com/api/airports,,
http_req_failed,1784003718,0.000000,,,,true,,GET,https://airportgap.com/api/airports,HTTP/2.0,default,,200,,tls1.3,https://airportgap.com/api/airports,,
checks,1784003718,1.000000,status 200,,,,,,,,default,,,,,,,
checks,1784003718,1.000000,menos de 1000ms,,,,,,,,default,,,,,,,
http_reqs,1784003718,1.000000,,,,true,,GET,https://airportgap.com/api/airports,HTTP/2.0,default,,200,,tls1.3,https://airportgap.com/api/airports,,
http_req_duration,1784003718,151.455900,,,,true,,GET,https://airportgap.com/api/airports,HTTP/2.0,default,,200,,tls1.3,https://airportgap.com/api/airports,,
http_req_blocked,1784003718,0.000000,,,,true,,GET,https://airportgap.com/api/airports,HTTP/2.0,default,,200,,tls1.3,https://airportgap.com/api/airports,,
http_req_connecting,1784003718,0.000000,,,,true,,GET,https://airportgap.com/api/airports,HTTP/2.0,default,,200,,tls1.3,https://airportgap.com/api/airports,,
http_req_tls_handshaking,1784003718,0.000000,,,,true,,GET,https://airportgap.com/api/airports,HTTP/2.0,default,,200,,tls1.3,https://airportgap.com/api/airports,,
http_req_sending,1784003718,0.000000,,,,true,,GET,https://airportgap.com/api/airports,HTTP/2.0,default,,200,,tls1.3,https://airportgap.com/api/airports,,
http_req_waiting,1784003718,151.455900,,,,true,,GET,https://airportgap.com/api/airports,HTTP/2.0,default,,200,,tls1.3,https://airportgap.com/api/airports,,
http_req_receiving,1784003718,0.000000,,,,true,,GET,https://airportgap.com/api/airports,HTTP/2.0,default,,200,,tls1.3,https://airportgap.com/api/airports,,
http_req_failed,1784003718,0.000000,,,,true,,GET,https://airportgap.com/api/airports,HTTP/2.0,default,,200,,tls1.3,https://airportgap.com/api/airports,,
checks,1784003718,1.000000,status 200,,,,,,,,default,,,,,,,
checks,1784003718,1.000000,menos de 1000ms,,,,,,,,default,,,,,,,
http_reqs,1784003718,1.000000,,,,true,,GET,https://airportgap.com/api/airports/JFK,HTTP/2.0,default,,200,,tls1.3,https://airportgap.com/api/airports/JFK,,
http_req_duration,1784003718,149.444800,,,,true,,GET,https://airportgap.com/api/airports/JFK,HTTP/2.0,default,,200,,tls1.3,https://airportgap.com/api/airports/JFK,,
http_req_blocked,1784003718,0.000000,,,,true,,GET,https://airportgap.com/api/airports/JFK,HTTP/2.0,default,,200,,tls1.3,https://airportgap.com/api/airports/JFK,,
http_req_connecting,1784003718,0.000000,,,,true,,GET,https://airportgap.com/api/airports/JFK,HTTP/2.0,default,,200,,tls1.3,https://airportgap.com/api/airports/JFK,,
http_req_tls_handshaking,1784003718,0.000000,,,,true,,GET,https://airportgap.com/api/airports/JFK,HTTP/2.0,default,,200,,tls1.3,https://airportgap.com/api/airports/JFK,,
http_req_sending,1784003718,0.000000,,,,true,,GET,https://airportgap.com/api/airports/JFK,HTTP/2.0,default,,200,,tls1.3,https://airportgap.com/api/airports/JFK,,
http_req_waiting,1784003718,149.076500,,,,true,,GET,https://airportgap.com/api/airports/JFK,HTTP/2.0,default,,200,,tls1.3,https://airportgap.com/api/airports/JFK,,
http_req_receiving,1784003718,0.368300,,,,true,,GET,https://airportgap.com/api/airports/JFK,HTTP/2.0,default,,200,,tls1.3,https://airportgap.com/api/airports/JFK,,
http_req_failed,1784003718,0.000000,,,,true,,GET,https://airportgap.com/api/airports/JFK,HTTP/2.0,default,,200,,tls1.3,https://airportgap.com/api/airports/JFK,,
checks,1784003718,1.000000,JFK status 200,,,,,,,,default,,,,,,,
http_reqs,1784003718,1.000000,,,,true,,GET,https://airportgap.com/api/airports,HTTP/2.0,default,,200,,tls1.3,https://airportgap.com/api/airports,,
http_req_duration,1784003718,156.151000,,,,true,,GET,https://airportgap.com/api/airports,HTTP/2.0,default,,200,,tls1.3,https://airportgap.com/api/airports,,
http_req_blocked,1784003718,0.000000,,,,true,,GET,https://airportgap.com/api/airports,HTTP/2.0,default,,200,,tls1.3,https://airportgap.com/api/airports,,
http_req_connecting,1784003718,0.000000,,,,true,,GET,https://airportgap.com/api/airports,HTTP/2.0,default,,200,,tls1.3,https://airportgap.com/api/airports,,
http_req_tls_handshaking,1784003718,0.000000,,,,true,,GET,https://airportgap.com/api/airports,HTTP/2.0,default,,200,,tls1.3,https://airportgap.com/api/airports,,
http_req_sending,1784003718,0.360900,,,,true,,GET,https://airportgap.com/api/airports,HTTP/2.0,default,,200,,tls1.3,https://airportgap.com/api/airports,,
http_req_waiting,1784003718,155.790100,,,,true,,GET,https://airportgap.com/api/airports,HTTP/2.0,default,,200,,tls1.3,https://airportgap.com/api/airports,,
http_req_receiving,1784003718,0.000000,,,,true,,GET,https://airportgap.com/api/airports,HTTP/2.0,default,,200,,tls1.3,https://airportgap.com/api/airports,,
http_req_failed,1784003718,0.000000,,,,true,,GET,https://airportgap.com/api/airports,HTTP/2.0,default,,200,,tls1.3,https://airportgap.com/api/airports,,
checks,1784003718,1.000000,status 200,,,,,,,,default,,,,,,,
checks,1784003718,1.000000,menos de 1000ms,,,,,,,,default,,,,,,,
http_reqs,1784003718,1.000000,,,,true,,GET,https://airportgap.com/api/airports,HTTP/2.0,default,,200,,tls1.3,https://airportgap.com/api/airports,,
http_req_duration,1784003718,165.008900,,,,true,,GET,https://airportgap.com/api/airports,HTTP/2.0,default,,200,,tls1.3,https://airportgap.com/api/airports,,
http_req_blocked,1784003718,0.000000,,,,true,,GET,https://airportgap.com/api/airports,HTTP/2.0,default,,200,,tls1.3,https://airportgap.com/api/airports,,
http_req_connecting,1784003718,0.000000,,,,true,,GET,https://airportgap.com/api/airports,HTTP/2.0,default,,200,,tls1.3,https://airportgap.com/api/airports,,
http_req_tls_handshaking,1784003718,0.000000,,,,true,,GET,https://airportgap.com/api/airports,HTTP/2.0,default,,200,,tls1.3,https://airportgap.com/api/airports,,
http_req_sending,1784003718,0.360900,,,,true,,GET,https://airportgap.com/api/airports,HTTP/2.0,default,,200,,tls1.3,https://airportgap.com/api/airports,,
http_req_waiting,1784003718,161.387200,,,,true,,GET,https://airportgap.com/api/airports,HTTP/2.0,default,,200,,tls1.3,https://airportgap.com/api/airports,,
http_req_receiving,1784003718,3.260800,,,,true,,GET,https://airportgap.com/api/airports,HTTP/2.0,default,,200,,tls1.3,https://airportgap.com/api/airports,,
http_req_failed,1784003718,0.000000,,,,true,,GET,https://airportgap.com/api/airports,HTTP/2.0,default,,200,,tls1.3,https://airportgap.com/api/airports,,
http_reqs,1784003718,1.000000,,,,true,,GET,https://airportgap.com/api/airports,HTTP/2.0,default,,200,,tls1.3,https://airportgap.com/api/airports,,
http_req_duration,1784003718,164.648000,,,,true,,GET,https://airportgap.com/api/airports,HTTP/2.0,default,,200,,tls1.3,https://airportgap.com/api/airports,,
http_req_blocked,1784003718,0.000000,,,,true,,GET,https://airportgap.com/api/airports,HTTP/2.0,default,,200,,tls1.3,https://airportgap.com/api/airports,,
http_req_connecting,1784003718,0.000000,,,,true,,GET,https://airportgap.com/api/airports,HTTP/2.0,default,,200,,tls1.3,https://airportgap.com/api/airports,,
http_req_tls_handshaking,1784003718,0.000000,,,,true,,GET,https://airportgap.com/api/airports,HTTP/2.0,default,,200,,tls1.3,https://airportgap.com/api/airports,,
http_req_sending,1784003718,0.000000,,,,true,,GET,https://airportgap.com/api/airports,HTTP/2.0,default,,200,,tls1.3,https://airportgap.com/api/airports,,
http_req_waiting,1784003718,164.115500,,,,true,,GET,https://airportgap.com/api/airports,HTTP/2.0,default,,200,,tls1.3,https://airportgap.com/api/airports,,
http_req_receiving,1784003718,0.532500,,,,true,,GET,https://airportgap.com/api/airports,HTTP/2.0,default,,200,,tls1.3,https://airportgap.com/api/airports,,
http_req_failed,1784003718,0.000000,,,,true,,GET,https://airportgap.com/api/airports,HTTP/2.0,default,,200,,tls1.3,https://airportgap.com/api/airports,,
checks,1784003718,1.000000,status 200,,,,,,,,default,,,,,,,
checks,1784003718,1.000000,menos de 1000ms,,,,,,,,default,,,,,,,
checks,1784003718,1.000000,status 200,,,,,,,,default,,,,,,,
checks,1784003718,1.000000,menos de 1000ms,,,,,,,,default,,,,,,,
vus,1784003718,10.000000,,,,,,,,,,,,,,,,
vus_max,1784003718,10.000000,,,,,,,,,,,,,,,,
http_reqs,1784003718,1.000000,,,,true,,GET,https://airportgap.com/api/airports/JFK,HTTP/2.0,default,,200,,tls1.3,https://airportgap.com/api/airports/JFK,,
http_req_duration,1784003718,128.586800,,,,true,,GET,https://airportgap.com/api/airports/JFK,HTTP/2.0,default,,200,,tls1.3,https://airportgap.com/api/airports/JFK,,
http_req_blocked,1784003718,0.000000,,,,true,,GET,https://airportgap.com/api/airports/JFK,HTTP/2.0,default,,200,,tls1.3,https://airportgap.com/api/airports/JFK,,
http_req_connecting,1784003718,0.000000,,,,true,,GET,https://airportgap.com/api/airports/JFK,HTTP/2.0,default,,200,,tls1.3,https://airportgap.com/api/airports/JFK,,
http_req_tls_handshaking,1784003718,0.000000,,,,true,,GET,https://airportgap.com/api/airports/JFK,HTTP/2.0,default,,200,,tls1.3,https://airportgap.com/api/airports/JFK,,
http_req_sending,1784003718,0.000000,,,,true,,GET,https://airportgap.com/api/airports/JFK,HTTP/2.0,default,,200,,tls1.3,https://airportgap.com/api/airports/JFK,,
http_req_waiting,1784003718,128.058300,,,,true,,GET,https://airportgap.com/api/airports/JFK,HTTP/2.0,default,,200,,tls1.3,https://airportgap.com/api/airports/JFK,,
http_req_receiving,1784003718,0.528500,,,,true,,GET,https://airportgap.com/api/airports/JFK,HTTP/2.0,default,,200,,tls1.3,https://airportgap.com/api/airports/JFK,,
http_req_failed,1784003718,0.000000,,,,true,,GET,https://airportgap.com/api/airports/JFK,HTTP/2.0,default,,200,,tls1.3,https://airportgap.com/api/airports/JFK,,
checks,1784003718,1.000000,JFK status 200,,,,,,,,default,,,,,,,
http_reqs,1784003718,1.000000,,,,true,,GET,https://airportgap.com/api/airports/JFK,HTTP/2.0,default,,200,,tls1.3,https://airportgap.com/api/airports/JFK,,
http_req_duration,1784003718,129.156400,,,,true,,GET,https://airportgap.com/api/airports/JFK,HTTP/2.0,default,,200,,tls1.3,https://airportgap.com/api/airports/JFK,,
http_req_blocked,1784003718,0.000000,,,,true,,GET,https://airportgap.com/api/airports/JFK,HTTP/2.0,default,,200,,tls1.3,https://airportgap.com/api/airports/JFK,,
http_req_connecting,1784003718,0.000000,,,,true,,GET,https://airportgap.com/api/airports/JFK,HTTP/2.0,default,,200,,tls1.3,https://airportgap.com/api/airports/JFK,,
http_req_tls_handshaking,1784003718,0.000000,,,,true,,GET,https://airportgap.com/api/airports/JFK,HTTP/2.0,default,,200,,tls1.3,https://airportgap.com/api/airports/JFK,,
http_req_sending,1784003718,0.510000,,,,true,,GET,https://airportgap.com/api/airports/JFK,HTTP/2.0,default,,200,,tls1.3,https://airportgap.com/api/airports/JFK,,
http_req_waiting,1784003718,127.297700,,,,true,,GET,https://airportgap.com/api/airports/JFK,HTTP/2.0,default,,200,,tls1.3,https://airportgap.com/api/airports/JFK,,
http_req_receiving,1784003718,1.348700,,,,true,,GET,https://airportgap.com/api/airports/JFK,HTTP/2.0,default,,200,,tls1.3,https://airportgap.com/api/airports/JFK,,
http_req_failed,1784003718,0.000000,,,,true,,GET,https://airportgap.com/api/airports/JFK,HTTP/2.0,default,,200,,tls1.3,https://airportgap.com/api/airports/JFK,,
checks,1784003718,1.000000,JFK status 200,,,,,,,,default,,,,,,,
http_reqs,1784003718,1.000000,,,,true,,GET,https://airportgap.com/api/airports/JFK,HTTP/2.0,default,,200,,tls1.3,https://airportgap.com/api/airports/JFK,,
http_req_duration,1784003718,126.740700,,,,true,,GET,https://airportgap.com/api/airports/JFK,HTTP/2.0,default,,200,,tls1.3,https://airportgap.com/api/airports/JFK,,
http_req_blocked,1784003718,0.000000,,,,true,,GET,https://airportgap.com/api/airports/JFK,HTTP/2.0,default,,200,,tls1.3,https://airportgap.com/api/airports/JFK,,
http_req_connecting,1784003718,0.000000,,,,true,,GET,https://airportgap.com/api/airports/JFK,HTTP/2.0,default,,200,,tls1.3,https://airportgap.com/api/airports/JFK,,
http_req_tls_handshaking,1784003718,0.000000,,,,true,,GET,https://airportgap.com/api/airports/JFK,HTTP/2.0,default,,200,,tls1.3,https://airportgap.com/api/airports/JFK,,
http_req_sending,1784003718,0.000000,,,,true,,GET,https://airportgap.com/api/airports/JFK,HTTP/2.0,default,,200,,tls1.3,https://airportgap.com/api/airports/JFK,,
http_req_waiting,1784003718,126.740700,,,,true,,GET,https://airportgap.com/api/airports/JFK,HTTP/2.0,default,,200,,tls1.3,https://airportgap.com/api/airports/JFK,,
http_req_receiving,1784003718,0.000000,,,,true,,GET,https://airportgap.com/api/airports/JFK,HTTP/2.0,default,,200,,tls1.3,https://airportgap.com/api/airports/JFK,,
http_req_failed,1784003718,0.000000,,,,true,,GET,https://airportgap.com/api/airports/JFK,HTTP/2.0,default,,200,,tls1.3,https://airportgap.com/api/airports/JFK,,
checks,1784003718,1.000000,JFK status 200,,,,,,,,default,,,,,,,
http_reqs,1784003718,1.000000,,,,true,,GET,https://airportgap.com/api/airports/JFK,HTTP/2.0,default,,200,,tls1.3,https://airportgap.com/api/airports/JFK,,
http_req_duration,1784003718,127.791100,,,,true,,GET,https://airportgap.com/api/airports/JFK,HTTP/2.0,default,,200,,tls1.3,https://airportgap.com/api/airports/JFK,,
http_req_blocked,1784003718,0.000000,,,,true,,GET,https://airportgap.com/api/airports/JFK,HTTP/2.0,default,,200,,tls1.3,https://airportgap.com/api/airports/JFK,,
http_req_connecting,1784003718,0.000000,,,,true,,GET,https://airportgap.com/api/airports/JFK,HTTP/2.0,default,,200,,tls1.3,https://airportgap.com/api/airports/JFK,,
http_req_tls_handshaking,1784003718,0.000000,,,,true,,GET,https://airportgap.com/api/airports/JFK,HTTP/2.0,default,,200,,tls1.3,https://airportgap.com/api/airports/JFK,,
http_req_sending,1784003718,0.000000,,,,true,,GET,https://airportgap.com/api/airports/JFK,HTTP/2.0,default,,200,,tls1.3,https://airportgap.com/api/airports/JFK,,
http_req_waiting,1784003718,127.791100,,,,true,,GET,https://airportgap.com/api/airports/JFK,HTTP/2.0,default,,200,,tls1.3,https://airportgap.com/api/airports/JFK,,
http_req_receiving,1784003718,0.000000,,,,true,,GET,https://airportgap.com/api/airports/JFK,HTTP/2.0,default,,200,,tls1.3,https://airportgap.com/api/airports/JFK,,
http_req_failed,1784003718,0.000000,,,,true,,GET,https://airportgap.com/api/airports/JFK,HTTP/2.0,default,,200,,tls1.3,https://airportgap.com/api/airports/JFK,,
checks,1784003718,1.000000,JFK status 200,,,,,,,,default,,,,,,,
http_reqs,1784003718,1.000000,,,,true,,GET,https://airportgap.com/api/airports/JFK,HTTP/2.0,default,,200,,tls1.3,https://airportgap.com/api/airports/JFK,,
http_req_duration,1784003718,127.823100,,,,true,,GET,https://airportgap.com/api/airports/JFK,HTTP/2.0,default,,200,,tls1.3,https://airportgap.com/api/airports/JFK,,
http_req_blocked,1784003718,0.000000,,,,true,,GET,https://airportgap.com/api/airports/JFK,HTTP/2.0,default,,200,,tls1.3,https://airportgap.com/api/airports/JFK,,
http_req_connecting,1784003718,0.000000,,,,true,,GET,https://airportgap.com/api/airports/JFK,HTTP/2.0,default,,200,,tls1.3,https://airportgap.com/api/airports/JFK,,
http_req_tls_handshaking,1784003718,0.000000,,,,true,,GET,https://airportgap.com/api/airports/JFK,HTTP/2.0,default,,200,,tls1.3,https://airportgap.com/api/airports/JFK,,
http_req_sending,1784003718,0.651700,,,,true,,GET,https://airportgap.com/api/airports/JFK,HTTP/2.0,default,,200,,tls1.3,https://airportgap.com/api/airports/JFK,,
http_req_waiting,1784003718,126.543200,,,,true,,GET,https://airportgap.com/api/airports/JFK,HTTP/2.0,default,,200,,tls1.3,https://airportgap.com/api/airports/JFK,,
http_req_receiving,1784003718,0.628200,,,,true,,GET,https://airportgap.com/api/airports/JFK,HTTP/2.0,default,,200,,tls1.3,https://airportgap.com/api/airports/JFK,,
http_req_failed,1784003718,0.000000,,,,true,,GET,https://airportgap.com/api/airports/JFK,HTTP/2.0,default,,200,,tls1.3,https://airportgap.com/api/airports/JFK,,
checks,1784003718,1.000000,JFK status 200,,,,,,,,default,,,,,,,
http_reqs,1784003718,1.000000,,,,true,,GET,https://airportgap.com/api/airports/JFK,HTTP/2.0,default,,200,,tls1.3,https://airportgap.com/api/airports/JFK,,
http_req_duration,1784003718,128.374200,,,,true,,GET,https://airportgap.com/api/airports/JFK,HTTP/2.0,default,,200,,tls1.3,https://airportgap.com/api/airports/JFK,,
http_req_blocked,1784003718,0.000000,,,,true,,GET,https://airportgap.com/api/airports/JFK,HTTP/2.0,default,,200,,tls1.3,https://airportgap.com/api/airports/JFK,,
http_req_connecting,1784003718,0.000000,,,,true,,GET,https://airportgap.com/api/airports/JFK,HTTP/2.0,default,,200,,tls1.3,https://airportgap.com/api/airports/JFK,,
http_req_tls_handshaking,1784003718,0.000000,,,,true,,GET,https://airportgap.com/api/airports/JFK,HTTP/2.0,default,,200,,tls1.3,https://airportgap.com/api/airports/JFK,,
http_req_sending,1784003718,0.000000,,,,true,,GET,https://airportgap.com/api/airports/JFK,HTTP/2.0,default,,200,,tls1.3,https://airportgap.com/api/airports/JFK,,
http_req_waiting,1784003718,128.374200,,,,true,,GET,https://airportgap.com/api/airports/JFK,HTTP/2.0,default,,200,,tls1.3,https://airportgap.com/api/airports/JFK,,
http_req_receiving,1784003718,0.000000,,,,true,,GET,https://airportgap.com/api/airports/JFK,HTTP/2.0,default,,200,,tls1.3,https://airportgap.com/api/airports/JFK,,
http_req_failed,1784003718,0.000000,,,,true,,GET,https://airportgap.com/api/airports/JFK,HTTP/2.0,default,,200,,tls1.3,https://airportgap.com/api/airports/JFK,,
checks,1784003718,1.000000,JFK status 200,,,,,,,,default,,,,,,,
http_reqs,1784003718,1.000000,,,,true,,GET,https://airportgap.com/api/airports/JFK,HTTP/2.0,default,,200,,tls1.3,https://airportgap.com/api/airports/JFK,,
http_req_duration,1784003718,130.395800,,,,true,,GET,https://airportgap.com/api/airports/JFK,HTTP/2.0,default,,200,,tls1.3,https://airportgap.com/api/airports/JFK,,
http_req_blocked,1784003718,0.000000,,,,true,,GET,https://airportgap.com/api/airports/JFK,HTTP/2.0,default,,200,,tls1.3,https://airportgap.com/api/airports/JFK,,
http_req_connecting,1784003718,0.000000,,,,true,,GET,https://airportgap.com/api/airports/JFK,HTTP/2.0,default,,200,,tls1.3,https://airportgap.com/api/airports/JFK,,
http_req_tls_handshaking,1784003718,0.000000,,,,true,,GET,https://airportgap.com/api/airports/JFK,HTTP/2.0,default,,200,,tls1.3,https://airportgap.com/api/airports/JFK,,
http_req_sending,1784003718,0.000000,,,,true,,GET,https://airportgap.com/api/airports/JFK,HTTP/2.0,default,,200,,tls1.3,https://airportgap.com/api/airports/JFK,,
http_req_waiting,1784003718,129.398200,,,,true,,GET,https://airportgap.com/api/airports/JFK,HTTP/2.0,default,,200,,tls1.3,https://airportgap.com/api/airports/JFK,,
http_req_receiving,1784003718,0.997600,,,,true,,GET,https://airportgap.com/api/airports/JFK,HTTP/2.0,default,,200,,tls1.3,https://airportgap.com/api/airports/JFK,,
http_req_failed,1784003718,0.000000,,,,true,,GET,https://airportgap.com/api/airports/JFK,HTTP/2.0,default,,200,,tls1.3,https://airportgap.com/api/airports/JFK,,
http_reqs,1784003718,1.000000,,,,true,,GET,https://airportgap.com/api/airports/JFK,HTTP/2.0,default,,200,,tls1.3,https://airportgap.com/api/airports/JFK,,
http_req_duration,1784003718,130.395800,,,,true,,GET,https://airportgap.com/api/airports/JFK,HTTP/2.0,default,,200,,tls1.3,https://airportgap.com/api/airports/JFK,,
http_req_blocked,1784003718,0.000000,,,,true,,GET,https://airportgap.com/api/airports/JFK,HTTP/2.0,default,,200,,tls1.3,https://airportgap.com/api/airports/JFK,,
http_req_connecting,1784003718,0.000000,,,,true,,GET,https://airportgap.com/api/airports/JFK,HTTP/2.0,default,,200,,tls1.3,https://airportgap.com/api/airports/JFK,,
http_req_tls_handshaking,1784003718,0.000000,,,,true,,GET,https://airportgap.com/api/airports/JFK,HTTP/2.0,default,,200,,tls1.3,https://airportgap.com/api/airports/JFK,,
http_req_sending,1784003718,0.000000,,,,true,,GET,https://airportgap.com/api/airports/JFK,HTTP/2.0,default,,200,,tls1.3,https://airportgap.com/api/airports/JFK,,
http_req_waiting,1784003718,127.880300,,,,true,,GET,https://airportgap.com/api/airports/JFK,HTTP/2.0,default,,200,,tls1.3,https://airportgap.com/api/airports/JFK,,
http_req_receiving,1784003718,2.515500,,,,true,,GET,https://airportgap.com/api/airports/JFK,HTTP/2.0,default,,200,,tls1.3,https://airportgap.com/api/airports/JFK,,
http_req_failed,1784003718,0.000000,,,,true,,GET,https://airportgap.com/api/airports/JFK,HTTP/2.0,default,,200,,tls1.3,https://airportgap.com/api/airports/JFK,,
checks,1784003718,1.000000,JFK status 200,,,,,,,,default,,,,,,,
checks,1784003718,1.000000,JFK status 200,,,,,,,,default,,,,,,,
data_sent,1784003719,120.000000,,,,,,,,,default,,,,,,,
data_received,1784003719,7920.000000,,,,,,,,,default,,,,,,,
iteration_duration,1784003719,1265.326500,,,,,,,,,default,,,,,,,
iterations,1784003719,1.000000,,,,,,,,,default,,,,,,,
http_reqs,1784003719,1.000000,,,,true,,GET,https://airportgap.com/api/airports,HTTP/2.0,default,,200,,tls1.3,https://airportgap.com/api/airports,,
http_req_duration,1784003719,136.751700,,,,true,,GET,https://airportgap.com/api/airports,HTTP/2.0,default,,200,,tls1.3,https://airportgap.com/api/airports,,
http_req_blocked,1784003719,0.000000,,,,true,,GET,https://airportgap.com/api/airports,HTTP/2.0,default,,200,,tls1.3,https://airportgap.com/api/airports,,
http_req_connecting,1784003719,0.000000,,,,true,,GET,https://airportgap.com/api/airports,HTTP/2.0,default,,200,,tls1.3,https://airportgap.com/api/airports,,
http_req_tls_handshaking,1784003719,0.000000,,,,true,,GET,https://airportgap.com/api/airports,HTTP/2.0,default,,200,,tls1.3,https://airportgap.com/api/airports,,
http_req_sending,1784003719,0.000000,,,,true,,GET,https://airportgap.com/api/airports,HTTP/2.0,default,,200,,tls1.3,https://airportgap.com/api/airports,,
http_req_waiting,1784003719,136.070000,,,,true,,GET,https://airportgap.com/api/airports,HTTP/2.0,default,,200,,tls1.3,https://airportgap.com/api/airports,,
http_req_receiving,1784003719,0.681700,,,,true,,GET,https://airportgap.com/api/airports,HTTP/2.0,default,,200,,tls1.3,https://airportgap.com/api/airports,,
http_req_failed,1784003719,0.000000,,,,true,,GET,https://airportgap.com/api/airports,HTTP/2.0,default,,200,,tls1.3,https://airportgap.com/api/airports,,
checks,1784003719,1.000000,status 200,,,,,,,,default,,,,,,,
checks,1784003719,1.000000,menos de 1000ms,,,,,,,,default,,,,,,,
data_sent,1784003719,120.000000,,,,,,,,,default,,,,,,,
data_received,1784003719,7919.000000,,,,,,,,,default,,,,,,,
iteration_duration,1784003719,1271.983600,,,,,,,,,default,,,,,,,
iterations,1784003719,1.000000,,,,,,,,,default,,,,,,,
vus,1784003719,10.000000,,,,,,,,,,,,,,,,
vus_max,1784003719,10.000000,,,,,,,,,,,,,,,,
data_sent,1784003719,120.000000,,,,,,,,,default,,,,,,,
data_received,1784003719,7919.000000,,,,,,,,,default,,,,,,,
iteration_duration,1784003719,1271.060000,,,,,,,,,default,,,,,,,
iterations,1784003719,1.000000,,,,,,,,,default,,,,,,,
data_sent,1784003719,120.000000,,,,,,,,,default,,,,,,,
data_received,1784003719,7919.000000,,,,,,,,,default,,,,,,,
iteration_duration,1784003719,1274.573800,,,,,,,,,default,,,,,,,
iterations,1784003719,1.000000,,,,,,,,,default,,,,,,,
http_reqs,1784003719,1.000000,,,,true,,GET,https://airportgap.com/api/airports/JFK,HTTP/2.0,default,,200,,tls1.3,https://airportgap.com/api/airports/JFK,,
http_req_duration,1784003719,127.959700,,,,true,,GET,https://airportgap.com/api/airports/JFK,HTTP/2.0,default,,200,,tls1.3,https://airportgap.com/api/airports/JFK,,
http_req_blocked,1784003719,0.000000,,,,true,,GET,https://airportgap.com/api/airports/JFK,HTTP/2.0,default,,200,,tls1.3,https://airportgap.com/api/airports/JFK,,
http_req_connecting,1784003719,0.000000,,,,true,,GET,https://airportgap.com/api/airports/JFK,HTTP/2.0,default,,200,,tls1.3,https://airportgap.com/api/airports/JFK,,
http_req_tls_handshaking,1784003719,0.000000,,,,true,,GET,https://airportgap.com/api/airports/JFK,HTTP/2.0,default,,200,,tls1.3,https://airportgap.com/api/airports/JFK,,
http_req_sending,1784003719,0.000000,,,,true,,GET,https://airportgap.com/api/airports/JFK,HTTP/2.0,default,,200,,tls1.3,https://airportgap.com/api/airports/JFK,,
http_req_waiting,1784003719,127.959700,,,,true,,GET,https://airportgap.com/api/airports/JFK,HTTP/2.0,default,,200,,tls1.3,https://airportgap.com/api/airports/JFK,,
http_req_receiving,1784003719,0.000000,,,,true,,GET,https://airportgap.com/api/airports/JFK,HTTP/2.0,default,,200,,tls1.3,https://airportgap.com/api/airports/JFK,,
http_req_failed,1784003719,0.000000,,,,true,,GET,https://airportgap.com/api/airports/JFK,HTTP/2.0,default,,200,,tls1.3,https://airportgap.com/api/airports/JFK,,
checks,1784003719,1.000000,JFK status 200,,,,,,,,default,,,,,,,
data_sent,1784003719,120.000000,,,,,,,,,default,,,,,,,
data_received,1784003719,7919.000000,,,,,,,,,default,,,,,,,
iteration_duration,1784003719,1275.804100,,,,,,,,,default,,,,,,,
iterations,1784003719,1.000000,,,,,,,,,default,,,,,,,
data_sent,1784003719,120.000000,,,,,,,,,default,,,,,,,
data_received,1784003719,7919.000000,,,,,,,,,default,,,,,,,
iteration_duration,1784003719,1279.414100,,,,,,,,,default,,,,,,,
iterations,1784003719,1.000000,,,,,,,,,default,,,,,,,
data_sent,1784003719,120.000000,,,,,,,,,default,,,,,,,
data_received,1784003719,7918.000000,,,,,,,,,default,,,,,,,
iteration_duration,1784003719,1279.943900,,,,,,,,,default,,,,,,,
iterations,1784003719,1.000000,,,,,,,,,default,,,,,,,
http_reqs,1784003719,1.000000,,,,true,,GET,https://airportgap.com/api/airports,HTTP/2.0,default,,200,,tls1.3,https://airportgap.com/api/airports,,
http_req_duration,1784003719,125.900200,,,,true,,GET,https://airportgap.com/api/airports,HTTP/2.0,default,,200,,tls1.3,https://airportgap.com/api/airports,,
http_req_blocked,1784003719,0.000000,,,,true,,GET,https://airportgap.com/api/airports,HTTP/2.0,default,,200,,tls1.3,https://airportgap.com/api/airports,,
http_req_connecting,1784003719,0.000000,,,,true,,GET,https://airportgap.com/api/airports,HTTP/2.0,default,,200,,tls1.3,https://airportgap.com/api/airports,,
http_req_tls_handshaking,1784003719,0.000000,,,,true,,GET,https://airportgap.com/api/airports,HTTP/2.0,default,,200,,tls1.3,https://airportgap.com/api/airports,,
http_req_sending,1784003719,0.562700,,,,true,,GET,https://airportgap.com/api/airports,HTTP/2.0,default,,200,,tls1.3,https://airportgap.com/api/airports,,
http_req_waiting,1784003719,122.932000,,,,true,,GET,https://airportgap.com/api/airports,HTTP/2.0,default,,200,,tls1.3,https://airportgap.com/api/airports,,
http_req_receiving,1784003719,2.405500,,,,true,,GET,https://airportgap.com/api/airports,HTTP/2.0,default,,200,,tls1.3,https://airportgap.com/api/airports,,
http_req_failed,1784003719,0.000000,,,,true,,GET,https://airportgap.com/api/airports,HTTP/2.0,default,,200,,tls1.3,https://airportgap.com/api/airports,,
checks,1784003719,1.000000,status 200,,,,,,,,default,,,,,,,
checks,1784003719,1.000000,menos de 1000ms,,,,,,,,default,,,,,,,
data_sent,1784003719,120.000000,,,,,,,,,default,,,,,,,
data_received,1784003719,7919.000000,,,,,,,,,default,,,,,,,
iteration_duration,1784003719,1285.690500,,,,,,,,,default,,,,,,,
iterations,1784003719,1.000000,,,,,,,,,default,,,,,,,
data_sent,1784003719,120.000000,,,,,,,,,default,,,,,,,
data_received,1784003719,7919.000000,,,,,,,,,default,,,,,,,
iteration_duration,1784003719,1295.681500,,,,,,,,,default,,,,,,,
iterations,1784003719,1.000000,,,,,,,,,default,,,,,,,
data_sent,1784003719,120.000000,,,,,,,,,default,,,,,,,
data_received,1784003719,7919.000000,,,,,,,,,default,,,,,,,
iteration_duration,1784003719,1295.320600,,,,,,,,,default,,,,,,,
iterations,1784003719,1.000000,,,,,,,,,default,,,,,,,
http_reqs,1784003719,1.000000,,,,true,,GET,https://airportgap.com/api/airports,HTTP/2.0,default,,200,,tls1.3,https://airportgap.com/api/airports,,
http_req_duration,1784003719,142.211200,,,,true,,GET,https://airportgap.com/api/airports,HTTP/2.0,default,,200,,tls1.3,https://airportgap.com/api/airports,,
http_req_blocked,1784003719,0.000000,,,,true,,GET,https://airportgap.com/api/airports,HTTP/2.0,default,,200,,tls1.3,https://airportgap.com/api/airports,,
http_req_connecting,1784003719,0.000000,,,,true,,GET,https://airportgap.com/api/airports,HTTP/2.0,default,,200,,tls1.3,https://airportgap.com/api/airports,,
http_req_tls_handshaking,1784003719,0.000000,,,,true,,GET,https://airportgap.com/api/airports,HTTP/2.0,default,,200,,tls1.3,https://airportgap.com/api/airports,,
http_req_sending,1784003719,0.341500,,,,true,,GET,https://airportgap.com/api/airports,HTTP/2.0,default,,200,,tls1.3,https://airportgap.com/api/airports,,
http_req_waiting,1784003719,141.499800,,,,true,,GET,https://airportgap.com/api/airports,HTTP/2.0,default,,200,,tls1.3,https://airportgap.com/api/airports,,
http_req_receiving,1784003719,0.369900,,,,true,,GET,https://airportgap.com/api/airports,HTTP/2.0,default,,200,,tls1.3,https://airportgap.com/api/airports,,
http_req_failed,1784003719,0.000000,,,,true,,GET,https://airportgap.com/api/airports,HTTP/2.0,default,,200,,tls1.3,https://airportgap.com/api/airports,,
checks,1784003719,1.000000,status 200,,,,,,,,default,,,,,,,
checks,1784003719,1.000000,menos de 1000ms,,,,,,,,default,,,,,,,
http_reqs,1784003719,1.000000,,,,true,,GET,https://airportgap.com/api/airports,HTTP/2.0,default,,200,,tls1.3,https://airportgap.com/api/airports,,
http_req_duration,1784003719,140.663600,,,,true,,GET,https://airportgap.com/api/airports,HTTP/2.0,default,,200,,tls1.3,https://airportgap.com/api/airports,,
http_req_blocked,1784003719,0.000000,,,,true,,GET,https://airportgap.com/api/airports,HTTP/2.0,default,,200,,tls1.3,https://airportgap.com/api/airports,,
http_req_connecting,1784003719,0.000000,,,,true,,GET,https://airportgap.com/api/airports,HTTP/2.0,default,,200,,tls1.3,https://airportgap.com/api/airports,,
http_req_tls_handshaking,1784003719,0.000000,,,,true,,GET,https://airportgap.com/api/airports,HTTP/2.0,default,,200,,tls1.3,https://airportgap.com/api/airports,,
http_req_sending,1784003719,0.000000,,,,true,,GET,https://airportgap.com/api/airports,HTTP/2.0,default,,200,,tls1.3,https://airportgap.com/api/airports,,
http_req_waiting,1784003719,139.046700,,,,true,,GET,https://airportgap.com/api/airports,HTTP/2.0,default,,200,,tls1.3,https://airportgap.com/api/airports,,
http_req_receiving,1784003719,1.616900,,,,true,,GET,https://airportgap.com/api/airports,HTTP/2.0,default,,200,,tls1.3,https://airportgap.com/api/airports,,
http_req_failed,1784003719,0.000000,,,,true,,GET,https://airportgap.com/api/airports,HTTP/2.0,default,,200,,tls1.3,https://airportgap.com/api/airports,,
checks,1784003719,1.000000,status 200,,,,,,,,default,,,,,,,
checks,1784003719,1.000000,menos de 1000ms,,,,,,,,default,,,,,,,
http_reqs,1784003719,1.000000,,,,true,,GET,https://airportgap.com/api/airports/JFK,HTTP/2.0,default,,200,,tls1.3,https://airportgap.com/api/airports/JFK,,
http_req_duration,1784003719,122.327600,,,,true,,GET,https://airportgap.com/api/airports/JFK,HTTP/2.0,default,,200,,tls1.3,https://airportgap.com/api/airports/JFK,,
http_req_blocked,1784003719,0.000000,,,,true,,GET,https://airportgap.com/api/airports/JFK,HTTP/2.0,default,,200,,tls1.3,https://airportgap.com/api/airports/JFK,,
http_req_connecting,1784003719,0.000000,,,,true,,GET,https://airportgap.com/api/airports/JFK,HTTP/2.0,default,,200,,tls1.3,https://airportgap.com/api/airports/JFK,,
http_req_tls_handshaking,1784003719,0.000000,,,,true,,GET,https://airportgap.com/api/airports/JFK,HTTP/2.0,default,,200,,tls1.3,https://airportgap.com/api/airports/JFK,,
http_req_sending,1784003719,0.000000,,,,true,,GET,https://airportgap.com/api/airports/JFK,HTTP/2.0,default,,200,,tls1.3,https://airportgap.com/api/airports/JFK,,
http_req_waiting,1784003719,121.817600,,,,true,,GET,https://airportgap.com/api/airports/JFK,HTTP/2.0,default,,200,,tls1.3,https://airportgap.com/api/airports/JFK,,
http_req_receiving,1784003719,0.510000,,,,true,,GET,https://airportgap.com/api/airports/JFK,HTTP/2.0,default,,200,,tls1.3,https://airportgap.com/api/airports/JFK,,
http_req_failed,1784003719,0.000000,,,,true,,GET,https://airportgap.com/api/airports/JFK,HTTP/2.0,default,,200,,tls1.3,https://airportgap.com/api/airports/JFK,,
checks,1784003719,1.000000,JFK status 200,,,,,,,,default,,,,,,,
http_reqs,1784003719,1.000000,,,,true,,GET,https://airportgap.com/api/airports,HTTP/2.0,default,,200,,tls1.3,https://airportgap.com/api/airports,,
http_req_duration,1784003719,144.595100,,,,true,,GET,https://airportgap.com/api/airports,HTTP/2.0,default,,200,,tls1.3,https://airportgap.com/api/airports,,
http_req_blocked,1784003719,0.000000,,,,true,,GET,https://airportgap.com/api/airports,HTTP/2.0,default,,200,,tls1.3,https://airportgap.com/api/airports,,
http_req_connecting,1784003719,0.000000,,,,true,,GET,https://airportgap.com/api/airports,HTTP/2.0,default,,200,,tls1.3,https://airportgap.com/api/airports,,
http_req_tls_handshaking,1784003719,0.000000,,,,true,,GET,https://airportgap.com/api/airports,HTTP/2.0,default,,200,,tls1.3,https://airportgap.com/api/airports,,
http_req_sending,1784003719,0.000000,,,,true,,GET,https://airportgap.com/api/airports,HTTP/2.0,default,,200,,tls1.3,https://airportgap.com/api/airports,,
http_req_waiting,1784003719,144.595100,,,,true,,GET,https://airportgap.com/api/airports,HTTP/2.0,default,,200,,tls1.3,https://airportgap.com/api/airports,,
http_req_receiving,1784003719,0.000000,,,,true,,GET,https://airportgap.com/api/airports,HTTP/2.0,default,,200,,tls1.3,https://airportgap.com/api/airports,,
http_req_failed,1784003719,0.000000,,,,true,,GET,https://airportgap.com/api/airports,HTTP/2.0,default,,200,,tls1.3,https://airportgap.com/api/airports,,
checks,1784003719,1.000000,status 200,,,,,,,,default,,,,,,,
checks,1784003719,1.000000,menos de 1000ms,,,,,,,,default,,,,,,,
http_reqs,1784003719,1.000000,,,,true,,GET,https://airportgap.com/api/airports,HTTP/2.0,default,,200,,tls1.3,https://airportgap.com/api/airports,,
http_req_duration,1784003719,151.107900,,,,true,,GET,https://airportgap.com/api/airports,HTTP/2.0,default,,200,,tls1.3,https://airportgap.com/api/airports,,
http_req_blocked,1784003719,0.000000,,,,true,,GET,https://airportgap.com/api/airports,HTTP/2.0,default,,200,,tls1.3,https://airportgap.com/api/airports,,
http_req_connecting,1784003719,0.000000,,,,true,,GET,https://airportgap.com/api/airports,HTTP/2.0,default,,200,,tls1.3,https://airportgap.com/api/airports,,
http_req_tls_handshaking,1784003719,0.000000,,,,true,,GET,https://airportgap.com/api/airports,HTTP/2.0,default,,200,,tls1.3,https://airportgap.com/api/airports,,
http_req_sending,1784003719,0.000000,,,,true,,GET,https://airportgap.com/api/airports,HTTP/2.0,default,,200,,tls1.3,https://airportgap.com/api/airports,,
http_req_waiting,1784003719,150.187300,,,,true,,GET,https://airportgap.com/api/airports,HTTP/2.0,default,,200,,tls1.3,https://airportgap.com/api/airports,,
http_req_receiving,1784003719,0.920600,,,,true,,GET,https://airportgap.com/api/airports,HTTP/2.0,default,,200,,tls1.3,https://airportgap.com/api/airports,,
http_req_failed,1784003719,0.000000,,,,true,,GET,https://airportgap.com/api/airports,HTTP/2.0,default,,200,,tls1.3,https://airportgap.com/api/airports,,
checks,1784003719,1.000000,status 200,,,,,,,,default,,,,,,,
checks,1784003719,1.000000,menos de 1000ms,,,,,,,,default,,,,,,,
http_reqs,1784003719,1.000000,,,,true,,GET,https://airportgap.com/api/airports,HTTP/2.0,default,,200,,tls1.3,https://airportgap.com/api/airports,,
http_req_duration,1784003719,152.803900,,,,true,,GET,https://airportgap.com/api/airports,HTTP/2.0,default,,200,,tls1.3,https://airportgap.com/api/airports,,
http_req_blocked,1784003719,0.000000,,,,true,,GET,https://airportgap.com/api/airports,HTTP/2.0,default,,200,,tls1.3,https://airportgap.com/api/airports,,
http_req_connecting,1784003719,0.000000,,,,true,,GET,https://airportgap.com/api/airports,HTTP/2.0,default,,200,,tls1.3,https://airportgap.com/api/airports,,
http_req_tls_handshaking,1784003719,0.000000,,,,true,,GET,https://airportgap.com/api/airports,HTTP/2.0,default,,200,,tls1.3,https://airportgap.com/api/airports,,
http_req_sending,1784003719,0.309100,,,,true,,GET,https://airportgap.com/api/airports,HTTP/2.0,default,,200,,tls1.3,https://airportgap.com/api/airports,,
http_req_waiting,1784003719,150.798800,,,,true,,GET,https://airportgap.com/api/airports,HTTP/2.0,default,,200,,tls1.3,https://airportgap.com/api/airports,,
http_req_receiving,1784003719,1.696000,,,,true,,GET,https://airportgap.com/api/airports,HTTP/2.0,default,,200,,tls1.3,https://airportgap.com/api/airports,,
http_req_failed,1784003719,0.000000,,,,true,,GET,https://airportgap.com/api/airports,HTTP/2.0,default,,200,,tls1.3,https://airportgap.com/api/airports,,
checks,1784003719,1.000000,status 200,,,,,,,,default,,,,,,,
checks,1784003719,1.000000,menos de 1000ms,,,,,,,,default,,,,,,,
http_reqs,1784003719,1.000000,,,,true,,GET,https://airportgap.com/api/airports,HTTP/2.0,default,,200,,tls1.3,https://airportgap.com/api/airports,,
http_req_duration,1784003719,147.341600,,,,true,,GET,https://airportgap.com/api/airports,HTTP/2.0,default,,200,,tls1.3,https://airportgap.com/api/airports,,
http_req_blocked,1784003719,0.000000,,,,true,,GET,https://airportgap.com/api/airports,HTTP/2.0,default,,200,,tls1.3,https://airportgap.com/api/airports,,
http_req_connecting,1784003719,0.000000,,,,true,,GET,https://airportgap.com/api/airports,HTTP/2.0,default,,200,,tls1.3,https://airportgap.com/api/airports,,
http_req_tls_handshaking,1784003719,0.000000,,,,true,,GET,https://airportgap.com/api/airports,HTTP/2.0,default,,200,,tls1.3,https://airportgap.com/api/airports,,
http_req_sending,1784003719,0.359800,,,,true,,GET,https://airportgap.com/api/airports,HTTP/2.0,default,,200,,tls1.3,https://airportgap.com/api/airports,,
http_req_waiting,1784003719,146.981800,,,,true,,GET,https://airportgap.com/api/airports,HTTP/2.0,default,,200,,tls1.3,https://airportgap.com/api/airports,,
http_req_receiving,1784003719,0.000000,,,,true,,GET,https://airportgap.com/api/airports,HTTP/2.0,default,,200,,tls1.3,https://airportgap.com/api/airports,,
http_req_failed,1784003719,0.000000,,,,true,,GET,https://airportgap.com/api/airports,HTTP/2.0,default,,200,,tls1.3,https://airportgap.com/api/airports,,
checks,1784003719,1.000000,status 200,,,,,,,,default,,,,,,,
checks,1784003719,1.000000,menos de 1000ms,,,,,,,,default,,,,,,,
http_reqs,1784003719,1.000000,,,,true,,GET,https://airportgap.com/api/airports,HTTP/2.0,default,,200,,tls1.3,https://airportgap.com/api/airports,,
http_req_duration,1784003719,146.944900,,,,true,,GET,https://airportgap.com/api/airports,HTTP/2.0,default,,200,,tls1.3,https://airportgap.com/api/airports,,
http_req_blocked,1784003719,0.000000,,,,true,,GET,https://airportgap.com/api/airports,HTTP/2.0,default,,200,,tls1.3,https://airportgap.com/api/airports,,
http_req_connecting,1784003719,0.000000,,,,true,,GET,https://airportgap.com/api/airports,HTTP/2.0,default,,200,,tls1.3,https://airportgap.com/api/airports,,
http_req_tls_handshaking,1784003719,0.000000,,,,true,,GET,https://airportgap.com/api/airports,HTTP/2.0,default,,200,,tls1.3,https://airportgap.com/api/airports,,
http_req_sending,1784003719,0.000000,,,,true,,GET,https://airportgap.com/api/airports,HTTP/2.0,default,,200,,tls1.3,https://airportgap.com/api/airports,,
http_req_waiting,1784003719,146.944900,,,,true,,GET,https://airportgap.com/api/airports,HTTP/2.0,default,,200,,tls1.3,https://airportgap.com/api/airports,,
http_req_receiving,1784003719,0.000000,,,,true,,GET,https://airportgap.com/api/airports,HTTP/2.0,default,,200,,tls1.3,https://airportgap.com/api/airports,,
http_req_failed,1784003719,0.000000,,,,true,,GET,https://airportgap.com/api/airports,HTTP/2.0,default,,200,,tls1.3,https://airportgap.com/api/airports,,
checks,1784003719,1.000000,status 200,,,,,,,,default,,,,,,,
checks,1784003719,1.000000,menos de 1000ms,,,,,,,,default,,,,,,,
http_reqs,1784003720,1.000000,,,,true,,GET,https://airportgap.com/api/airports,HTTP/2.0,default,,200,,tls1.3,https://airportgap.com/api/airports,,
http_req_duration,1784003720,150.964500,,,,true,,GET,https://airportgap.com/api/airports,HTTP/2.0,default,,200,,tls1.3,https://airportgap.com/api/airports,,
http_req_blocked,1784003720,0.000000,,,,true,,GET,https://airportgap.com/api/airports,HTTP/2.0,default,,200,,tls1.3,https://airportgap.com/api/airports,,
http_req_connecting,1784003720,0.000000,,,,true,,GET,https://airportgap.com/api/airports,HTTP/2.0,default,,200,,tls1.3,https://airportgap.com/api/airports,,
http_req_tls_handshaking,1784003720,0.000000,,,,true,,GET,https://airportgap.com/api/airports,HTTP/2.0,default,,200,,tls1.3,https://airportgap.com/api/airports,,
http_req_sending,1784003720,0.000000,,,,true,,GET,https://airportgap.com/api/airports,HTTP/2.0,default,,200,,tls1.3,https://airportgap.com/api/airports,,
http_req_waiting,1784003720,148.097500,,,,true,,GET,https://airportgap.com/api/airports,HTTP/2.0,default,,200,,tls1.3,https://airportgap.com/api/airports,,
http_req_receiving,1784003720,2.867000,,,,true,,GET,https://airportgap.com/api/airports,HTTP/2.0,default,,200,,tls1.3,https://airportgap.com/api/airports,,
http_req_failed,1784003720,0.000000,,,,true,,GET,https://airportgap.com/api/airports,HTTP/2.0,default,,200,,tls1.3,https://airportgap.com/api/airports,,
checks,1784003720,1.000000,status 200,,,,,,,,default,,,,,,,
checks,1784003720,1.000000,menos de 1000ms,,,,,,,,default,,,,,,,
http_reqs,1784003720,1.000000,,,,true,,GET,https://airportgap.com/api/airports/JFK,HTTP/2.0,default,,200,,tls1.3,https://airportgap.com/api/airports/JFK,,
http_req_duration,1784003720,130.348600,,,,true,,GET,https://airportgap.com/api/airports/JFK,HTTP/2.0,default,,200,,tls1.3,https://airportgap.com/api/airports/JFK,,
http_req_blocked,1784003720,0.000000,,,,true,,GET,https://airportgap.com/api/airports/JFK,HTTP/2.0,default,,200,,tls1.3,https://airportgap.com/api/airports/JFK,,
http_req_connecting,1784003720,0.000000,,,,true,,GET,https://airportgap.com/api/airports/JFK,HTTP/2.0,default,,200,,tls1.3,https://airportgap.com/api/airports/JFK,,
http_req_tls_handshaking,1784003720,0.000000,,,,true,,GET,https://airportgap.com/api/airports/JFK,HTTP/2.0,default,,200,,tls1.3,https://airportgap.com/api/airports/JFK,,
http_req_sending,1784003720,0.000000,,,,true,,GET,https://airportgap.com/api/airports/JFK,HTTP/2.0,default,,200,,tls1.3,https://airportgap.com/api/airports/JFK,,
http_req_waiting,1784003720,128.340000,,,,true,,GET,https://airportgap.com/api/airports/JFK,HTTP/2.0,default,,200,,tls1.3,https://airportgap.com/api/airports/JFK,,
http_req_receiving,1784003720,2.008600,,,,true,,GET,https://airportgap.com/api/airports/JFK,HTTP/2.0,default,,200,,tls1.3,https://airportgap.com/api/airports/JFK,,
http_req_failed,1784003720,0.000000,,,,true,,GET,https://airportgap.com/api/airports/JFK,HTTP/2.0,default,,200,,tls1.3,https://airportgap.com/api/airports/JFK,,
checks,1784003720,1.000000,JFK status 200,,,,,,,,default,,,,,,,
http_reqs,1784003720,1.000000,,,,true,,GET,https://airportgap.com/api/airports/JFK,HTTP/2.0,default,,200,,tls1.3,https://airportgap.com/api/airports/JFK,,
http_req_duration,1784003720,128.615000,,,,true,,GET,https://airportgap.com/api/airports/JFK,HTTP/2.0,default,,200,,tls1.3,https://airportgap.com/api/airports/JFK,,
http_req_blocked,1784003720,0.000000,,,,true,,GET,https://airportgap.com/api/airports/JFK,HTTP/2.0,default,,200,,tls1.3,https://airportgap.com/api/airports/JFK,,
http_req_connecting,1784003720,0.000000,,,,true,,GET,https://airportgap.com/api/airports/JFK,HTTP/2.0,default,,200,,tls1.3,https://airportgap.com/api/airports/JFK,,
http_req_tls_handshaking,1784003720,0.000000,,,,true,,GET,https://airportgap.com/api/airports/JFK,HTTP/2.0,default,,200,,tls1.3,https://airportgap.com/api/airports/JFK,,
http_req_sending,1784003720,0.389500,,,,true,,GET,https://airportgap.com/api/airports/JFK,HTTP/2.0,default,,200,,tls1.3,https://airportgap.com/api/airports/JFK,,
http_req_waiting,1784003720,128.225500,,,,true,,GET,https://airportgap.com/api/airports/JFK,HTTP/2.0,default,,200,,tls1.3,https://airportgap.com/api/airports/JFK,,
http_req_receiving,1784003720,0.000000,,,,true,,GET,https://airportgap.com/api/airports/JFK,HTTP/2.0,default,,200,,tls1.3,https://airportgap.com/api/airports/JFK,,
http_req_failed,1784003720,0.000000,,,,true,,GET,https://airportgap.com/api/airports/JFK,HTTP/2.0,default,,200,,tls1.3,https://airportgap.com/api/airports/JFK,,
checks,1784003720,1.000000,JFK status 200,,,,,,,,default,,,,,,,
http_reqs,1784003720,1.000000,,,,true,,GET,https://airportgap.com/api/airports/JFK,HTTP/2.0,default,,200,,tls1.3,https://airportgap.com/api/airports/JFK,,
http_req_duration,1784003720,127.114600,,,,true,,GET,https://airportgap.com/api/airports/JFK,HTTP/2.0,default,,200,,tls1.3,https://airportgap.com/api/airports/JFK,,
http_req_blocked,1784003720,0.000000,,,,true,,GET,https://airportgap.com/api/airports/JFK,HTTP/2.0,default,,200,,tls1.3,https://airportgap.com/api/airports/JFK,,
http_req_connecting,1784003720,0.000000,,,,true,,GET,https://airportgap.com/api/airports/JFK,HTTP/2.0,default,,200,,tls1.3,https://airportgap.com/api/airports/JFK,,
http_req_tls_handshaking,1784003720,0.000000,,,,true,,GET,https://airportgap.com/api/airports/JFK,HTTP/2.0,default,,200,,tls1.3,https://airportgap.com/api/airports/JFK,,
http_req_sending,1784003720,0.000000,,,,true,,GET,https://airportgap.com/api/airports/JFK,HTTP/2.0,default,,200,,tls1.3,https://airportgap.com/api/airports/JFK,,
http_req_waiting,1784003720,126.683600,,,,true,,GET,https://airportgap.com/api/airports/JFK,HTTP/2.0,default,,200,,tls1.3,https://airportgap.com/api/airports/JFK,,
http_req_receiving,1784003720,0.431000,,,,true,,GET,https://airportgap.com/api/airports/JFK,HTTP/2.0,default,,200,,tls1.3,https://airportgap.com/api/airports/JFK,,
http_req_failed,1784003720,0.000000,,,,true,,GET,https://airportgap.com/api/airports/JFK,HTTP/2.0,default,,200,,tls1.3,https://airportgap.com/api/airports/JFK,,
checks,1784003720,1.000000,JFK status 200,,,,,,,,default,,,,,,,
http_reqs,1784003720,1.000000,,,,true,,GET,https://airportgap.com/api/airports/JFK,HTTP/2.0,default,,200,,tls1.3,https://airportgap.com/api/airports/JFK,,
http_req_duration,1784003720,129.481200,,,,true,,GET,https://airportgap.com/api/airports/JFK,HTTP/2.0,default,,200,,tls1.3,https://airportgap.com/api/airports/JFK,,
http_req_blocked,1784003720,0.000000,,,,true,,GET,https://airportgap.com/api/airports/JFK,HTTP/2.0,default,,200,,tls1.3,https://airportgap.com/api/airports/JFK,,
http_req_connecting,1784003720,0.000000,,,,true,,GET,https://airportgap.com/api/airports/JFK,HTTP/2.0,default,,200,,tls1.3,https://airportgap.com/api/airports/JFK,,
http_req_tls_handshaking,1784003720,0.000000,,,,true,,GET,https://airportgap.com/api/airports/JFK,HTTP/2.0,default,,200,,tls1.3,https://airportgap.com/api/airports/JFK,,
http_req_sending,1784003720,0.000000,,,,true,,GET,https://airportgap.com/api/airports/JFK,HTTP/2.0,default,,200,,tls1.3,https://airportgap.com/api/airports/JFK,,
http_req_waiting,1784003720,129.481200,,,,true,,GET,https://airportgap.com/api/airports/JFK,HTTP/2.0,default,,200,,tls1.3,https://airportgap.com/api/airports/JFK,,
http_req_receiving,1784003720,0.000000,,,,true,,GET,https://airportgap.com/api/airports/JFK,HTTP/2.0,default,,200,,tls1.3,https://airportgap.com/api/airports/JFK,,
http_req_failed,1784003720,0.000000,,,,true,,GET,https://airportgap.com/api/airports/JFK,HTTP/2.0,default,,200,,tls1.3,https://airportgap.com/api/airports/JFK,,
checks,1784003720,1.000000,JFK status 200,,,,,,,,default,,,,,,,
http_reqs,1784003720,1.000000,,,,true,,GET,https://airportgap.com/api/airports/JFK,HTTP/2.0,default,,200,,tls1.3,https://airportgap.com/api/airports/JFK,,
http_req_duration,1784003720,127.785200,,,,true,,GET,https://airportgap.com/api/airports/JFK,HTTP/2.0,default,,200,,tls1.3,https://airportgap.com/api/airports/JFK,,
http_req_blocked,1784003720,0.000000,,,,true,,GET,https://airportgap.com/api/airports/JFK,HTTP/2.0,default,,200,,tls1.3,https://airportgap.com/api/airports/JFK,,
http_req_connecting,1784003720,0.000000,,,,true,,GET,https://airportgap.com/api/airports/JFK,HTTP/2.0,default,,200,,tls1.3,https://airportgap.com/api/airports/JFK,,
http_req_tls_handshaking,1784003720,0.000000,,,,true,,GET,https://airportgap.com/api/airports/JFK,HTTP/2.0,default,,200,,tls1.3,https://airportgap.com/api/airports/JFK,,
http_req_sending,1784003720,0.000000,,,,true,,GET,https://airportgap.com/api/airports/JFK,HTTP/2.0,default,,200,,tls1.3,https://airportgap.com/api/airports/JFK,,
http_req_waiting,1784003720,127.785200,,,,true,,GET,https://airportgap.com/api/airports/JFK,HTTP/2.0,default,,200,,tls1.3,https://airportgap.com/api/airports/JFK,,
http_req_receiving,1784003720,0.000000,,,,true,,GET,https://airportgap.com/api/airports/JFK,HTTP/2.0,default,,200,,tls1.3,https://airportgap.com/api/airports/JFK,,
http_req_failed,1784003720,0.000000,,,,true,,GET,https://airportgap.com/api/airports/JFK,HTTP/2.0,default,,200,,tls1.3,https://airportgap.com/api/airports/JFK,,
checks,1784003720,1.000000,JFK status 200,,,,,,,,default,,,,,,,
http_reqs,1784003720,1.000000,,,,true,,GET,https://airportgap.com/api/airports/JFK,HTTP/2.0,default,,200,,tls1.3,https://airportgap.com/api/airports/JFK,,
http_req_duration,1784003720,128.633000,,,,true,,GET,https://airportgap.com/api/airports/JFK,HTTP/2.0,default,,200,,tls1.3,https://airportgap.com/api/airports/JFK,,
http_req_blocked,1784003720,0.000000,,,,true,,GET,https://airportgap.com/api/airports/JFK,HTTP/2.0,default,,200,,tls1.3,https://airportgap.com/api/airports/JFK,,
http_req_connecting,1784003720,0.000000,,,,true,,GET,https://airportgap.com/api/airports/JFK,HTTP/2.0,default,,200,,tls1.3,https://airportgap.com/api/airports/JFK,,
http_req_tls_handshaking,1784003720,0.000000,,,,true,,GET,https://airportgap.com/api/airports/JFK,HTTP/2.0,default,,200,,tls1.3,https://airportgap.com/api/airports/JFK,,
http_req_sending,1784003720,0.000000,,,,true,,GET,https://airportgap.com/api/airports/JFK,HTTP/2.0,default,,200,,tls1.3,https://airportgap.com/api/airports/JFK,,
http_req_waiting,1784003720,126.874100,,,,true,,GET,https://airportgap.com/api/airports/JFK,HTTP/2.0,default,,200,,tls1.3,https://airportgap.com/api/airports/JFK,,
http_req_receiving,1784003720,1.758900,,,,true,,GET,https://airportgap.com/api/airports/JFK,HTTP/2.0,default,,200,,tls1.3,https://airportgap.com/api/airports/JFK,,
http_req_failed,1784003720,0.000000,,,,true,,GET,https://airportgap.com/api/airports/JFK,HTTP/2.0,default,,200,,tls1.3,https://airportgap.com/api/airports/JFK,,
checks,1784003720,1.000000,JFK status 200,,,,,,,,default,,,,,,,
http_reqs,1784003720,1.000000,,,,true,,GET,https://airportgap.com/api/airports/JFK,HTTP/2.0,default,,200,,tls1.3,https://airportgap.com/api/airports/JFK,,
http_req_duration,1784003720,126.656000,,,,true,,GET,https://airportgap.com/api/airports/JFK,HTTP/2.0,default,,200,,tls1.3,https://airportgap.com/api/airports/JFK,,
http_req_blocked,1784003720,0.000000,,,,true,,GET,https://airportgap.com/api/airports/JFK,HTTP/2.0,default,,200,,tls1.3,https://airportgap.com/api/airports/JFK,,
http_req_connecting,1784003720,0.000000,,,,true,,GET,https://airportgap.com/api/airports/JFK,HTTP/2.0,default,,200,,tls1.3,https://airportgap.com/api/airports/JFK,,
http_req_tls_handshaking,1784003720,0.000000,,,,true,,GET,https://airportgap.com/api/airports/JFK,HTTP/2.0,default,,200,,tls1.3,https://airportgap.com/api/airports/JFK,,
http_req_sending,1784003720,0.000000,,,,true,,GET,https://airportgap.com/api/airports/JFK,HTTP/2.0,default,,200,,tls1.3,https://airportgap.com/api/airports/JFK,,
http_req_waiting,1784003720,126.656000,,,,true,,GET,https://airportgap.com/api/airports/JFK,HTTP/2.0,default,,200,,tls1.3,https://airportgap.com/api/airports/JFK,,
http_req_receiving,1784003720,0.000000,,,,true,,GET,https://airportgap.com/api/airports/JFK,HTTP/2.0,default,,200,,tls1.3,https://airportgap.com/api/airports/JFK,,
http_req_failed,1784003720,0.000000,,,,true,,GET,https://airportgap.com/api/airports/JFK,HTTP/2.0,default,,200,,tls1.3,https://airportgap.com/api/airports/JFK,,
checks,1784003720,1.000000,JFK status 200,,,,,,,,default,,,,,,,
http_reqs,1784003720,1.000000,,,,true,,GET,https://airportgap.com/api/airports/JFK,HTTP/2.0,default,,200,,tls1.3,https://airportgap.com/api/airports/JFK,,
http_req_duration,1784003720,126.936500,,,,true,,GET,https://airportgap.com/api/airports/JFK,HTTP/2.0,default,,200,,tls1.3,https://airportgap.com/api/airports/JFK,,
http_req_blocked,1784003720,0.000000,,,,true,,GET,https://airportgap.com/api/airports/JFK,HTTP/2.0,default,,200,,tls1.3,https://airportgap.com/api/airports/JFK,,
http_req_connecting,1784003720,0.000000,,,,true,,GET,https://airportgap.com/api/airports/JFK,HTTP/2.0,default,,200,,tls1.3,https://airportgap.com/api/airports/JFK,,
http_req_tls_handshaking,1784003720,0.000000,,,,true,,GET,https://airportgap.com/api/airports/JFK,HTTP/2.0,default,,200,,tls1.3,https://airportgap.com/api/airports/JFK,,
http_req_sending,1784003720,0.000000,,,,true,,GET,https://airportgap.com/api/airports/JFK,HTTP/2.0,default,,200,,tls1.3,https://airportgap.com/api/airports/JFK,,
http_req_waiting,1784003720,124.798000,,,,true,,GET,https://airportgap.com/api/airports/JFK,HTTP/2.0,default,,200,,tls1.3,https://airportgap.com/api/airports/JFK,,
http_req_receiving,1784003720,2.138500,,,,true,,GET,https://airportgap.com/api/airports/JFK,HTTP/2.0,default,,200,,tls1.3,https://airportgap.com/api/airports/JFK,,
http_req_failed,1784003720,0.000000,,,,true,,GET,https://airportgap.com/api/airports/JFK,HTTP/2.0,default,,200,,tls1.3,https://airportgap.com/api/airports/JFK,,
checks,1784003720,1.000000,JFK status 200,,,,,,,,default,,,,,,,
vus,1784003720,10.000000,,,,,,,,,,,,,,,,
vus_max,1784003720,10.000000,,,,,,,,,,,,,,,,
data_sent,1784003720,120.000000,,,,,,,,,default,,,,,,,
data_received,1784003720,7919.000000,,,,,,,,,default,,,,,,,
iteration_duration,1784003720,1265.111400,,,,,,,,,default,,,,,,,
iterations,1784003720,1.000000,,,,,,,,,default,,,,,,,
http_reqs,1784003720,1.000000,,,1429,false,,GET,https://airportgap.com/api/airports,HTTP/2.0,default,,429,,tls1.3,https://airportgap.com/api/airports,,
http_req_duration,1784003720,127.639100,,,1429,false,,GET,https://airportgap.com/api/airports,HTTP/2.0,default,,429,,tls1.3,https://airportgap.com/api/airports,,
http_req_blocked,1784003720,0.000000,,,1429,false,,GET,https://airportgap.com/api/airports,HTTP/2.0,default,,429,,tls1.3,https://airportgap.com/api/airports,,
http_req_connecting,1784003720,0.000000,,,1429,false,,GET,https://airportgap.com/api/airports,HTTP/2.0,default,,429,,tls1.3,https://airportgap.com/api/airports,,
http_req_tls_handshaking,1784003720,0.000000,,,1429,false,,GET,https://airportgap.com/api/airports,HTTP/2.0,default,,429,,tls1.3,https://airportgap.com/api/airports,,
http_req_sending,1784003720,0.554600,,,1429,false,,GET,https://airportgap.com/api/airports,HTTP/2.0,default,,429,,tls1.3,https://airportgap.com/api/airports,,
http_req_waiting,1784003720,126.667200,,,1429,false,,GET,https://airportgap.com/api/airports,HTTP/2.0,default,,429,,tls1.3,https://airportgap.com/api/airports,,
http_req_receiving,1784003720,0.417300,,,1429,false,,GET,https://airportgap.com/api/airports,HTTP/2.0,default,,429,,tls1.3,https://airportgap.com/api/airports,,
http_req_failed,1784003720,1.000000,,,1429,false,,GET,https://airportgap.com/api/airports,HTTP/2.0,default,,429,,tls1.3,https://airportgap.com/api/airports,,
checks,1784003720,0.000000,status 200,,,,,,,,default,,,,,,,
checks,1784003720,1.000000,menos de 1000ms,,,,,,,,default,,,,,,,
data_sent,1784003720,120.000000,,,,,,,,,default,,,,,,,
data_received,1784003720,7942.000000,,,,,,,,,default,,,,,,,
iteration_duration,1784003720,1249.008700,,,,,,,,,default,,,,,,,
iterations,1784003720,1.000000,,,,,,,,,default,,,,,,,
data_sent,1784003721,120.000000,,,,,,,,,default,,,,,,,
data_received,1784003721,7919.000000,,,,,,,,,default,,,,,,,
iteration_duration,1784003721,1273.619000,,,,,,,,,default,,,,,,,
iterations,1784003721,1.000000,,,,,,,,,default,,,,,,,
data_sent,1784003721,120.000000,,,,,,,,,default,,,,,,,
data_received,1784003721,7920.000000,,,,,,,,,default,,,,,,,
iteration_duration,1784003721,1269.773100,,,,,,,,,default,,,,,,,
iterations,1784003721,1.000000,,,,,,,,,default,,,,,,,
http_reqs,1784003721,1.000000,,,1429,false,,GET,https://airportgap.com/api/airports/JFK,HTTP/2.0,default,,429,,tls1.3,https://airportgap.com/api/airports/JFK,,
http_req_duration,1784003721,126.614900,,,1429,false,,GET,https://airportgap.com/api/airports/JFK,HTTP/2.0,default,,429,,tls1.3,https://airportgap.com/api/airports/JFK,,
http_req_blocked,1784003721,0.000000,,,1429,false,,GET,https://airportgap.com/api/airports/JFK,HTTP/2.0,default,,429,,tls1.3,https://airportgap.com/api/airports/JFK,,
http_req_connecting,1784003721,0.000000,,,1429,false,,GET,https://airportgap.com/api/airports/JFK,HTTP/2.0,default,,429,,tls1.3,https://airportgap.com/api/airports/JFK,,
http_req_tls_handshaking,1784003721,0.000000,,,1429,false,,GET,https://airportgap.com/api/airports/JFK,HTTP/2.0,default,,429,,tls1.3,https://airportgap.com/api/airports/JFK,,
http_req_sending,1784003721,0.000000,,,1429,false,,GET,https://airportgap.com/api/airports/JFK,HTTP/2.0,default,,429,,tls1.3,https://airportgap.com/api/airports/JFK,,
http_req_waiting,1784003721,126.288300,,,1429,false,,GET,https://airportgap.com/api/airports/JFK,HTTP/2.0,default,,429,,tls1.3,https://airportgap.com/api/airports/JFK,,
http_req_receiving,1784003721,0.326600,,,1429,false,,GET,https://airportgap.com/api/airports/JFK,HTTP/2.0,default,,429,,tls1.3,https://airportgap.com/api/airports/JFK,,
http_req_failed,1784003721,1.000000,,,1429,false,,GET,https://airportgap.com/api/airports/JFK,HTTP/2.0,default,,429,,tls1.3,https://airportgap.com/api/airports/JFK,,
checks,1784003721,0.000000,JFK status 200,,,,,,,,default,,,,,,,
http_reqs,1784003721,1.000000,,,1429,false,,GET,https://airportgap.com/api/airports,HTTP/2.0,default,,429,,tls1.3,https://airportgap.com/api/airports,,
http_req_duration,1784003721,114.305500,,,1429,false,,GET,https://airportgap.com/api/airports,HTTP/2.0,default,,429,,tls1.3,https://airportgap.com/api/airports,,
http_req_blocked,1784003721,0.000000,,,1429,false,,GET,https://airportgap.com/api/airports,HTTP/2.0,default,,429,,tls1.3,https://airportgap.com/api/airports,,
http_req_connecting,1784003721,0.000000,,,1429,false,,GET,https://airportgap.com/api/airports,HTTP/2.0,default,,429,,tls1.3,https://airportgap.com/api/airports,,
http_req_tls_handshaking,1784003721,0.000000,,,1429,false,,GET,https://airportgap.com/api/airports,HTTP/2.0,default,,429,,tls1.3,https://airportgap.com/api/airports,,
http_req_sending,1784003721,0.000000,,,1429,false,,GET,https://airportgap.com/api/airports,HTTP/2.0,default,,429,,tls1.3,https://airportgap.com/api/airports,,
http_req_waiting,1784003721,113.827000,,,1429,false,,GET,https://airportgap.com/api/airports,HTTP/2.0,default,,429,,tls1.3,https://airportgap.com/api/airports,,
http_req_receiving,1784003721,0.478500,,,1429,false,,GET,https://airportgap.com/api/airports,HTTP/2.0,default,,429,,tls1.3,https://airportgap.com/api/airports,,
http_req_failed,1784003721,1.000000,,,1429,false,,GET,https://airportgap.com/api/airports,HTTP/2.0,default,,429,,tls1.3,https://airportgap.com/api/airports,,
checks,1784003721,0.000000,status 200,,,,,,,,default,,,,,,,
checks,1784003721,1.000000,menos de 1000ms,,,,,,,,default,,,,,,,
data_sent,1784003721,120.000000,,,,,,,,,default,,,,,,,
data_received,1784003721,7919.000000,,,,,,,,,default,,,,,,,
iteration_duration,1784003721,1273.305500,,,,,,,,,default,,,,,,,
iterations,1784003721,1.000000,,,,,,,,,default,,,,,,,
data_sent,1784003721,120.000000,,,,,,,,,default,,,,,,,
data_received,1784003721,7919.000000,,,,,,,,,default,,,,,,,
iteration_duration,1784003721,1281.300100,,,,,,,,,default,,,,,,,
iterations,1784003721,1.000000,,,,,,,,,default,,,,,,,
data_sent,1784003721,120.000000,,,,,,,,,default,,,,,,,
data_received,1784003721,7919.000000,,,,,,,,,default,,,,,,,
iteration_duration,1784003721,1281.817400,,,,,,,,,default,,,,,,,
iterations,1784003721,1.000000,,,,,,,,,default,,,,,,,
data_sent,1784003721,120.000000,,,,,,,,,default,,,,,,,
data_received,1784003721,7918.000000,,,,,,,,,default,,,,,,,
iteration_duration,1784003721,1277.636900,,,,,,,,,default,,,,,,,
iterations,1784003721,1.000000,,,,,,,,,default,,,,,,,
data_sent,1784003721,120.000000,,,,,,,,,default,,,,,,,
data_received,1784003721,7920.000000,,,,,,,,,default,,,,,,,
iteration_duration,1784003721,1275.319000,,,,,,,,,default,,,,,,,
iterations,1784003721,1.000000,,,,,,,,,default,,,,,,,
data_sent,1784003721,120.000000,,,,,,,,,default,,,,,,,
data_received,1784003721,7919.000000,,,,,,,,,default,,,,,,,
iteration_duration,1784003721,1278.742100,,,,,,,,,default,,,,,,,
iterations,1784003721,1.000000,,,,,,,,,default,,,,,,,
http_reqs,1784003721,1.000000,,,1429,false,,GET,https://airportgap.com/api/airports,HTTP/2.0,default,,429,,tls1.3,https://airportgap.com/api/airports,,
http_req_duration,1784003721,126.930500,,,1429,false,,GET,https://airportgap.com/api/airports,HTTP/2.0,default,,429,,tls1.3,https://airportgap.com/api/airports,,
http_req_blocked,1784003721,0.000000,,,1429,false,,GET,https://airportgap.com/api/airports,HTTP/2.0,default,,429,,tls1.3,https://airportgap.com/api/airports,,
http_req_connecting,1784003721,0.000000,,,1429,false,,GET,https://airportgap.com/api/airports,HTTP/2.0,default,,429,,tls1.3,https://airportgap.com/api/airports,,
http_req_tls_handshaking,1784003721,0.000000,,,1429,false,,GET,https://airportgap.com/api/airports,HTTP/2.0,default,,429,,tls1.3,https://airportgap.com/api/airports,,
http_req_sending,1784003721,0.000000,,,1429,false,,GET,https://airportgap.com/api/airports,HTTP/2.0,default,,429,,tls1.3,https://airportgap.com/api/airports,,
http_req_waiting,1784003721,126.930500,,,1429,false,,GET,https://airportgap.com/api/airports,HTTP/2.0,default,,429,,tls1.3,https://airportgap.com/api/airports,,
http_req_receiving,1784003721,0.000000,,,1429,false,,GET,https://airportgap.com/api/airports,HTTP/2.0,default,,429,,tls1.3,https://airportgap.com/api/airports,,
http_req_failed,1784003721,1.000000,,,1429,false,,GET,https://airportgap.com/api/airports,HTTP/2.0,default,,429,,tls1.3,https://airportgap.com/api/airports,,
http_reqs,1784003721,1.000000,,,1429,false,,GET,https://airportgap.com/api/airports,HTTP/2.0,default,,429,,tls1.3,https://airportgap.com/api/airports,,
http_req_duration,1784003721,127.457200,,,1429,false,,GET,https://airportgap.com/api/airports,HTTP/2.0,default,,429,,tls1.3,https://airportgap.com/api/airports,,
http_req_blocked,1784003721,0.000000,,,1429,false,,GET,https://airportgap.com/api/airports,HTTP/2.0,default,,429,,tls1.3,https://airportgap.com/api/airports,,
http_req_connecting,1784003721,0.000000,,,1429,false,,GET,https://airportgap.com/api/airports,HTTP/2.0,default,,429,,tls1.3,https://airportgap.com/api/airports,,
http_req_tls_handshaking,1784003721,0.000000,,,1429,false,,GET,https://airportgap.com/api/airports,HTTP/2.0,default,,429,,tls1.3,https://airportgap.com/api/airports,,
http_req_sending,1784003721,0.000000,,,1429,false,,GET,https://airportgap.com/api/airports,HTTP/2.0,default,,429,,tls1.3,https://airportgap.com/api/airports,,
http_req_waiting,1784003721,127.457200,,,1429,false,,GET,https://airportgap.com/api/airports,HTTP/2.0,default,,429,,tls1.3,https://airportgap.com/api/airports,,
http_req_receiving,1784003721,0.000000,,,1429,false,,GET,https://airportgap.com/api/airports,HTTP/2.0,default,,429,,tls1.3,https://airportgap.com/api/airports,,
http_req_failed,1784003721,1.000000,,,1429,false,,GET,https://airportgap.com/api/airports,HTTP/2.0,default,,429,,tls1.3,https://airportgap.com/api/airports,,
checks,1784003721,0.000000,status 200,,,,,,,,default,,,,,,,
checks,1784003721,1.000000,menos de 1000ms,,,,,,,,default,,,,,,,
checks,1784003721,0.000000,status 200,,,,,,,,default,,,,,,,
checks,1784003721,1.000000,menos de 1000ms,,,,,,,,default,,,,,,,
http_reqs,1784003721,1.000000,,,1429,false,,GET,https://airportgap.com/api/airports/JFK,HTTP/2.0,default,,429,,tls1.3,https://airportgap.com/api/airports/JFK,,
http_req_duration,1784003721,114.924200,,,1429,false,,GET,https://airportgap.com/api/airports/JFK,HTTP/2.0,default,,429,,tls1.3,https://airportgap.com/api/airports/JFK,,
http_req_blocked,1784003721,0.000000,,,1429,false,,GET,https://airportgap.com/api/airports/JFK,HTTP/2.0,default,,429,,tls1.3,https://airportgap.com/api/airports/JFK,,
http_req_connecting,1784003721,0.000000,,,1429,false,,GET,https://airportgap.com/api/airports/JFK,HTTP/2.0,default,,429,,tls1.3,https://airportgap.com/api/airports/JFK,,
http_req_tls_handshaking,1784003721,0.000000,,,1429,false,,GET,https://airportgap.com/api/airports/JFK,HTTP/2.0,default,,429,,tls1.3,https://airportgap.com/api/airports/JFK,,
http_req_sending,1784003721,0.000000,,,1429,false,,GET,https://airportgap.com/api/airports/JFK,HTTP/2.0,default,,429,,tls1.3,https://airportgap.com/api/airports/JFK,,
http_req_waiting,1784003721,114.924200,,,1429,false,,GET,https://airportgap.com/api/airports/JFK,HTTP/2.0,default,,429,,tls1.3,https://airportgap.com/api/airports/JFK,,
http_req_receiving,1784003721,0.000000,,,1429,false,,GET,https://airportgap.com/api/airports/JFK,HTTP/2.0,default,,429,,tls1.3,https://airportgap.com/api/airports/JFK,,
http_req_failed,1784003721,1.000000,,,1429,false,,GET,https://airportgap.com/api/airports/JFK,HTTP/2.0,default,,429,,tls1.3,https://airportgap.com/api/airports/JFK,,
checks,1784003721,0.000000,JFK status 200,,,,,,,,default,,,,,,,
http_reqs,1784003721,1.000000,,,1429,false,,GET,https://airportgap.com/api/airports,HTTP/2.0,default,,429,,tls1.3,https://airportgap.com/api/airports,,
http_req_duration,1784003721,126.654900,,,1429,false,,GET,https://airportgap.com/api/airports,HTTP/2.0,default,,429,,tls1.3,https://airportgap.com/api/airports,,
http_req_blocked,1784003721,0.000000,,,1429,false,,GET,https://airportgap.com/api/airports,HTTP/2.0,default,,429,,tls1.3,https://airportgap.com/api/airports,,
http_req_connecting,1784003721,0.000000,,,1429,false,,GET,https://airportgap.com/api/airports,HTTP/2.0,default,,429,,tls1.3,https://airportgap.com/api/airports,,
http_req_tls_handshaking,1784003721,0.000000,,,1429,false,,GET,https://airportgap.com/api/airports,HTTP/2.0,default,,429,,tls1.3,https://airportgap.com/api/airports,,
http_req_sending,1784003721,0.425500,,,1429,false,,GET,https://airportgap.com/api/airports,HTTP/2.0,default,,429,,tls1.3,https://airportgap.com/api/airports,,
http_req_waiting,1784003721,126.229400,,,1429,false,,GET,https://airportgap.com/api/airports,HTTP/2.0,default,,429,,tls1.3,https://airportgap.com/api/airports,,
http_req_receiving,1784003721,0.000000,,,1429,false,,GET,https://airportgap.com/api/airports,HTTP/2.0,default,,429,,tls1.3,https://airportgap.com/api/airports,,
http_req_failed,1784003721,1.000000,,,1429,false,,GET,https://airportgap.com/api/airports,HTTP/2.0,default,,429,,tls1.3,https://airportgap.com/api/airports,,
checks,1784003721,0.000000,status 200,,,,,,,,default,,,,,,,
checks,1784003721,1.000000,menos de 1000ms,,,,,,,,default,,,,,,,
http_reqs,1784003721,1.000000,,,1429,false,,GET,https://airportgap.com/api/airports,HTTP/2.0,default,,429,,tls1.3,https://airportgap.com/api/airports,,
http_req_duration,1784003721,127.334200,,,1429,false,,GET,https://airportgap.com/api/airports,HTTP/2.0,default,,429,,tls1.3,https://airportgap.com/api/airports,,
http_req_blocked,1784003721,0.000000,,,1429,false,,GET,https://airportgap.com/api/airports,HTTP/2.0,default,,429,,tls1.3,https://airportgap.com/api/airports,,
http_req_connecting,1784003721,0.000000,,,1429,false,,GET,https://airportgap.com/api/airports,HTTP/2.0,default,,429,,tls1.3,https://airportgap.com/api/airports,,
http_req_tls_handshaking,1784003721,0.000000,,,1429,false,,GET,https://airportgap.com/api/airports,HTTP/2.0,default,,429,,tls1.3,https://airportgap.com/api/airports,,
http_req_sending,1784003721,0.517300,,,1429,false,,GET,https://airportgap.com/api/airports,HTTP/2.0,default,,429,,tls1.3,https://airportgap.com/api/airports,,
http_req_waiting,1784003721,126.816900,,,1429,false,,GET,https://airportgap.com/api/airports,HTTP/2.0,default,,429,,tls1.3,https://airportgap.com/api/airports,,
http_req_receiving,1784003721,0.000000,,,1429,false,,GET,https://airportgap.com/api/airports,HTTP/2.0,default,,429,,tls1.3,https://airportgap.com/api/airports,,
http_req_failed,1784003721,1.000000,,,1429,false,,GET,https://airportgap.com/api/airports,HTTP/2.0,default,,429,,tls1.3,https://airportgap.com/api/airports,,
checks,1784003721,0.000000,status 200,,,,,,,,default,,,,,,,
checks,1784003721,1.000000,menos de 1000ms,,,,,,,,default,,,,,,,
http_reqs,1784003721,1.000000,,,1429,false,,GET,https://airportgap.com/api/airports,HTTP/2.0,default,,429,,tls1.3,https://airportgap.com/api/airports,,
http_req_duration,1784003721,126.816900,,,1429,false,,GET,https://airportgap.com/api/airports,HTTP/2.0,default,,429,,tls1.3,https://airportgap.com/api/airports,,
http_req_blocked,1784003721,0.000000,,,1429,false,,GET,https://airportgap.com/api/airports,HTTP/2.0,default,,429,,tls1.3,https://airportgap.com/api/airports,,
http_req_connecting,1784003721,0.000000,,,1429,false,,GET,https://airportgap.com/api/airports,HTTP/2.0,default,,429,,tls1.3,https://airportgap.com/api/airports,,
http_req_tls_handshaking,1784003721,0.000000,,,1429,false,,GET,https://airportgap.com/api/airports,HTTP/2.0,default,,429,,tls1.3,https://airportgap.com/api/airports,,
http_req_sending,1784003721,0.392000,,,1429,false,,GET,https://airportgap.com/api/airports,HTTP/2.0,default,,429,,tls1.3,https://airportgap.com/api/airports,,
http_req_waiting,1784003721,126.424900,,,1429,false,,GET,https://airportgap.com/api/airports,HTTP/2.0,default,,429,,tls1.3,https://airportgap.com/api/airports,,
http_req_receiving,1784003721,0.000000,,,1429,false,,GET,https://airportgap.com/api/airports,HTTP/2.0,default,,429,,tls1.3,https://airportgap.com/api/airports,,
http_req_failed,1784003721,1.000000,,,1429,false,,GET,https://airportgap.com/api/airports,HTTP/2.0,default,,429,,tls1.3,https://airportgap.com/api/airports,,
checks,1784003721,0.000000,status 200,,,,,,,,default,,,,,,,
checks,1784003721,1.000000,menos de 1000ms,,,,,,,,default,,,,,,,
http_reqs,1784003721,1.000000,,,1429,false,,GET,https://airportgap.com/api/airports,HTTP/2.0,default,,429,,tls1.3,https://airportgap.com/api/airports,,
http_req_duration,1784003721,127.591100,,,1429,false,,GET,https://airportgap.com/api/airports,HTTP/2.0,default,,429,,tls1.3,https://airportgap.com/api/airports,,
http_req_blocked,1784003721,0.000000,,,1429,false,,GET,https://airportgap.com/api/airports,HTTP/2.0,default,,429,,tls1.3,https://airportgap.com/api/airports,,
http_req_connecting,1784003721,0.000000,,,1429,false,,GET,https://airportgap.com/api/airports,HTTP/2.0,default,,429,,tls1.3,https://airportgap.com/api/airports,,
http_req_tls_handshaking,1784003721,0.000000,,,1429,false,,GET,https://airportgap.com/api/airports,HTTP/2.0,default,,429,,tls1.3,https://airportgap.com/api/airports,,
http_req_sending,1784003721,0.629300,,,1429,false,,GET,https://airportgap.com/api/airports,HTTP/2.0,default,,429,,tls1.3,https://airportgap.com/api/airports,,
http_req_waiting,1784003721,126.961800,,,1429,false,,GET,https://airportgap.com/api/airports,HTTP/2.0,default,,429,,tls1.3,https://airportgap.com/api/airports,,
http_req_receiving,1784003721,0.000000,,,1429,false,,GET,https://airportgap.com/api/airports,HTTP/2.0,default,,429,,tls1.3,https://airportgap.com/api/airports,,
http_req_failed,1784003721,1.000000,,,1429,false,,GET,https://airportgap.com/api/airports,HTTP/2.0,default,,429,,tls1.3,https://airportgap.com/api/airports,,
checks,1784003721,0.000000,status 200,,,,,,,,default,,,,,,,
checks,1784003721,1.000000,menos de 1000ms,,,,,,,,default,,,,,,,
http_reqs,1784003721,1.000000,,,1429,false,,GET,https://airportgap.com/api/airports,HTTP/2.0,default,,429,,tls1.3,https://airportgap.com/api/airports,,
http_req_duration,1784003721,124.960300,,,1429,false,,GET,https://airportgap.com/api/airports,HTTP/2.0,default,,429,,tls1.3,https://airportgap.com/api/airports,,
http_req_blocked,1784003721,0.000000,,,1429,false,,GET,https://airportgap.com/api/airports,HTTP/2.0,default,,429,,tls1.3,https://airportgap.com/api/airports,,
http_req_connecting,1784003721,0.000000,,,1429,false,,GET,https://airportgap.com/api/airports,HTTP/2.0,default,,429,,tls1.3,https://airportgap.com/api/airports,,
http_req_tls_handshaking,1784003721,0.000000,,,1429,false,,GET,https://airportgap.com/api/airports,HTTP/2.0,default,,429,,tls1.3,https://airportgap.com/api/airports,,
http_req_sending,1784003721,0.305600,,,1429,false,,GET,https://airportgap.com/api/airports,HTTP/2.0,default,,429,,tls1.3,https://airportgap.com/api/airports,,
http_req_waiting,1784003721,124.145300,,,1429,false,,GET,https://airportgap.com/api/airports,HTTP/2.0,default,,429,,tls1.3,https://airportgap.com/api/airports,,
http_req_receiving,1784003721,0.509400,,,1429,false,,GET,https://airportgap.com/api/airports,HTTP/2.0,default,,429,,tls1.3,https://airportgap.com/api/airports,,
http_req_failed,1784003721,1.000000,,,1429,false,,GET,https://airportgap.com/api/airports,HTTP/2.0,default,,429,,tls1.3,https://airportgap.com/api/airports,,
checks,1784003721,0.000000,status 200,,,,,,,,default,,,,,,,
checks,1784003721,1.000000,menos de 1000ms,,,,,,,,default,,,,,,,
http_reqs,1784003721,1.000000,,,1429,false,,GET,https://airportgap.com/api/airports,HTTP/2.0,default,,429,,tls1.3,https://airportgap.com/api/airports,,
http_req_duration,1784003721,124.910900,,,1429,false,,GET,https://airportgap.com/api/airports,HTTP/2.0,default,,429,,tls1.3,https://airportgap.com/api/airports,,
http_req_blocked,1784003721,0.000000,,,1429,false,,GET,https://airportgap.com/api/airports,HTTP/2.0,default,,429,,tls1.3,https://airportgap.com/api/airports,,
http_req_connecting,1784003721,0.000000,,,1429,false,,GET,https://airportgap.com/api/airports,HTTP/2.0,default,,429,,tls1.3,https://airportgap.com/api/airports,,
http_req_tls_handshaking,1784003721,0.000000,,,1429,false,,GET,https://airportgap.com/api/airports,HTTP/2.0,default,,429,,tls1.3,https://airportgap.com/api/airports,,
http_req_sending,1784003721,0.307300,,,1429,false,,GET,https://airportgap.com/api/airports,HTTP/2.0,default,,429,,tls1.3,https://airportgap.com/api/airports,,
http_req_waiting,1784003721,123.800300,,,1429,false,,GET,https://airportgap.com/api/airports,HTTP/2.0,default,,429,,tls1.3,https://airportgap.com/api/airports,,
http_req_receiving,1784003721,0.803300,,,1429,false,,GET,https://airportgap.com/api/airports,HTTP/2.0,default,,429,,tls1.3,https://airportgap.com/api/airports,,
http_req_failed,1784003721,1.000000,,,1429,false,,GET,https://airportgap.com/api/airports,HTTP/2.0,default,,429,,tls1.3,https://airportgap.com/api/airports,,
checks,1784003721,0.000000,status 200,,,,,,,,default,,,,,,,
checks,1784003721,1.000000,menos de 1000ms,,,,,,,,default,,,,,,,
http_reqs,1784003721,1.000000,,,1429,false,,GET,https://airportgap.com/api/airports/JFK,HTTP/2.0,default,,429,,tls1.3,https://airportgap.com/api/airports/JFK,,
http_req_duration,1784003721,126.041000,,,1429,false,,GET,https://airportgap.com/api/airports/JFK,HTTP/2.0,default,,429,,tls1.3,https://airportgap.com/api/airports/JFK,,
http_req_blocked,1784003721,0.000000,,,1429,false,,GET,https://airportgap.com/api/airports/JFK,HTTP/2.0,default,,429,,tls1.3,https://airportgap.com/api/airports/JFK,,
http_req_connecting,1784003721,0.000000,,,1429,false,,GET,https://airportgap.com/api/airports/JFK,HTTP/2.0,default,,429,,tls1.3,https://airportgap.com/api/airports/JFK,,
http_req_tls_handshaking,1784003721,0.000000,,,1429,false,,GET,https://airportgap.com/api/airports/JFK,HTTP/2.0,default,,429,,tls1.3,https://airportgap.com/api/airports/JFK,,
http_req_sending,1784003721,0.000000,,,1429,false,,GET,https://airportgap.com/api/airports/JFK,HTTP/2.0,default,,429,,tls1.3,https://airportgap.com/api/airports/JFK,,
http_req_waiting,1784003721,126.041000,,,1429,false,,GET,https://airportgap.com/api/airports/JFK,HTTP/2.0,default,,429,,tls1.3,https://airportgap.com/api/airports/JFK,,
http_req_receiving,1784003721,0.000000,,,1429,false,,GET,https://airportgap.com/api/airports/JFK,HTTP/2.0,default,,429,,tls1.3,https://airportgap.com/api/airports/JFK,,
http_req_failed,1784003721,1.000000,,,1429,false,,GET,https://airportgap.com/api/airports/JFK,HTTP/2.0,default,,429,,tls1.3,https://airportgap.com/api/airports/JFK,,
checks,1784003721,0.000000,JFK status 200,,,,,,,,default,,,,,,,
http_reqs,1784003721,1.000000,,,1429,false,,GET,https://airportgap.com/api/airports/JFK,HTTP/2.0,default,,429,,tls1.3,https://airportgap.com/api/airports/JFK,,
http_req_duration,1784003721,126.574900,,,1429,false,,GET,https://airportgap.com/api/airports/JFK,HTTP/2.0,default,,429,,tls1.3,https://airportgap.com/api/airports/JFK,,
http_req_blocked,1784003721,0.000000,,,1429,false,,GET,https://airportgap.com/api/airports/JFK,HTTP/2.0,default,,429,,tls1.3,https://airportgap.com/api/airports/JFK,,
http_req_connecting,1784003721,0.000000,,,1429,false,,GET,https://airportgap.com/api/airports/JFK,HTTP/2.0,default,,429,,tls1.3,https://airportgap.com/api/airports/JFK,,
http_req_tls_handshaking,1784003721,0.000000,,,1429,false,,GET,https://airportgap.com/api/airports/JFK,HTTP/2.0,default,,429,,tls1.3,https://airportgap.com/api/airports/JFK,,
http_req_sending,1784003721,0.000000,,,1429,false,,GET,https://airportgap.com/api/airports/JFK,HTTP/2.0,default,,429,,tls1.3,https://airportgap.com/api/airports/JFK,,
http_req_waiting,1784003721,125.113800,,,1429,false,,GET,https://airportgap.com/api/airports/JFK,HTTP/2.0,default,,429,,tls1.3,https://airportgap.com/api/airports/JFK,,
http_req_receiving,1784003721,1.461100,,,1429,false,,GET,https://airportgap.com/api/airports/JFK,HTTP/2.0,default,,429,,tls1.3,https://airportgap.com/api/airports/JFK,,
http_req_failed,1784003721,1.000000,,,1429,false,,GET,https://airportgap.com/api/airports/JFK,HTTP/2.0,default,,429,,tls1.3,https://airportgap.com/api/airports/JFK,,
checks,1784003721,0.000000,JFK status 200,,,,,,,,default,,,,,,,
http_reqs,1784003721,1.000000,,,1429,false,,GET,https://airportgap.com/api/airports/JFK,HTTP/2.0,default,,429,,tls1.3,https://airportgap.com/api/airports/JFK,,
http_req_duration,1784003721,125.912600,,,1429,false,,GET,https://airportgap.com/api/airports/JFK,HTTP/2.0,default,,429,,tls1.3,https://airportgap.com/api/airports/JFK,,
http_req_blocked,1784003721,0.000000,,,1429,false,,GET,https://airportgap.com/api/airports/JFK,HTTP/2.0,default,,429,,tls1.3,https://airportgap.com/api/airports/JFK,,
http_req_connecting,1784003721,0.000000,,,1429,false,,GET,https://airportgap.com/api/airports/JFK,HTTP/2.0,default,,429,,tls1.3,https://airportgap.com/api/airports/JFK,,
http_req_tls_handshaking,1784003721,0.000000,,,1429,false,,GET,https://airportgap.com/api/airports/JFK,HTTP/2.0,default,,429,,tls1.3,https://airportgap.com/api/airports/JFK,,
http_req_sending,1784003721,0.000000,,,1429,false,,GET,https://airportgap.com/api/airports/JFK,HTTP/2.0,default,,429,,tls1.3,https://airportgap.com/api/airports/JFK,,
http_req_waiting,1784003721,125.083400,,,1429,false,,GET,https://airportgap.com/api/airports/JFK,HTTP/2.0,default,,429,,tls1.3,https://airportgap.com/api/airports/JFK,,
http_req_receiving,1784003721,0.829200,,,1429,false,,GET,https://airportgap.com/api/airports/JFK,HTTP/2.0,default,,429,,tls1.3,https://airportgap.com/api/airports/JFK,,
http_req_failed,1784003721,1.000000,,,1429,false,,GET,https://airportgap.com/api/airports/JFK,HTTP/2.0,default,,429,,tls1.3,https://airportgap.com/api/airports/JFK,,
checks,1784003721,0.000000,JFK status 200,,,,,,,,default,,,,,,,
http_reqs,1784003721,1.000000,,,1429,false,,GET,https://airportgap.com/api/airports/JFK,HTTP/2.0,default,,429,,tls1.3,https://airportgap.com/api/airports/JFK,,
http_req_duration,1784003721,128.276800,,,1429,false,,GET,https://airportgap.com/api/airports/JFK,HTTP/2.0,default,,429,,tls1.3,https://airportgap.com/api/airports/JFK,,
http_req_blocked,1784003721,0.000000,,,1429,false,,GET,https://airportgap.com/api/airports/JFK,HTTP/2.0,default,,429,,tls1.3,https://airportgap.com/api/airports/JFK,,
http_req_connecting,1784003721,0.000000,,,1429,false,,GET,https://airportgap.com/api/airports/JFK,HTTP/2.0,default,,429,,tls1.3,https://airportgap.com/api/airports/JFK,,
http_req_tls_handshaking,1784003721,0.000000,,,1429,false,,GET,https://airportgap.com/api/airports/JFK,HTTP/2.0,default,,429,,tls1.3,https://airportgap.com/api/airports/JFK,,
http_req_sending,1784003721,0.515200,,,1429,false,,GET,https://airportgap.com/api/airports/JFK,HTTP/2.0,default,,429,,tls1.3,https://airportgap.com/api/airports/JFK,,
http_req_waiting,1784003721,126.579400,,,1429,false,,GET,https://airportgap.com/api/airports/JFK,HTTP/2.0,default,,429,,tls1.3,https://airportgap.com/api/airports/JFK,,
http_req_receiving,1784003721,1.182200,,,1429,false,,GET,https://airportgap.com/api/airports/JFK,HTTP/2.0,default,,429,,tls1.3,https://airportgap.com/api/airports/JFK,,
http_req_failed,1784003721,1.000000,,,1429,false,,GET,https://airportgap.com/api/airports/JFK,HTTP/2.0,default,,429,,tls1.3,https://airportgap.com/api/airports/JFK,,
checks,1784003721,0.000000,JFK status 200,,,,,,,,default,,,,,,,
http_reqs,1784003721,1.000000,,,1429,false,,GET,https://airportgap.com/api/airports/JFK,HTTP/2.0,default,,429,,tls1.3,https://airportgap.com/api/airports/JFK,,
http_req_duration,1784003721,127.761600,,,1429,false,,GET,https://airportgap.com/api/airports/JFK,HTTP/2.0,default,,429,,tls1.3,https://airportgap.com/api/airports/JFK,,
http_req_blocked,1784003721,0.000000,,,1429,false,,GET,https://airportgap.com/api/airports/JFK,HTTP/2.0,default,,429,,tls1.3,https://airportgap.com/api/airports/JFK,,
http_req_connecting,1784003721,0.000000,,,1429,false,,GET,https://airportgap.com/api/airports/JFK,HTTP/2.0,default,,429,,tls1.3,https://airportgap.com/api/airports/JFK,,
http_req_tls_handshaking,1784003721,0.000000,,,1429,false,,GET,https://airportgap.com/api/airports/JFK,HTTP/2.0,default,,429,,tls1.3,https://airportgap.com/api/airports/JFK,,
http_req_sending,1784003721,0.000000,,,1429,false,,GET,https://airportgap.com/api/airports/JFK,HTTP/2.0,default,,429,,tls1.3,https://airportgap.com/api/airports/JFK,,
http_req_waiting,1784003721,127.761600,,,1429,false,,GET,https://airportgap.com/api/airports/JFK,HTTP/2.0,default,,429,,tls1.3,https://airportgap.com/api/airports/JFK,,
http_req_receiving,1784003721,0.000000,,,1429,false,,GET,https://airportgap.com/api/airports/JFK,HTTP/2.0,default,,429,,tls1.3,https://airportgap.com/api/airports/JFK,,
http_req_failed,1784003721,1.000000,,,1429,false,,GET,https://airportgap.com/api/airports/JFK,HTTP/2.0,default,,429,,tls1.3,https://airportgap.com/api/airports/JFK,,
checks,1784003721,0.000000,JFK status 200,,,,,,,,default,,,,,,,
http_reqs,1784003721,1.000000,,,1429,false,,GET,https://airportgap.com/api/airports/JFK,HTTP/2.0,default,,429,,tls1.3,https://airportgap.com/api/airports/JFK,,
http_req_duration,1784003721,125.160900,,,1429,false,,GET,https://airportgap.com/api/airports/JFK,HTTP/2.0,default,,429,,tls1.3,https://airportgap.com/api/airports/JFK,,
http_req_blocked,1784003721,0.000000,,,1429,false,,GET,https://airportgap.com/api/airports/JFK,HTTP/2.0,default,,429,,tls1.3,https://airportgap.com/api/airports/JFK,,
http_req_connecting,1784003721,0.000000,,,1429,false,,GET,https://airportgap.com/api/airports/JFK,HTTP/2.0,default,,429,,tls1.3,https://airportgap.com/api/airports/JFK,,
http_req_tls_handshaking,1784003721,0.000000,,,1429,false,,GET,https://airportgap.com/api/airports/JFK,HTTP/2.0,default,,429,,tls1.3,https://airportgap.com/api/airports/JFK,,
http_req_sending,1784003721,0.000000,,,1429,false,,GET,https://airportgap.com/api/airports/JFK,HTTP/2.0,default,,429,,tls1.3,https://airportgap.com/api/airports/JFK,,
http_req_waiting,1784003721,123.857900,,,1429,false,,GET,https://airportgap.com/api/airports/JFK,HTTP/2.0,default,,429,,tls1.3,https://airportgap.com/api/airports/JFK,,
http_req_receiving,1784003721,1.303000,,,1429,false,,GET,https://airportgap.com/api/airports/JFK,HTTP/2.0,default,,429,,tls1.3,https://airportgap.com/api/airports/JFK,,
http_req_failed,1784003721,1.000000,,,1429,false,,GET,https://airportgap.com/api/airports/JFK,HTTP/2.0,default,,429,,tls1.3,https://airportgap.com/api/airports/JFK,,
checks,1784003721,0.000000,JFK status 200,,,,,,,,default,,,,,,,
http_reqs,1784003721,1.000000,,,1429,false,,GET,https://airportgap.com/api/airports/JFK,HTTP/2.0,default,,429,,tls1.3,https://airportgap.com/api/airports/JFK,,
http_req_duration,1784003721,124.788800,,,1429,false,,GET,https://airportgap.com/api/airports/JFK,HTTP/2.0,default,,429,,tls1.3,https://airportgap.com/api/airports/JFK,,
http_req_blocked,1784003721,0.000000,,,1429,false,,GET,https://airportgap.com/api/airports/JFK,HTTP/2.0,default,,429,,tls1.3,https://airportgap.com/api/airports/JFK,,
http_req_connecting,1784003721,0.000000,,,1429,false,,GET,https://airportgap.com/api/airports/JFK,HTTP/2.0,default,,429,,tls1.3,https://airportgap.com/api/airports/JFK,,
http_req_tls_handshaking,1784003721,0.000000,,,1429,false,,GET,https://airportgap.com/api/airports/JFK,HTTP/2.0,default,,429,,tls1.3,https://airportgap.com/api/airports/JFK,,
http_req_sending,1784003721,0.000000,,,1429,false,,GET,https://airportgap.com/api/airports/JFK,HTTP/2.0,default,,429,,tls1.3,https://airportgap.com/api/airports/JFK,,
http_req_waiting,1784003721,124.788800,,,1429,false,,GET,https://airportgap.com/api/airports/JFK,HTTP/2.0,default,,429,,tls1.3,https://airportgap.com/api/airports/JFK,,
http_req_receiving,1784003721,0.000000,,,1429,false,,GET,https://airportgap.com/api/airports/JFK,HTTP/2.0,default,,429,,tls1.3,https://airportgap.com/api/airports/JFK,,
http_req_failed,1784003721,1.000000,,,1429,false,,GET,https://airportgap.com/api/airports/JFK,HTTP/2.0,default,,429,,tls1.3,https://airportgap.com/api/airports/JFK,,
checks,1784003721,0.000000,JFK status 200,,,,,,,,default,,,,,,,
http_reqs,1784003721,1.000000,,,1429,false,,GET,https://airportgap.com/api/airports/JFK,HTTP/2.0,default,,429,,tls1.3,https://airportgap.com/api/airports/JFK,,
http_req_duration,1784003721,125.222400,,,1429,false,,GET,https://airportgap.com/api/airports/JFK,HTTP/2.0,default,,429,,tls1.3,https://airportgap.com/api/airports/JFK,,
http_req_blocked,1784003721,0.000000,,,1429,false,,GET,https://airportgap.com/api/airports/JFK,HTTP/2.0,default,,429,,tls1.3,https://airportgap.com/api/airports/JFK,,
http_req_connecting,1784003721,0.000000,,,1429,false,,GET,https://airportgap.com/api/airports/JFK,HTTP/2.0,default,,429,,tls1.3,https://airportgap.com/api/airports/JFK,,
http_req_tls_handshaking,1784003721,0.000000,,,1429,false,,GET,https://airportgap.com/api/airports/JFK,HTTP/2.0,default,,429,,tls1.3,https://airportgap.com/api/airports/JFK,,
http_req_sending,1784003721,0.000000,,,1429,false,,GET,https://airportgap.com/api/airports/JFK,HTTP/2.0,default,,429,,tls1.3,https://airportgap.com/api/airports/JFK,,
http_req_waiting,1784003721,125.222400,,,1429,false,,GET,https://airportgap.com/api/airports/JFK,HTTP/2.0,default,,429,,tls1.3,https://airportgap.com/api/airports/JFK,,
http_req_receiving,1784003721,0.000000,,,1429,false,,GET,https://airportgap.com/api/airports/JFK,HTTP/2.0,default,,429,,tls1.3,https://airportgap.com/api/airports/JFK,,
http_req_failed,1784003721,1.000000,,,1429,false,,GET,https://airportgap.com/api/airports/JFK,HTTP/2.0,default,,429,,tls1.3,https://airportgap.com/api/airports/JFK,,
checks,1784003721,0.000000,JFK status 200,,,,,,,,default,,,,,,,
vus,1784003721,10.000000,,,,,,,,,,,,,,,,
vus_max,1784003721,10.000000,,,,,,,,,,,,,,,,
data_sent,1784003722,72.000000,,,,,,,,,default,,,,,,,
data_received,1784003722,285.000000,,,,,,,,,default,,,,,,,
iteration_duration,1784003722,1254.589200,,,,,,,,,default,,,,,,,
iterations,1784003722,1.000000,,,,,,,,,default,,,,,,,
data_sent,1784003722,72.000000,,,,,,,,,default,,,,,,,
data_received,1784003722,285.000000,,,,,,,,,default,,,,,,,
iteration_duration,1784003722,1229.677400,,,,,,,,,default,,,,,,,
iterations,1784003722,1.000000,,,,,,,,,default,,,,,,,
http_reqs,1784003722,1.000000,,,1429,false,,GET,https://airportgap.com/api/airports,HTTP/2.0,default,,429,,tls1.3,https://airportgap.com/api/airports,,
http_req_duration,1784003722,143.948500,,,1429,false,,GET,https://airportgap.com/api/airports,HTTP/2.0,default,,429,,tls1.3,https://airportgap.com/api/airports,,
http_req_blocked,1784003722,0.000000,,,1429,false,,GET,https://airportgap.com/api/airports,HTTP/2.0,default,,429,,tls1.3,https://airportgap.com/api/airports,,
http_req_connecting,1784003722,0.000000,,,1429,false,,GET,https://airportgap.com/api/airports,HTTP/2.0,default,,429,,tls1.3,https://airportgap.com/api/airports,,
http_req_tls_handshaking,1784003722,0.000000,,,1429,false,,GET,https://airportgap.com/api/airports,HTTP/2.0,default,,429,,tls1.3,https://airportgap.com/api/airports,,
http_req_sending,1784003722,0.524400,,,1429,false,,GET,https://airportgap.com/api/airports,HTTP/2.0,default,,429,,tls1.3,https://airportgap.com/api/airports,,
http_req_waiting,1784003722,140.138400,,,1429,false,,GET,https://airportgap.com/api/airports,HTTP/2.0,default,,429,,tls1.3,https://airportgap.com/api/airports,,
http_req_receiving,1784003722,3.285700,,,1429,false,,GET,https://airportgap.com/api/airports,HTTP/2.0,default,,429,,tls1.3,https://airportgap.com/api/airports,,
http_req_failed,1784003722,1.000000,,,1429,false,,GET,https://airportgap.com/api/airports,HTTP/2.0,default,,429,,tls1.3,https://airportgap.com/api/airports,,
checks,1784003722,0.000000,status 200,,,,,,,,default,,,,,,,
checks,1784003722,1.000000,menos de 1000ms,,,,,,,,default,,,,,,,
data_sent,1784003722,72.000000,,,,,,,,,default,,,,,,,
data_received,1784003722,285.000000,,,,,,,,,default,,,,,,,
iteration_duration,1784003722,1254.147900,,,,,,,,,default,,,,,,,
iterations,1784003722,1.000000,,,,,,,,,default,,,,,,,
data_sent,1784003722,72.000000,,,,,,,,,default,,,,,,,
data_received,1784003722,286.000000,,,,,,,,,default,,,,,,,
iteration_duration,1784003722,1253.621200,,,,,,,,,default,,,,,,,
iterations,1784003722,1.000000,,,,,,,,,default,,,,,,,
http_reqs,1784003722,1.000000,,,1429,false,,GET,https://airportgap.com/api/airports,HTTP/2.0,default,,429,,tls1.3,https://airportgap.com/api/airports,,
http_req_duration,1784003722,121.562200,,,1429,false,,GET,https://airportgap.com/api/airports,HTTP/2.0,default,,429,,tls1.3,https://airportgap.com/api/airports,,
http_req_blocked,1784003722,0.000000,,,1429,false,,GET,https://airportgap.com/api/airports,HTTP/2.0,default,,429,,tls1.3,https://airportgap.com/api/airports,,
http_req_connecting,1784003722,0.000000,,,1429,false,,GET,https://airportgap.com/api/airports,HTTP/2.0,default,,429,,tls1.3,https://airportgap.com/api/airports,,
http_req_tls_handshaking,1784003722,0.000000,,,1429,false,,GET,https://airportgap.com/api/airports,HTTP/2.0,default,,429,,tls1.3,https://airportgap.com/api/airports,,
http_req_sending,1784003722,0.404900,,,1429,false,,GET,https://airportgap.com/api/airports,HTTP/2.0,default,,429,,tls1.3,https://airportgap.com/api/airports,,
http_req_waiting,1784003722,121.157300,,,1429,false,,GET,https://airportgap.com/api/airports,HTTP/2.0,default,,429,,tls1.3,https://airportgap.com/api/airports,,
http_req_receiving,1784003722,0.000000,,,1429,false,,GET,https://airportgap.com/api/airports,HTTP/2.0,default,,429,,tls1.3,https://airportgap.com/api/airports,,
http_req_failed,1784003722,1.000000,,,1429,false,,GET,https://airportgap.com/api/airports,HTTP/2.0,default,,429,,tls1.3,https://airportgap.com/api/airports,,
checks,1784003722,0.000000,status 200,,,,,,,,default,,,,,,,
checks,1784003722,1.000000,menos de 1000ms,,,,,,,,default,,,,,,,
data_sent,1784003722,72.000000,,,,,,,,,default,,,,,,,
data_received,1784003722,284.000000,,,,,,,,,default,,,,,,,
iteration_duration,1784003722,1254.394600,,,,,,,,,default,,,,,,,
iterations,1784003722,1.000000,,,,,,,,,default,,,,,,,
http_reqs,1784003722,1.000000,,,1429,false,,GET,https://airportgap.com/api/airports/JFK,HTTP/2.0,default,,429,,tls1.3,https://airportgap.com/api/airports/JFK,,
http_req_duration,1784003722,151.800200,,,1429,false,,GET,https://airportgap.com/api/airports/JFK,HTTP/2.0,default,,429,,tls1.3,https://airportgap.com/api/airports/JFK,,
http_req_blocked,1784003722,0.000000,,,1429,false,,GET,https://airportgap.com/api/airports/JFK,HTTP/2.0,default,,429,,tls1.3,https://airportgap.com/api/airports/JFK,,
http_req_connecting,1784003722,0.000000,,,1429,false,,GET,https://airportgap.com/api/airports/JFK,HTTP/2.0,default,,429,,tls1.3,https://airportgap.com/api/airports/JFK,,
http_req_tls_handshaking,1784003722,0.000000,,,1429,false,,GET,https://airportgap.com/api/airports/JFK,HTTP/2.0,default,,429,,tls1.3,https://airportgap.com/api/airports/JFK,,
http_req_sending,1784003722,0.000000,,,1429,false,,GET,https://airportgap.com/api/airports/JFK,HTTP/2.0,default,,429,,tls1.3,https://airportgap.com/api/airports/JFK,,
http_req_waiting,1784003722,151.800200,,,1429,false,,GET,https://airportgap.com/api/airports/JFK,HTTP/2.0,default,,429,,tls1.3,https://airportgap.com/api/airports/JFK,,
http_req_receiving,1784003722,0.000000,,,1429,false,,GET,https://airportgap.com/api/airports/JFK,HTTP/2.0,default,,429,,tls1.3,https://airportgap.com/api/airports/JFK,,
http_req_failed,1784003722,1.000000,,,1429,false,,GET,https://airportgap.com/api/airports/JFK,HTTP/2.0,default,,429,,tls1.3,https://airportgap.com/api/airports/JFK,,
checks,1784003722,0.000000,JFK status 200,,,,,,,,default,,,,,,,
data_sent,1784003722,72.000000,,,,,,,,,default,,,,,,,
data_received,1784003722,285.000000,,,,,,,,,default,,,,,,,
iteration_duration,1784003722,1256.265000,,,,,,,,,default,,,,,,,
iterations,1784003722,1.000000,,,,,,,,,default,,,,,,,
data_sent,1784003722,72.000000,,,,,,,,,default,,,,,,,
data_received,1784003722,286.000000,,,,,,,,,default,,,,,,,
iteration_duration,1784003722,1256.783300,,,,,,,,,default,,,,,,,
iterations,1784003722,1.000000,,,,,,,,,default,,,,,,,
data_sent,1784003722,72.000000,,,,,,,,,default,,,,,,,
data_received,1784003722,285.000000,,,,,,,,,default,,,,,,,
iteration_duration,1784003722,1253.285800,,,,,,,,,default,,,,,,,
iterations,1784003722,1.000000,,,,,,,,,default,,,,,,,
data_sent,1784003722,72.000000,,,,,,,,,default,,,,,,,
data_received,1784003722,285.000000,,,,,,,,,default,,,,,,,
iteration_duration,1784003722,1250.272800,,,,,,,,,default,,,,,,,
iterations,1784003722,1.000000,,,,,,,,,default,,,,,,,
data_sent,1784003722,72.000000,,,,,,,,,default,,,,,,,
data_received,1784003722,285.000000,,,,,,,,,default,,,,,,,
iteration_duration,1784003722,1250.425500,,,,,,,,,default,,,,,,,
iterations,1784003722,1.000000,,,,,,,,,default,,,,,,,
http_reqs,1784003722,1.000000,,,1429,false,,GET,https://airportgap.com/api/airports/JFK,HTTP/2.0,default,,429,,tls1.3,https://airportgap.com/api/airports/JFK,,
http_req_duration,1784003722,212.371600,,,1429,false,,GET,https://airportgap.com/api/airports/JFK,HTTP/2.0,default,,429,,tls1.3,https://airportgap.com/api/airports/JFK,,
http_req_blocked,1784003722,0.000000,,,1429,false,,GET,https://airportgap.com/api/airports/JFK,HTTP/2.0,default,,429,,tls1.3,https://airportgap.com/api/airports/JFK,,
http_req_connecting,1784003722,0.000000,,,1429,false,,GET,https://airportgap.com/api/airports/JFK,HTTP/2.0,default,,429,,tls1.3,https://airportgap.com/api/airports/JFK,,
http_req_tls_handshaking,1784003722,0.000000,,,1429,false,,GET,https://airportgap.com/api/airports/JFK,HTTP/2.0,default,,429,,tls1.3,https://airportgap.com/api/airports/JFK,,
http_req_sending,1784003722,0.000000,,,1429,false,,GET,https://airportgap.com/api/airports/JFK,HTTP/2.0,default,,429,,tls1.3,https://airportgap.com/api/airports/JFK,,
http_req_waiting,1784003722,211.790400,,,1429,false,,GET,https://airportgap.com/api/airports/JFK,HTTP/2.0,default,,429,,tls1.3,https://airportgap.com/api/airports/JFK,,
http_req_receiving,1784003722,0.581200,,,1429,false,,GET,https://airportgap.com/api/airports/JFK,HTTP/2.0,default,,429,,tls1.3,https://airportgap.com/api/airports/JFK,,
http_req_failed,1784003722,1.000000,,,1429,false,,GET,https://airportgap.com/api/airports/JFK,HTTP/2.0,default,,429,,tls1.3,https://airportgap.com/api/airports/JFK,,
checks,1784003722,0.000000,JFK status 200,,,,,,,,default,,,,,,,
http_reqs,1784003722,1.000000,,,1429,false,,GET,https://airportgap.com/api/airports,HTTP/2.0,default,,429,,tls1.3,https://airportgap.com/api/airports,,
http_req_duration,1784003722,230.712600,,,1429,false,,GET,https://airportgap.com/api/airports,HTTP/2.0,default,,429,,tls1.3,https://airportgap.com/api/airports,,
http_req_blocked,1784003722,0.000000,,,1429,false,,GET,https://airportgap.com/api/airports,HTTP/2.0,default,,429,,tls1.3,https://airportgap.com/api/airports,,
http_req_connecting,1784003722,0.000000,,,1429,false,,GET,https://airportgap.com/api/airports,HTTP/2.0,default,,429,,tls1.3,https://airportgap.com/api/airports,,
http_req_tls_handshaking,1784003722,0.000000,,,1429,false,,GET,https://airportgap.com/api/airports,HTTP/2.0,default,,429,,tls1.3,https://airportgap.com/api/airports,,
http_req_sending,1784003722,0.549200,,,1429,false,,GET,https://airportgap.com/api/airports,HTTP/2.0,default,,429,,tls1.3,https://airportgap.com/api/airports,,
http_req_waiting,1784003722,230.163400,,,1429,false,,GET,https://airportgap.com/api/airports,HTTP/2.0,default,,429,,tls1.3,https://airportgap.com/api/airports,,
http_req_receiving,1784003722,0.000000,,,1429,false,,GET,https://airportgap.com/api/airports,HTTP/2.0,default,,429,,tls1.3,https://airportgap.com/api/airports,,
http_req_failed,1784003722,1.000000,,,1429,false,,GET,https://airportgap.com/api/airports,HTTP/2.0,default,,429,,tls1.3,https://airportgap.com/api/airports,,
checks,1784003722,0.000000,status 200,,,,,,,,default,,,,,,,
checks,1784003722,1.000000,menos de 1000ms,,,,,,,,default,,,,,,,
http_reqs,1784003722,1.000000,,,1429,false,,GET,https://airportgap.com/api/airports,HTTP/2.0,default,,429,,tls1.3,https://airportgap.com/api/airports,,
http_req_duration,1784003722,165.199600,,,1429,false,,GET,https://airportgap.com/api/airports,HTTP/2.0,default,,429,,tls1.3,https://airportgap.com/api/airports,,
http_req_blocked,1784003722,0.000000,,,1429,false,,GET,https://airportgap.com/api/airports,HTTP/2.0,default,,429,,tls1.3,https://airportgap.com/api/airports,,
http_req_connecting,1784003722,0.000000,,,1429,false,,GET,https://airportgap.com/api/airports,HTTP/2.0,default,,429,,tls1.3,https://airportgap.com/api/airports,,
http_req_tls_handshaking,1784003722,0.000000,,,1429,false,,GET,https://airportgap.com/api/airports,HTTP/2.0,default,,429,,tls1.3,https://airportgap.com/api/airports,,
http_req_sending,1784003722,0.000000,,,1429,false,,GET,https://airportgap.com/api/airports,HTTP/2.0,default,,429,,tls1.3,https://airportgap.com/api/airports,,
http_req_waiting,1784003722,165.199600,,,1429,false,,GET,https://airportgap.com/api/airports,HTTP/2.0,default,,429,,tls1.3,https://airportgap.com/api/airports,,
http_req_receiving,1784003722,0.000000,,,1429,false,,GET,https://airportgap.com/api/airports,HTTP/2.0,default,,429,,tls1.3,https://airportgap.com/api/airports,,
http_req_failed,1784003722,1.000000,,,1429,false,,GET,https://airportgap.com/api/airports,HTTP/2.0,default,,429,,tls1.3,https://airportgap.com/api/airports,,
checks,1784003722,0.000000,status 200,,,,,,,,default,,,,,,,
checks,1784003722,1.000000,menos de 1000ms,,,,,,,,default,,,,,,,
http_reqs,1784003722,1.000000,,,1429,false,,GET,https://airportgap.com/api/airports,HTTP/2.0,default,,429,,tls1.3,https://airportgap.com/api/airports,,
http_req_duration,1784003722,230.163400,,,1429,false,,GET,https://airportgap.com/api/airports,HTTP/2.0,default,,429,,tls1.3,https://airportgap.com/api/airports,,
http_req_blocked,1784003722,0.000000,,,1429,false,,GET,https://airportgap.com/api/airports,HTTP/2.0,default,,429,,tls1.3,https://airportgap.com/api/airports,,
http_req_connecting,1784003722,0.000000,,,1429,false,,GET,https://airportgap.com/api/airports,HTTP/2.0,default,,429,,tls1.3,https://airportgap.com/api/airports,,
http_req_tls_handshaking,1784003722,0.000000,,,1429,false,,GET,https://airportgap.com/api/airports,HTTP/2.0,default,,429,,tls1.3,https://airportgap.com/api/airports,,
http_req_sending,1784003722,0.000000,,,1429,false,,GET,https://airportgap.com/api/airports,HTTP/2.0,default,,429,,tls1.3,https://airportgap.com/api/airports,,
http_req_waiting,1784003722,230.163400,,,1429,false,,GET,https://airportgap.com/api/airports,HTTP/2.0,default,,429,,tls1.3,https://airportgap.com/api/airports,,
http_req_receiving,1784003722,0.000000,,,1429,false,,GET,https://airportgap.com/api/airports,HTTP/2.0,default,,429,,tls1.3,https://airportgap.com/api/airports,,
http_req_failed,1784003722,1.000000,,,1429,false,,GET,https://airportgap.com/api/airports,HTTP/2.0,default,,429,,tls1.3,https://airportgap.com/api/airports,,
checks,1784003722,0.000000,status 200,,,,,,,,default,,,,,,,
checks,1784003722,1.000000,menos de 1000ms,,,,,,,,default,,,,,,,
http_reqs,1784003722,1.000000,,,1429,false,,GET,https://airportgap.com/api/airports,HTTP/2.0,default,,429,,tls1.3,https://airportgap.com/api/airports,,
http_req_duration,1784003722,140.551400,,,1429,false,,GET,https://airportgap.com/api/airports,HTTP/2.0,default,,429,,tls1.3,https://airportgap.com/api/airports,,
http_req_blocked,1784003722,0.000000,,,1429,false,,GET,https://airportgap.com/api/airports,HTTP/2.0,default,,429,,tls1.3,https://airportgap.com/api/airports,,
http_req_connecting,1784003722,0.000000,,,1429,false,,GET,https://airportgap.com/api/airports,HTTP/2.0,default,,429,,tls1.3,https://airportgap.com/api/airports,,
http_req_tls_handshaking,1784003722,0.000000,,,1429,false,,GET,https://airportgap.com/api/airports,HTTP/2.0,default,,429,,tls1.3,https://airportgap.com/api/airports,,
http_req_sending,1784003722,0.364600,,,1429,false,,GET,https://airportgap.com/api/airports,HTTP/2.0,default,,429,,tls1.3,https://airportgap.com/api/airports,,
http_req_waiting,1784003722,140.186800,,,1429,false,,GET,https://airportgap.com/api/airports,HTTP/2.0,default,,429,,tls1.3,https://airportgap.com/api/airports,,
http_req_receiving,1784003722,0.000000,,,1429,false,,GET,https://airportgap.com/api/airports,HTTP/2.0,default,,429,,tls1.3,https://airportgap.com/api/airports,,
http_req_failed,1784003722,1.000000,,,1429,false,,GET,https://airportgap.com/api/airports,HTTP/2.0,default,,429,,tls1.3,https://airportgap.com/api/airports,,
checks,1784003722,0.000000,status 200,,,,,,,,default,,,,,,,
checks,1784003722,1.000000,menos de 1000ms,,,,,,,,default,,,,,,,
http_reqs,1784003722,1.000000,,,1429,false,,GET,https://airportgap.com/api/airports,HTTP/2.0,default,,429,,tls1.3,https://airportgap.com/api/airports,,
http_req_duration,1784003722,165.085500,,,1429,false,,GET,https://airportgap.com/api/airports,HTTP/2.0,default,,429,,tls1.3,https://airportgap.com/api/airports,,
http_req_blocked,1784003722,0.000000,,,1429,false,,GET,https://airportgap.com/api/airports,HTTP/2.0,default,,429,,tls1.3,https://airportgap.com/api/airports,,
http_req_connecting,1784003722,0.000000,,,1429,false,,GET,https://airportgap.com/api/airports,HTTP/2.0,default,,429,,tls1.3,https://airportgap.com/api/airports,,
http_req_tls_handshaking,1784003722,0.000000,,,1429,false,,GET,https://airportgap.com/api/airports,HTTP/2.0,default,,429,,tls1.3,https://airportgap.com/api/airports,,
http_req_sending,1784003722,0.000000,,,1429,false,,GET,https://airportgap.com/api/airports,HTTP/2.0,default,,429,,tls1.3,https://airportgap.com/api/airports,,
http_req_waiting,1784003722,165.085500,,,1429,false,,GET,https://airportgap.com/api/airports,HTTP/2.0,default,,429,,tls1.3,https://airportgap.com/api/airports,,
http_req_receiving,1784003722,0.000000,,,1429,false,,GET,https://airportgap.com/api/airports,HTTP/2.0,default,,429,,tls1.3,https://airportgap.com/api/airports,,
http_req_failed,1784003722,1.000000,,,1429,false,,GET,https://airportgap.com/api/airports,HTTP/2.0,default,,429,,tls1.3,https://airportgap.com/api/airports,,
checks,1784003722,0.000000,status 200,,,,,,,,default,,,,,,,
checks,1784003722,1.000000,menos de 1000ms,,,,,,,,default,,,,,,,
http_reqs,1784003722,1.000000,,,1429,false,,GET,https://airportgap.com/api/airports,HTTP/2.0,default,,429,,tls1.3,https://airportgap.com/api/airports,,
http_req_duration,1784003722,181.289500,,,1429,false,,GET,https://airportgap.com/api/airports,HTTP/2.0,default,,429,,tls1.3,https://airportgap.com/api/airports,,
http_req_blocked,1784003722,0.000000,,,1429,false,,GET,https://airportgap.com/api/airports,HTTP/2.0,default,,429,,tls1.3,https://airportgap.com/api/airports,,
http_req_connecting,1784003722,0.000000,,,1429,false,,GET,https://airportgap.com/api/airports,HTTP/2.0,default,,429,,tls1.3,https://airportgap.com/api/airports,,
http_req_tls_handshaking,1784003722,0.000000,,,1429,false,,GET,https://airportgap.com/api/airports,HTTP/2.0,default,,429,,tls1.3,https://airportgap.com/api/airports,,
http_req_sending,1784003722,0.439200,,,1429,false,,GET,https://airportgap.com/api/airports,HTTP/2.0,default,,429,,tls1.3,https://airportgap.com/api/airports,,
http_req_waiting,1784003722,180.850300,,,1429,false,,GET,https://airportgap.com/api/airports,HTTP/2.0,default,,429,,tls1.3,https://airportgap.com/api/airports,,
http_req_receiving,1784003722,0.000000,,,1429,false,,GET,https://airportgap.com/api/airports,HTTP/2.0,default,,429,,tls1.3,https://airportgap.com/api/airports,,
http_req_failed,1784003722,1.000000,,,1429,false,,GET,https://airportgap.com/api/airports,HTTP/2.0,default,,429,,tls1.3,https://airportgap.com/api/airports,,
checks,1784003722,0.000000,status 200,,,,,,,,default,,,,,,,
checks,1784003722,1.000000,menos de 1000ms,,,,,,,,default,,,,,,,
http_reqs,1784003722,1.000000,,,1429,false,,GET,https://airportgap.com/api/airports,HTTP/2.0,default,,429,,tls1.3,https://airportgap.com/api/airports,,
http_req_duration,1784003722,145.048700,,,1429,false,,GET,https://airportgap.com/api/airports,HTTP/2.0,default,,429,,tls1.3,https://airportgap.com/api/airports,,
http_req_blocked,1784003722,0.000000,,,1429,false,,GET,https://airportgap.com/api/airports,HTTP/2.0,default,,429,,tls1.3,https://airportgap.com/api/airports,,
http_req_connecting,1784003722,0.000000,,,1429,false,,GET,https://airportgap.com/api/airports,HTTP/2.0,default,,429,,tls1.3,https://airportgap.com/api/airports,,
http_req_tls_handshaking,1784003722,0.000000,,,1429,false,,GET,https://airportgap.com/api/airports,HTTP/2.0,default,,429,,tls1.3,https://airportgap.com/api/airports,,
http_req_sending,1784003722,0.378300,,,1429,false,,GET,https://airportgap.com/api/airports,HTTP/2.0,default,,429,,tls1.3,https://airportgap.com/api/airports,,
http_req_waiting,1784003722,144.670400,,,1429,false,,GET,https://airportgap.com/api/airports,HTTP/2.0,default,,429,,tls1.3,https://airportgap.com/api/airports,,
http_req_receiving,1784003722,0.000000,,,1429,false,,GET,https://airportgap.com/api/airports,HTTP/2.0,default,,429,,tls1.3,https://airportgap.com/api/airports,,
http_req_failed,1784003722,1.000000,,,1429,false,,GET,https://airportgap.com/api/airports,HTTP/2.0,default,,429,,tls1.3,https://airportgap.com/api/airports,,
http_reqs,1784003722,1.000000,,,1429,false,,GET,https://airportgap.com/api/airports,HTTP/2.0,default,,429,,tls1.3,https://airportgap.com/api/airports,,
http_req_duration,1784003722,149.708800,,,1429,false,,GET,https://airportgap.com/api/airports,HTTP/2.0,default,,429,,tls1.3,https://airportgap.com/api/airports,,
http_req_blocked,1784003722,0.000000,,,1429,false,,GET,https://airportgap.com/api/airports,HTTP/2.0,default,,429,,tls1.3,https://airportgap.com/api/airports,,
http_req_connecting,1784003722,0.000000,,,1429,false,,GET,https://airportgap.com/api/airports,HTTP/2.0,default,,429,,tls1.3,https://airportgap.com/api/airports,,
http_req_tls_handshaking,1784003722,0.000000,,,1429,false,,GET,https://airportgap.com/api/airports,HTTP/2.0,default,,429,,tls1.3,https://airportgap.com/api/airports,,
http_req_sending,1784003722,0.469200,,,1429,false,,GET,https://airportgap.com/api/airports,HTTP/2.0,default,,429,,tls1.3,https://airportgap.com/api/airports,,
http_req_waiting,1784003722,149.239600,,,1429,false,,GET,https://airportgap.com/api/airports,HTTP/2.0,default,,429,,tls1.3,https://airportgap.com/api/airports,,
http_req_receiving,1784003722,0.000000,,,1429,false,,GET,https://airportgap.com/api/airports,HTTP/2.0,default,,429,,tls1.3,https://airportgap.com/api/airports,,
http_req_failed,1784003722,1.000000,,,1429,false,,GET,https://airportgap.com/api/airports,HTTP/2.0,default,,429,,tls1.3,https://airportgap.com/api/airports,,
checks,1784003722,0.000000,status 200,,,,,,,,default,,,,,,,
checks,1784003722,1.000000,menos de 1000ms,,,,,,,,default,,,,,,,
checks,1784003722,0.000000,status 200,,,,,,,,default,,,,,,,
checks,1784003722,1.000000,menos de 1000ms,,,,,,,,default,,,,,,,
vus,1784003722,10.000000,,,,,,,,,,,,,,,,
vus_max,1784003722,10.000000,,,,,,,,,,,,,,,,
http_reqs,1784003722,1.000000,,,1429,false,,GET,https://airportgap.com/api/airports/JFK,HTTP/2.0,default,,429,,tls1.3,https://airportgap.com/api/airports/JFK,,
http_req_duration,1784003722,202.900600,,,1429,false,,GET,https://airportgap.com/api/airports/JFK,HTTP/2.0,default,,429,,tls1.3,https://airportgap.com/api/airports/JFK,,
http_req_blocked,1784003722,0.000000,,,1429,false,,GET,https://airportgap.com/api/airports/JFK,HTTP/2.0,default,,429,,tls1.3,https://airportgap.com/api/airports/JFK,,
http_req_connecting,1784003722,0.000000,,,1429,false,,GET,https://airportgap.com/api/airports/JFK,HTTP/2.0,default,,429,,tls1.3,https://airportgap.com/api/airports/JFK,,
http_req_tls_handshaking,1784003722,0.000000,,,1429,false,,GET,https://airportgap.com/api/airports/JFK,HTTP/2.0,default,,429,,tls1.3,https://airportgap.com/api/airports/JFK,,
http_req_sending,1784003722,0.437100,,,1429,false,,GET,https://airportgap.com/api/airports/JFK,HTTP/2.0,default,,429,,tls1.3,https://airportgap.com/api/airports/JFK,,
http_req_waiting,1784003722,202.463500,,,1429,false,,GET,https://airportgap.com/api/airports/JFK,HTTP/2.0,default,,429,,tls1.3,https://airportgap.com/api/airports/JFK,,
http_req_receiving,1784003722,0.000000,,,1429,false,,GET,https://airportgap.com/api/airports/JFK,HTTP/2.0,default,,429,,tls1.3,https://airportgap.com/api/airports/JFK,,
http_req_failed,1784003722,1.000000,,,1429,false,,GET,https://airportgap.com/api/airports/JFK,HTTP/2.0,default,,429,,tls1.3,https://airportgap.com/api/airports/JFK,,
checks,1784003722,0.000000,JFK status 200,,,,,,,,default,,,,,,,
http_reqs,1784003722,1.000000,,,1429,false,,GET,https://airportgap.com/api/airports/JFK,HTTP/2.0,default,,429,,tls1.3,https://airportgap.com/api/airports/JFK,,
http_req_duration,1784003722,204.334500,,,1429,false,,GET,https://airportgap.com/api/airports/JFK,HTTP/2.0,default,,429,,tls1.3,https://airportgap.com/api/airports/JFK,,
http_req_blocked,1784003722,0.000000,,,1429,false,,GET,https://airportgap.com/api/airports/JFK,HTTP/2.0,default,,429,,tls1.3,https://airportgap.com/api/airports/JFK,,
http_req_connecting,1784003722,0.000000,,,1429,false,,GET,https://airportgap.com/api/airports/JFK,HTTP/2.0,default,,429,,tls1.3,https://airportgap.com/api/airports/JFK,,
http_req_tls_handshaking,1784003722,0.000000,,,1429,false,,GET,https://airportgap.com/api/airports/JFK,HTTP/2.0,default,,429,,tls1.3,https://airportgap.com/api/airports/JFK,,
http_req_sending,1784003722,0.000000,,,1429,false,,GET,https://airportgap.com/api/airports/JFK,HTTP/2.0,default,,429,,tls1.3,https://airportgap.com/api/airports/JFK,,
http_req_waiting,1784003722,203.822100,,,1429,false,,GET,https://airportgap.com/api/airports/JFK,HTTP/2.0,default,,429,,tls1.3,https://airportgap.com/api/airports/JFK,,
http_req_receiving,1784003722,0.512400,,,1429,false,,GET,https://airportgap.com/api/airports/JFK,HTTP/2.0,default,,429,,tls1.3,https://airportgap.com/api/airports/JFK,,
http_req_failed,1784003722,1.000000,,,1429,false,,GET,https://airportgap.com/api/airports/JFK,HTTP/2.0,default,,429,,tls1.3,https://airportgap.com/api/airports/JFK,,
http_reqs,1784003722,1.000000,,,1429,false,,GET,https://airportgap.com/api/airports/JFK,HTTP/2.0,default,,429,,tls1.3,https://airportgap.com/api/airports/JFK,,
http_req_duration,1784003722,202.975900,,,1429,false,,GET,https://airportgap.com/api/airports/JFK,HTTP/2.0,default,,429,,tls1.3,https://airportgap.com/api/airports/JFK,,
http_req_blocked,1784003722,0.000000,,,1429,false,,GET,https://airportgap.com/api/airports/JFK,HTTP/2.0,default,,429,,tls1.3,https://airportgap.com/api/airports/JFK,,
http_req_connecting,1784003722,0.000000,,,1429,false,,GET,https://airportgap.com/api/airports/JFK,HTTP/2.0,default,,429,,tls1.3,https://airportgap.com/api/airports/JFK,,
http_req_tls_handshaking,1784003722,0.000000,,,1429,false,,GET,https://airportgap.com/api/airports/JFK,HTTP/2.0,default,,429,,tls1.3,https://airportgap.com/api/airports/JFK,,
http_req_sending,1784003722,0.000000,,,1429,false,,GET,https://airportgap.com/api/airports/JFK,HTTP/2.0,default,,429,,tls1.3,https://airportgap.com/api/airports/JFK,,
http_req_waiting,1784003722,202.463500,,,1429,false,,GET,https://airportgap.com/api/airports/JFK,HTTP/2.0,default,,429,,tls1.3,https://airportgap.com/api/airports/JFK,,
http_req_receiving,1784003722,0.512400,,,1429,false,,GET,https://airportgap.com/api/airports/JFK,HTTP/2.0,default,,429,,tls1.3,https://airportgap.com/api/airports/JFK,,
http_req_failed,1784003722,1.000000,,,1429,false,,GET,https://airportgap.com/api/airports/JFK,HTTP/2.0,default,,429,,tls1.3,https://airportgap.com/api/airports/JFK,,
checks,1784003722,0.000000,JFK status 200,,,,,,,,default,,,,,,,
checks,1784003722,0.000000,JFK status 200,,,,,,,,default,,,,,,,
http_reqs,1784003722,1.000000,,,1429,false,,GET,https://airportgap.com/api/airports/JFK,HTTP/2.0,default,,429,,tls1.3,https://airportgap.com/api/airports/JFK,,
http_req_duration,1784003722,204.334500,,,1429,false,,GET,https://airportgap.com/api/airports/JFK,HTTP/2.0,default,,429,,tls1.3,https://airportgap.com/api/airports/JFK,,
http_req_blocked,1784003722,0.000000,,,1429,false,,GET,https://airportgap.com/api/airports/JFK,HTTP/2.0,default,,429,,tls1.3,https://airportgap.com/api/airports/JFK,,
http_req_connecting,1784003722,0.000000,,,1429,false,,GET,https://airportgap.com/api/airports/JFK,HTTP/2.0,default,,429,,tls1.3,https://airportgap.com/api/airports/JFK,,
http_req_tls_handshaking,1784003722,0.000000,,,1429,false,,GET,https://airportgap.com/api/airports/JFK,HTTP/2.0,default,,429,,tls1.3,https://airportgap.com/api/airports/JFK,,
http_req_sending,1784003722,0.921500,,,1429,false,,GET,https://airportgap.com/api/airports/JFK,HTTP/2.0,default,,429,,tls1.3,https://airportgap.com/api/airports/JFK,,
http_req_waiting,1784003722,203.413000,,,1429,false,,GET,https://airportgap.com/api/airports/JFK,HTTP/2.0,default,,429,,tls1.3,https://airportgap.com/api/airports/JFK,,
http_req_receiving,1784003722,0.000000,,,1429,false,,GET,https://airportgap.com/api/airports/JFK,HTTP/2.0,default,,429,,tls1.3,https://airportgap.com/api/airports/JFK,,
http_req_failed,1784003722,1.000000,,,1429,false,,GET,https://airportgap.com/api/airports/JFK,HTTP/2.0,default,,429,,tls1.3,https://airportgap.com/api/airports/JFK,,
http_reqs,1784003722,1.000000,,,1429,false,,GET,https://airportgap.com/api/airports/JFK,HTTP/2.0,default,,429,,tls1.3,https://airportgap.com/api/airports/JFK,,
http_req_duration,1784003722,204.334500,,,1429,false,,GET,https://airportgap.com/api/airports/JFK,HTTP/2.0,default,,429,,tls1.3,https://airportgap.com/api/airports/JFK,,
http_req_blocked,1784003722,0.000000,,,1429,false,,GET,https://airportgap.com/api/airports/JFK,HTTP/2.0,default,,429,,tls1.3,https://airportgap.com/api/airports/JFK,,
http_req_connecting,1784003722,0.000000,,,1429,false,,GET,https://airportgap.com/api/airports/JFK,HTTP/2.0,default,,429,,tls1.3,https://airportgap.com/api/airports/JFK,,
http_req_tls_handshaking,1784003722,0.000000,,,1429,false,,GET,https://airportgap.com/api/airports/JFK,HTTP/2.0,default,,429,,tls1.3,https://airportgap.com/api/airports/JFK,,
http_req_sending,1784003722,0.921500,,,1429,false,,GET,https://airportgap.com/api/airports/JFK,HTTP/2.0,default,,429,,tls1.3,https://airportgap.com/api/airports/JFK,,
http_req_waiting,1784003722,203.413000,,,1429,false,,GET,https://airportgap.com/api/airports/JFK,HTTP/2.0,default,,429,,tls1.3,https://airportgap.com/api/airports/JFK,,
http_req_receiving,1784003722,0.000000,,,1429,false,,GET,https://airportgap.com/api/airports/JFK,HTTP/2.0,default,,429,,tls1.3,https://airportgap.com/api/airports/JFK,,
http_req_failed,1784003722,1.000000,,,1429,false,,GET,https://airportgap.com/api/airports/JFK,HTTP/2.0,default,,429,,tls1.3,https://airportgap.com/api/airports/JFK,,
checks,1784003722,0.000000,JFK status 200,,,,,,,,default,,,,,,,
http_reqs,1784003722,1.000000,,,1429,false,,GET,https://airportgap.com/api/airports/JFK,HTTP/2.0,default,,429,,tls1.3,https://airportgap.com/api/airports/JFK,,
http_req_duration,1784003722,203.413000,,,1429,false,,GET,https://airportgap.com/api/airports/JFK,HTTP/2.0,default,,429,,tls1.3,https://airportgap.com/api/airports/JFK,,
http_req_blocked,1784003722,0.000000,,,1429,false,,GET,https://airportgap.com/api/airports/JFK,HTTP/2.0,default,,429,,tls1.3,https://airportgap.com/api/airports/JFK,,
http_req_connecting,1784003722,0.000000,,,1429,false,,GET,https://airportgap.com/api/airports/JFK,HTTP/2.0,default,,429,,tls1.3,https://airportgap.com/api/airports/JFK,,
http_req_tls_handshaking,1784003722,0.000000,,,1429,false,,GET,https://airportgap.com/api/airports/JFK,HTTP/2.0,default,,429,,tls1.3,https://airportgap.com/api/airports/JFK,,
http_req_sending,1784003722,0.000000,,,1429,false,,GET,https://airportgap.com/api/airports/JFK,HTTP/2.0,default,,429,,tls1.3,https://airportgap.com/api/airports/JFK,,
http_req_waiting,1784003722,203.413000,,,1429,false,,GET,https://airportgap.com/api/airports/JFK,HTTP/2.0,default,,429,,tls1.3,https://airportgap.com/api/airports/JFK,,
http_req_receiving,1784003722,0.000000,,,1429,false,,GET,https://airportgap.com/api/airports/JFK,HTTP/2.0,default,,429,,tls1.3,https://airportgap.com/api/airports/JFK,,
http_req_failed,1784003722,1.000000,,,1429,false,,GET,https://airportgap.com/api/airports/JFK,HTTP/2.0,default,,429,,tls1.3,https://airportgap.com/api/airports/JFK,,
checks,1784003722,0.000000,JFK status 200,,,,,,,,default,,,,,,,
checks,1784003722,0.000000,JFK status 200,,,,,,,,default,,,,,,,
http_reqs,1784003722,1.000000,,,1429,false,,GET,https://airportgap.com/api/airports/JFK,HTTP/2.0,default,,429,,tls1.3,https://airportgap.com/api/airports/JFK,,
http_req_duration,1784003722,203.413000,,,1429,false,,GET,https://airportgap.com/api/airports/JFK,HTTP/2.0,default,,429,,tls1.3,https://airportgap.com/api/airports/JFK,,
http_req_blocked,1784003722,0.000000,,,1429,false,,GET,https://airportgap.com/api/airports/JFK,HTTP/2.0,default,,429,,tls1.3,https://airportgap.com/api/airports/JFK,,
http_req_connecting,1784003722,0.000000,,,1429,false,,GET,https://airportgap.com/api/airports/JFK,HTTP/2.0,default,,429,,tls1.3,https://airportgap.com/api/airports/JFK,,
http_req_tls_handshaking,1784003722,0.000000,,,1429,false,,GET,https://airportgap.com/api/airports/JFK,HTTP/2.0,default,,429,,tls1.3,https://airportgap.com/api/airports/JFK,,
http_req_sending,1784003722,0.000000,,,1429,false,,GET,https://airportgap.com/api/airports/JFK,HTTP/2.0,default,,429,,tls1.3,https://airportgap.com/api/airports/JFK,,
http_req_waiting,1784003722,203.413000,,,1429,false,,GET,https://airportgap.com/api/airports/JFK,HTTP/2.0,default,,429,,tls1.3,https://airportgap.com/api/airports/JFK,,
http_req_receiving,1784003722,0.000000,,,1429,false,,GET,https://airportgap.com/api/airports/JFK,HTTP/2.0,default,,429,,tls1.3,https://airportgap.com/api/airports/JFK,,
http_req_failed,1784003722,1.000000,,,1429,false,,GET,https://airportgap.com/api/airports/JFK,HTTP/2.0,default,,429,,tls1.3,https://airportgap.com/api/airports/JFK,,
http_reqs,1784003722,1.000000,,,1429,false,,GET,https://airportgap.com/api/airports/JFK,HTTP/2.0,default,,429,,tls1.3,https://airportgap.com/api/airports/JFK,,
http_req_duration,1784003722,202.975900,,,1429,false,,GET,https://airportgap.com/api/airports/JFK,HTTP/2.0,default,,429,,tls1.3,https://airportgap.com/api/airports/JFK,,
http_req_blocked,1784003722,0.000000,,,1429,false,,GET,https://airportgap.com/api/airports/JFK,HTTP/2.0,default,,429,,tls1.3,https://airportgap.com/api/airports/JFK,,
http_req_connecting,1784003722,0.000000,,,1429,false,,GET,https://airportgap.com/api/airports/JFK,HTTP/2.0,default,,429,,tls1.3,https://airportgap.com/api/airports/JFK,,
http_req_tls_handshaking,1784003722,0.000000,,,1429,false,,GET,https://airportgap.com/api/airports/JFK,HTTP/2.0,default,,429,,tls1.3,https://airportgap.com/api/airports/JFK,,
http_req_sending,1784003722,0.000000,,,1429,false,,GET,https://airportgap.com/api/airports/JFK,HTTP/2.0,default,,429,,tls1.3,https://airportgap.com/api/airports/JFK,,
http_req_waiting,1784003722,202.975900,,,1429,false,,GET,https://airportgap.com/api/airports/JFK,HTTP/2.0,default,,429,,tls1.3,https://airportgap.com/api/airports/JFK,,
http_req_receiving,1784003722,0.000000,,,1429,false,,GET,https://airportgap.com/api/airports/JFK,HTTP/2.0,default,,429,,tls1.3,https://airportgap.com/api/airports/JFK,,
http_req_failed,1784003722,1.000000,,,1429,false,,GET,https://airportgap.com/api/airports/JFK,HTTP/2.0,default,,429,,tls1.3,https://airportgap.com/api/airports/JFK,,
checks,1784003722,0.000000,JFK status 200,,,,,,,,default,,,,,,,
checks,1784003722,0.000000,JFK status 200,,,,,,,,default,,,,,,,
data_sent,1784003723,72.000000,,,,,,,,,default,,,,,,,
data_received,1784003723,264.000000,,,,,,,,,default,,,,,,,
iteration_duration,1784003723,1297.062000,,,,,,,,,default,,,,,,,
iterations,1784003723,1.000000,,,,,,,,,default,,,,,,,
data_sent,1784003723,72.000000,,,,,,,,,default,,,,,,,
data_received,1784003723,263.000000,,,,,,,,,default,,,,,,,
iteration_duration,1784003723,1334.673700,,,,,,,,,default,,,,,,,
iterations,1784003723,1.000000,,,,,,,,,default,,,,,,,
http_reqs,1784003723,1.000000,,,1429,false,,GET,https://airportgap.com/api/airports,HTTP/2.0,default,,429,,tls1.3,https://airportgap.com/api/airports,,
http_req_duration,1784003723,180.424500,,,1429,false,,GET,https://airportgap.com/api/airports,HTTP/2.0,default,,429,,tls1.3,https://airportgap.com/api/airports,,
http_req_blocked,1784003723,0.000000,,,1429,false,,GET,https://airportgap.com/api/airports,HTTP/2.0,default,,429,,tls1.3,https://airportgap.com/api/airports,,
http_req_connecting,1784003723,0.000000,,,1429,false,,GET,https://airportgap.com/api/airports,HTTP/2.0,default,,429,,tls1.3,https://airportgap.com/api/airports,,
http_req_tls_handshaking,1784003723,0.000000,,,1429,false,,GET,https://airportgap.com/api/airports,HTTP/2.0,default,,429,,tls1.3,https://airportgap.com/api/airports,,
http_req_sending,1784003723,0.587700,,,1429,false,,GET,https://airportgap.com/api/airports,HTTP/2.0,default,,429,,tls1.3,https://airportgap.com/api/airports,,
http_req_waiting,1784003723,178.573100,,,1429,false,,GET,https://airportgap.com/api/airports,HTTP/2.0,default,,429,,tls1.3,https://airportgap.com/api/airports,,
http_req_receiving,1784003723,1.263700,,,1429,false,,GET,https://airportgap.com/api/airports,HTTP/2.0,default,,429,,tls1.3,https://airportgap.com/api/airports,,
http_req_failed,1784003723,1.000000,,,1429,false,,GET,https://airportgap.com/api/airports,HTTP/2.0,default,,429,,tls1.3,https://airportgap.com/api/airports,,
checks,1784003723,0.000000,status 200,,,,,,,,default,,,,,,,
checks,1784003723,1.000000,menos de 1000ms,,,,,,,,default,,,,,,,
vus,1784003723,10.000000,,,,,,,,,,,,,,,,
vus_max,1784003723,10.000000,,,,,,,,,,,,,,,,
data_sent,1784003723,72.000000,,,,,,,,,default,,,,,,,
data_received,1784003723,263.000000,,,,,,,,,default,,,,,,,
iteration_duration,1784003723,1384.275900,,,,,,,,,default,,,,,,,
iterations,1784003723,1.000000,,,,,,,,,default,,,,,,,
data_sent,1784003723,72.000000,,,,,,,,,default,,,,,,,
data_received,1784003723,262.000000,,,,,,,,,default,,,,,,,
iteration_duration,1784003723,1349.257600,,,,,,,,,default,,,,,,,
iterations,1784003723,1.000000,,,,,,,,,default,,,,,,,
data_sent,1784003723,72.000000,,,,,,,,,default,,,,,,,
data_received,1784003723,264.000000,,,,,,,,,default,,,,,,,
iteration_duration,1784003723,1370.330000,,,,,,,,,default,,,,,,,
iterations,1784003723,1.000000,,,,,,,,,default,,,,,,,
data_sent,1784003723,72.000000,,,,,,,,,default,,,,,,,
data_received,1784003723,263.000000,,,,,,,,,default,,,,,,,
iteration_duration,1784003723,1353.917700,,,,,,,,,default,,,,,,,
iterations,1784003723,1.000000,,,,,,,,,default,,,,,,,
data_sent,1784003723,72.000000,,,,,,,,,default,,,,,,,
data_received,1784003723,263.000000,,,,,,,,,default,,,,,,,
iteration_duration,1784003723,1369.294400,,,,,,,,,default,,,,,,,
iterations,1784003723,1.000000,,,,,,,,,default,,,,,,,
data_sent,1784003723,72.000000,,,,,,,,,default,,,,,,,
data_received,1784003723,263.000000,,,,,,,,,default,,,,,,,
iteration_duration,1784003723,1435.843000,,,,,,,,,default,,,,,,,
iterations,1784003723,1.000000,,,,,,,,,default,,,,,,,
data_sent,1784003723,72.000000,,,,,,,,,default,,,,,,,
data_received,1784003723,263.000000,,,,,,,,,default,,,,,,,
iteration_duration,1784003723,1345.681800,,,,,,,,,default,,,,,,,
iterations,1784003723,1.000000,,,,,,,,,default,,,,,,,
data_sent,1784003723,72.000000,,,,,,,,,default,,,,,,,
data_received,1784003723,262.000000,,,,,,,,,default,,,,,,,
iteration_duration,1784003723,1435.843000,,,,,,,,,default,,,,,,,
iterations,1784003723,1.000000,,,,,,,,,default,,,,,,,
http_reqs,1784003723,1.000000,,,1429,false,,GET,https://airportgap.com/api/airports,HTTP/2.0,default,,429,,tls1.3,https://airportgap.com/api/airports,,
http_req_duration,1784003723,213.197000,,,1429,false,,GET,https://airportgap.com/api/airports,HTTP/2.0,default,,429,,tls1.3,https://airportgap.com/api/airports,,
http_req_blocked,1784003723,0.000000,,,1429,false,,GET,https://airportgap.com/api/airports,HTTP/2.0,default,,429,,tls1.3,https://airportgap.com/api/airports,,
http_req_connecting,1784003723,0.000000,,,1429,false,,GET,https://airportgap.com/api/airports,HTTP/2.0,default,,429,,tls1.3,https://airportgap.com/api/airports,,
http_req_tls_handshaking,1784003723,0.000000,,,1429,false,,GET,https://airportgap.com/api/airports,HTTP/2.0,default,,429,,tls1.3,https://airportgap.com/api/airports,,
http_req_sending,1784003723,0.000000,,,1429,false,,GET,https://airportgap.com/api/airports,HTTP/2.0,default,,429,,tls1.3,https://airportgap.com/api/airports,,
http_req_waiting,1784003723,213.197000,,,1429,false,,GET,https://airportgap.com/api/airports,HTTP/2.0,default,,429,,tls1.3,https://airportgap.com/api/airports,,
http_req_receiving,1784003723,0.000000,,,1429,false,,GET,https://airportgap.com/api/airports,HTTP/2.0,default,,429,,tls1.3,https://airportgap.com/api/airports,,
http_req_failed,1784003723,1.000000,,,1429,false,,GET,https://airportgap.com/api/airports,HTTP/2.0,default,,429,,tls1.3,https://airportgap.com/api/airports,,
checks,1784003723,0.000000,status 200,,,,,,,,default,,,,,,,
checks,1784003723,1.000000,menos de 1000ms,,,,,,,,default,,,,,,,
http_reqs,1784003723,1.000000,,,1429,false,,GET,https://airportgap.com/api/airports/JFK,HTTP/2.0,default,,429,,tls1.3,https://airportgap.com/api/airports/JFK,,
http_req_duration,1784003723,201.333600,,,1429,false,,GET,https://airportgap.com/api/airports/JFK,HTTP/2.0,default,,429,,tls1.3,https://airportgap.com/api/airports/JFK,,
http_req_blocked,1784003723,0.000000,,,1429,false,,GET,https://airportgap.com/api/airports/JFK,HTTP/2.0,default,,429,,tls1.3,https://airportgap.com/api/airports/JFK,,
http_req_connecting,1784003723,0.000000,,,1429,false,,GET,https://airportgap.com/api/airports/JFK,HTTP/2.0,default,,429,,tls1.3,https://airportgap.com/api/airports/JFK,,
http_req_tls_handshaking,1784003723,0.000000,,,1429,false,,GET,https://airportgap.com/api/airports/JFK,HTTP/2.0,default,,429,,tls1.3,https://airportgap.com/api/airports/JFK,,
http_req_sending,1784003723,0.510900,,,1429,false,,GET,https://airportgap.com/api/airports/JFK,HTTP/2.0,default,,429,,tls1.3,https://airportgap.com/api/airports/JFK,,
http_req_waiting,1784003723,200.368100,,,1429,false,,GET,https://airportgap.com/api/airports/JFK,HTTP/2.0,default,,429,,tls1.3,https://airportgap.com/api/airports/JFK,,
http_req_receiving,1784003723,0.454600,,,1429,false,,GET,https://airportgap.com/api/airports/JFK,HTTP/2.0,default,,429,,tls1.3,https://airportgap.com/api/airports/JFK,,
http_req_failed,1784003723,1.000000,,,1429,false,,GET,https://airportgap.com/api/airports/JFK,HTTP/2.0,default,,429,,tls1.3,https://airportgap.com/api/airports/JFK,,
checks,1784003723,0.000000,JFK status 200,,,,,,,,default,,,,,,,
http_reqs,1784003723,1.000000,,,1429,false,,GET,https://airportgap.com/api/airports/JFK,HTTP/2.0,default,,429,,tls1.3,https://airportgap.com/api/airports/JFK,,
http_req_duration,1784003723,218.559400,,,1429,false,,GET,https://airportgap.com/api/airports/JFK,HTTP/2.0,default,,429,,tls1.3,https://airportgap.com/api/airports/JFK,,
http_req_blocked,1784003723,0.000000,,,1429,false,,GET,https://airportgap.com/api/airports/JFK,HTTP/2.0,default,,429,,tls1.3,https://airportgap.com/api/airports/JFK,,
http_req_connecting,1784003723,0.000000,,,1429,false,,GET,https://airportgap.com/api/airports/JFK,HTTP/2.0,default,,429,,tls1.3,https://airportgap.com/api/airports/JFK,,
http_req_tls_handshaking,1784003723,0.000000,,,1429,false,,GET,https://airportgap.com/api/airports/JFK,HTTP/2.0,default,,429,,tls1.3,https://airportgap.com/api/airports/JFK,,
http_req_sending,1784003723,0.000000,,,1429,false,,GET,https://airportgap.com/api/airports/JFK,HTTP/2.0,default,,429,,tls1.3,https://airportgap.com/api/airports/JFK,,
http_req_waiting,1784003723,217.515600,,,1429,false,,GET,https://airportgap.com/api/airports/JFK,HTTP/2.0,default,,429,,tls1.3,https://airportgap.com/api/airports/JFK,,
http_req_receiving,1784003723,1.043800,,,1429,false,,GET,https://airportgap.com/api/airports/JFK,HTTP/2.0,default,,429,,tls1.3,https://airportgap.com/api/airports/JFK,,
http_req_failed,1784003723,1.000000,,,1429,false,,GET,https://airportgap.com/api/airports/JFK,HTTP/2.0,default,,429,,tls1.3,https://airportgap.com/api/airports/JFK,,
checks,1784003723,0.000000,JFK status 200,,,,,,,,default,,,,,,,
http_reqs,1784003723,1.000000,,,1429,false,,GET,https://airportgap.com/api/airports,HTTP/2.0,default,,429,,tls1.3,https://airportgap.com/api/airports,,
http_req_duration,1784003723,227.365900,,,1429,false,,GET,https://airportgap.com/api/airports,HTTP/2.0,default,,429,,tls1.3,https://airportgap.com/api/airports,,
http_req_blocked,1784003723,0.000000,,,1429,false,,GET,https://airportgap.com/api/airports,HTTP/2.0,default,,429,,tls1.3,https://airportgap.com/api/airports,,
http_req_connecting,1784003723,0.000000,,,1429,false,,GET,https://airportgap.com/api/airports,HTTP/2.0,default,,429,,tls1.3,https://airportgap.com/api/airports,,
http_req_tls_handshaking,1784003723,0.000000,,,1429,false,,GET,https://airportgap.com/api/airports,HTTP/2.0,default,,429,,tls1.3,https://airportgap.com/api/airports,,
http_req_sending,1784003723,0.000000,,,1429,false,,GET,https://airportgap.com/api/airports,HTTP/2.0,default,,429,,tls1.3,https://airportgap.com/api/airports,,
http_req_waiting,1784003723,227.365900,,,1429,false,,GET,https://airportgap.com/api/airports,HTTP/2.0,default,,429,,tls1.3,https://airportgap.com/api/airports,,
http_req_receiving,1784003723,0.000000,,,1429,false,,GET,https://airportgap.com/api/airports,HTTP/2.0,default,,429,,tls1.3,https://airportgap.com/api/airports,,
http_req_failed,1784003723,1.000000,,,1429,false,,GET,https://airportgap.com/api/airports,HTTP/2.0,default,,429,,tls1.3,https://airportgap.com/api/airports,,
http_reqs,1784003723,1.000000,,,1429,false,,GET,https://airportgap.com/api/airports,HTTP/2.0,default,,429,,tls1.3,https://airportgap.com/api/airports,,
http_req_duration,1784003723,228.588400,,,1429,false,,GET,https://airportgap.com/api/airports,HTTP/2.0,default,,429,,tls1.3,https://airportgap.com/api/airports,,
http_req_blocked,1784003723,0.000000,,,1429,false,,GET,https://airportgap.com/api/airports,HTTP/2.0,default,,429,,tls1.3,https://airportgap.com/api/airports,,
http_req_connecting,1784003723,0.000000,,,1429,false,,GET,https://airportgap.com/api/airports,HTTP/2.0,default,,429,,tls1.3,https://airportgap.com/api/airports,,
http_req_tls_handshaking,1784003723,0.000000,,,1429,false,,GET,https://airportgap.com/api/airports,HTTP/2.0,default,,429,,tls1.3,https://airportgap.com/api/airports,,
http_req_sending,1784003723,0.000000,,,1429,false,,GET,https://airportgap.com/api/airports,HTTP/2.0,default,,429,,tls1.3,https://airportgap.com/api/airports,,
http_req_waiting,1784003723,228.588400,,,1429,false,,GET,https://airportgap.com/api/airports,HTTP/2.0,default,,429,,tls1.3,https://airportgap.com/api/airports,,
http_req_receiving,1784003723,0.000000,,,1429,false,,GET,https://airportgap.com/api/airports,HTTP/2.0,default,,429,,tls1.3,https://airportgap.com/api/airports,,
http_req_failed,1784003723,1.000000,,,1429,false,,GET,https://airportgap.com/api/airports,HTTP/2.0,default,,429,,tls1.3,https://airportgap.com/api/airports,,
checks,1784003723,0.000000,status 200,,,,,,,,default,,,,,,,
checks,1784003723,1.000000,menos de 1000ms,,,,,,,,default,,,,,,,
checks,1784003723,0.000000,status 200,,,,,,,,default,,,,,,,
checks,1784003723,1.000000,menos de 1000ms,,,,,,,,default,,,,,,,
http_reqs,1784003723,1.000000,,,1429,false,,GET,https://airportgap.com/api/airports,HTTP/2.0,default,,429,,tls1.3,https://airportgap.com/api/airports,,
http_req_duration,1784003723,228.073700,,,1429,false,,GET,https://airportgap.com/api/airports,HTTP/2.0,default,,429,,tls1.3,https://airportgap.com/api/airports,,
http_req_blocked,1784003723,0.000000,,,1429,false,,GET,https://airportgap.com/api/airports,HTTP/2.0,default,,429,,tls1.3,https://airportgap.com/api/airports,,
http_req_connecting,1784003723,0.000000,,,1429,false,,GET,https://airportgap.com/api/airports,HTTP/2.0,default,,429,,tls1.3,https://airportgap.com/api/airports,,
http_req_tls_handshaking,1784003723,0.000000,,,1429,false,,GET,https://airportgap.com/api/airports,HTTP/2.0,default,,429,,tls1.3,https://airportgap.com/api/airports,,
http_req_sending,1784003723,0.000000,,,1429,false,,GET,https://airportgap.com/api/airports,HTTP/2.0,default,,429,,tls1.3,https://airportgap.com/api/airports,,
http_req_waiting,1784003723,228.073700,,,1429,false,,GET,https://airportgap.com/api/airports,HTTP/2.0,default,,429,,tls1.3,https://airportgap.com/api/airports,,
http_req_receiving,1784003723,0.000000,,,1429,false,,GET,https://airportgap.com/api/airports,HTTP/2.0,default,,429,,tls1.3,https://airportgap.com/api/airports,,
http_req_failed,1784003723,1.000000,,,1429,false,,GET,https://airportgap.com/api/airports,HTTP/2.0,default,,429,,tls1.3,https://airportgap.com/api/airports,,
checks,1784003723,0.000000,status 200,,,,,,,,default,,,,,,,
checks,1784003723,1.000000,menos de 1000ms,,,,,,,,default,,,,,,,
http_reqs,1784003723,1.000000,,,1429,false,,GET,https://airportgap.com/api/airports,HTTP/2.0,default,,429,,tls1.3,https://airportgap.com/api/airports,,
http_req_duration,1784003723,228.073700,,,1429,false,,GET,https://airportgap.com/api/airports,HTTP/2.0,default,,429,,tls1.3,https://airportgap.com/api/airports,,
http_req_blocked,1784003723,0.000000,,,1429,false,,GET,https://airportgap.com/api/airports,HTTP/2.0,default,,429,,tls1.3,https://airportgap.com/api/airports,,
http_req_connecting,1784003723,0.000000,,,1429,false,,GET,https://airportgap.com/api/airports,HTTP/2.0,default,,429,,tls1.3,https://airportgap.com/api/airports,,
http_req_tls_handshaking,1784003723,0.000000,,,1429,false,,GET,https://airportgap.com/api/airports,HTTP/2.0,default,,429,,tls1.3,https://airportgap.com/api/airports,,
http_req_sending,1784003723,0.000000,,,1429,false,,GET,https://airportgap.com/api/airports,HTTP/2.0,default,,429,,tls1.3,https://airportgap.com/api/airports,,
http_req_waiting,1784003723,228.073700,,,1429,false,,GET,https://airportgap.com/api/airports,HTTP/2.0,default,,429,,tls1.3,https://airportgap.com/api/airports,,
http_req_receiving,1784003723,0.000000,,,1429,false,,GET,https://airportgap.com/api/airports,HTTP/2.0,default,,429,,tls1.3,https://airportgap.com/api/airports,,
http_req_failed,1784003723,1.000000,,,1429,false,,GET,https://airportgap.com/api/airports,HTTP/2.0,default,,429,,tls1.3,https://airportgap.com/api/airports,,
checks,1784003723,0.000000,status 200,,,,,,,,default,,,,,,,
checks,1784003723,1.000000,menos de 1000ms,,,,,,,,default,,,,,,,
http_reqs,1784003723,1.000000,,,1429,false,,GET,https://airportgap.com/api/airports,HTTP/2.0,default,,429,,tls1.3,https://airportgap.com/api/airports,,
http_req_duration,1784003723,228.073700,,,1429,false,,GET,https://airportgap.com/api/airports,HTTP/2.0,default,,429,,tls1.3,https://airportgap.com/api/airports,,
http_req_blocked,1784003723,0.000000,,,1429,false,,GET,https://airportgap.com/api/airports,HTTP/2.0,default,,429,,tls1.3,https://airportgap.com/api/airports,,
http_req_connecting,1784003723,0.000000,,,1429,false,,GET,https://airportgap.com/api/airports,HTTP/2.0,default,,429,,tls1.3,https://airportgap.com/api/airports,,
http_req_tls_handshaking,1784003723,0.000000,,,1429,false,,GET,https://airportgap.com/api/airports,HTTP/2.0,default,,429,,tls1.3,https://airportgap.com/api/airports,,
http_req_sending,1784003723,0.000000,,,1429,false,,GET,https://airportgap.com/api/airports,HTTP/2.0,default,,429,,tls1.3,https://airportgap.com/api/airports,,
http_req_waiting,1784003723,228.073700,,,1429,false,,GET,https://airportgap.com/api/airports,HTTP/2.0,default,,429,,tls1.3,https://airportgap.com/api/airports,,
http_req_receiving,1784003723,0.000000,,,1429,false,,GET,https://airportgap.com/api/airports,HTTP/2.0,default,,429,,tls1.3,https://airportgap.com/api/airports,,
http_req_failed,1784003723,1.000000,,,1429,false,,GET,https://airportgap.com/api/airports,HTTP/2.0,default,,429,,tls1.3,https://airportgap.com/api/airports,,
checks,1784003723,0.000000,status 200,,,,,,,,default,,,,,,,
http_reqs,1784003723,1.000000,,,1429,false,,GET,https://airportgap.com/api/airports,HTTP/2.0,default,,429,,tls1.3,https://airportgap.com/api/airports,,
http_req_duration,1784003723,228.073700,,,1429,false,,GET,https://airportgap.com/api/airports,HTTP/2.0,default,,429,,tls1.3,https://airportgap.com/api/airports,,
http_req_blocked,1784003723,0.000000,,,1429,false,,GET,https://airportgap.com/api/airports,HTTP/2.0,default,,429,,tls1.3,https://airportgap.com/api/airports,,
http_req_connecting,1784003723,0.000000,,,1429,false,,GET,https://airportgap.com/api/airports,HTTP/2.0,default,,429,,tls1.3,https://airportgap.com/api/airports,,
http_req_tls_handshaking,1784003723,0.000000,,,1429,false,,GET,https://airportgap.com/api/airports,HTTP/2.0,default,,429,,tls1.3,https://airportgap.com/api/airports,,
http_req_sending,1784003723,0.000000,,,1429,false,,GET,https://airportgap.com/api/airports,HTTP/2.0,default,,429,,tls1.3,https://airportgap.com/api/airports,,
http_req_waiting,1784003723,228.073700,,,1429,false,,GET,https://airportgap.com/api/airports,HTTP/2.0,default,,429,,tls1.3,https://airportgap.com/api/airports,,
http_req_receiving,1784003723,0.000000,,,1429,false,,GET,https://airportgap.com/api/airports,HTTP/2.0,default,,429,,tls1.3,https://airportgap.com/api/airports,,
http_req_failed,1784003723,1.000000,,,1429,false,,GET,https://airportgap.com/api/airports,HTTP/2.0,default,,429,,tls1.3,https://airportgap.com/api/airports,,
checks,1784003723,1.000000,menos de 1000ms,,,,,,,,default,,,,,,,
checks,1784003723,0.000000,status 200,,,,,,,,default,,,,,,,
checks,1784003723,1.000000,menos de 1000ms,,,,,,,,default,,,,,,,
http_reqs,1784003723,1.000000,,,1429,false,,GET,https://airportgap.com/api/airports,HTTP/2.0,default,,429,,tls1.3,https://airportgap.com/api/airports,,
http_req_duration,1784003723,228.073700,,,1429,false,,GET,https://airportgap.com/api/airports,HTTP/2.0,default,,429,,tls1.3,https://airportgap.com/api/airports,,
http_req_blocked,1784003723,0.000000,,,1429,false,,GET,https://airportgap.com/api/airports,HTTP/2.0,default,,429,,tls1.3,https://airportgap.com/api/airports,,
http_req_connecting,1784003723,0.000000,,,1429,false,,GET,https://airportgap.com/api/airports,HTTP/2.0,default,,429,,tls1.3,https://airportgap.com/api/airports,,
http_req_tls_handshaking,1784003723,0.000000,,,1429,false,,GET,https://airportgap.com/api/airports,HTTP/2.0,default,,429,,tls1.3,https://airportgap.com/api/airports,,
http_req_sending,1784003723,0.000000,,,1429,false,,GET,https://airportgap.com/api/airports,HTTP/2.0,default,,429,,tls1.3,https://airportgap.com/api/airports,,
http_req_waiting,1784003723,228.073700,,,1429,false,,GET,https://airportgap.com/api/airports,HTTP/2.0,default,,429,,tls1.3,https://airportgap.com/api/airports,,
http_req_receiving,1784003723,0.000000,,,1429,false,,GET,https://airportgap.com/api/airports,HTTP/2.0,default,,429,,tls1.3,https://airportgap.com/api/airports,,
http_req_failed,1784003723,1.000000,,,1429,false,,GET,https://airportgap.com/api/airports,HTTP/2.0,default,,429,,tls1.3,https://airportgap.com/api/airports,,
checks,1784003723,0.000000,status 200,,,,,,,,default,,,,,,,
checks,1784003723,1.000000,menos de 1000ms,,,,,,,,default,,,,,,,
http_reqs,1784003723,1.000000,,,1429,false,,GET,https://airportgap.com/api/airports,HTTP/2.0,default,,429,,tls1.3,https://airportgap.com/api/airports,,
http_req_duration,1784003723,228.073700,,,1429,false,,GET,https://airportgap.com/api/airports,HTTP/2.0,default,,429,,tls1.3,https://airportgap.com/api/airports,,
http_req_blocked,1784003723,0.000000,,,1429,false,,GET,https://airportgap.com/api/airports,HTTP/2.0,default,,429,,tls1.3,https://airportgap.com/api/airports,,
http_req_connecting,1784003723,0.000000,,,1429,false,,GET,https://airportgap.com/api/airports,HTTP/2.0,default,,429,,tls1.3,https://airportgap.com/api/airports,,
http_req_tls_handshaking,1784003723,0.000000,,,1429,false,,GET,https://airportgap.com/api/airports,HTTP/2.0,default,,429,,tls1.3,https://airportgap.com/api/airports,,
http_req_sending,1784003723,0.000000,,,1429,false,,GET,https://airportgap.com/api/airports,HTTP/2.0,default,,429,,tls1.3,https://airportgap.com/api/airports,,
http_req_waiting,1784003723,228.073700,,,1429,false,,GET,https://airportgap.com/api/airports,HTTP/2.0,default,,429,,tls1.3,https://airportgap.com/api/airports,,
http_req_receiving,1784003723,0.000000,,,1429,false,,GET,https://airportgap.com/api/airports,HTTP/2.0,default,,429,,tls1.3,https://airportgap.com/api/airports,,
http_req_failed,1784003723,1.000000,,,1429,false,,GET,https://airportgap.com/api/airports,HTTP/2.0,default,,429,,tls1.3,https://airportgap.com/api/airports,,
checks,1784003723,0.000000,status 200,,,,,,,,default,,,,,,,
checks,1784003723,1.000000,menos de 1000ms,,,,,,,,default,,,,,,,
http_reqs,1784003724,1.000000,,,1429,false,,GET,https://airportgap.com/api/airports/JFK,HTTP/2.0,default,,429,,tls1.3,https://airportgap.com/api/airports/JFK,,
http_req_duration,1784003724,203.414400,,,1429,false,,GET,https://airportgap.com/api/airports/JFK,HTTP/2.0,default,,429,,tls1.3,https://airportgap.com/api/airports/JFK,,
http_req_blocked,1784003724,0.000000,,,1429,false,,GET,https://airportgap.com/api/airports/JFK,HTTP/2.0,default,,429,,tls1.3,https://airportgap.com/api/airports/JFK,,
http_req_connecting,1784003724,0.000000,,,1429,false,,GET,https://airportgap.com/api/airports/JFK,HTTP/2.0,default,,429,,tls1.3,https://airportgap.com/api/airports/JFK,,
http_req_tls_handshaking,1784003724,0.000000,,,1429,false,,GET,https://airportgap.com/api/airports/JFK,HTTP/2.0,default,,429,,tls1.3,https://airportgap.com/api/airports/JFK,,
http_req_sending,1784003724,0.000000,,,1429,false,,GET,https://airportgap.com/api/airports/JFK,HTTP/2.0,default,,429,,tls1.3,https://airportgap.com/api/airports/JFK,,
http_req_waiting,1784003724,203.414400,,,1429,false,,GET,https://airportgap.com/api/airports/JFK,HTTP/2.0,default,,429,,tls1.3,https://airportgap.com/api/airports/JFK,,
http_req_receiving,1784003724,0.000000,,,1429,false,,GET,https://airportgap.com/api/airports/JFK,HTTP/2.0,default,,429,,tls1.3,https://airportgap.com/api/airports/JFK,,
http_req_failed,1784003724,1.000000,,,1429,false,,GET,https://airportgap.com/api/airports/JFK,HTTP/2.0,default,,429,,tls1.3,https://airportgap.com/api/airports/JFK,,
checks,1784003724,0.000000,JFK status 200,,,,,,,,default,,,,,,,
http_reqs,1784003724,1.000000,,,1429,false,,GET,https://airportgap.com/api/airports/JFK,HTTP/2.0,default,,429,,tls1.3,https://airportgap.com/api/airports/JFK,,
http_req_duration,1784003724,204.717900,,,1429,false,,GET,https://airportgap.com/api/airports/JFK,HTTP/2.0,default,,429,,tls1.3,https://airportgap.com/api/airports/JFK,,
http_req_blocked,1784003724,0.000000,,,1429,false,,GET,https://airportgap.com/api/airports/JFK,HTTP/2.0,default,,429,,tls1.3,https://airportgap.com/api/airports/JFK,,
http_req_connecting,1784003724,0.000000,,,1429,false,,GET,https://airportgap.com/api/airports/JFK,HTTP/2.0,default,,429,,tls1.3,https://airportgap.com/api/airports/JFK,,
http_req_tls_handshaking,1784003724,0.000000,,,1429,false,,GET,https://airportgap.com/api/airports/JFK,HTTP/2.0,default,,429,,tls1.3,https://airportgap.com/api/airports/JFK,,
http_req_sending,1784003724,0.000000,,,1429,false,,GET,https://airportgap.com/api/airports/JFK,HTTP/2.0,default,,429,,tls1.3,https://airportgap.com/api/airports/JFK,,
http_req_waiting,1784003724,204.294600,,,1429,false,,GET,https://airportgap.com/api/airports/JFK,HTTP/2.0,default,,429,,tls1.3,https://airportgap.com/api/airports/JFK,,
http_req_receiving,1784003724,0.423300,,,1429,false,,GET,https://airportgap.com/api/airports/JFK,HTTP/2.0,default,,429,,tls1.3,https://airportgap.com/api/airports/JFK,,
http_req_failed,1784003724,1.000000,,,1429,false,,GET,https://airportgap.com/api/airports/JFK,HTTP/2.0,default,,429,,tls1.3,https://airportgap.com/api/airports/JFK,,
http_reqs,1784003724,1.000000,,,1429,false,,GET,https://airportgap.com/api/airports/JFK,HTTP/2.0,default,,429,,tls1.3,https://airportgap.com/api/airports/JFK,,
http_req_duration,1784003724,204.717900,,,1429,false,,GET,https://airportgap.com/api/airports/JFK,HTTP/2.0,default,,429,,tls1.3,https://airportgap.com/api/airports/JFK,,
http_req_blocked,1784003724,0.000000,,,1429,false,,GET,https://airportgap.com/api/airports/JFK,HTTP/2.0,default,,429,,tls1.3,https://airportgap.com/api/airports/JFK,,
http_req_connecting,1784003724,0.000000,,,1429,false,,GET,https://airportgap.com/api/airports/JFK,HTTP/2.0,default,,429,,tls1.3,https://airportgap.com/api/airports/JFK,,
http_req_tls_handshaking,1784003724,0.000000,,,1429,false,,GET,https://airportgap.com/api/airports/JFK,HTTP/2.0,default,,429,,tls1.3,https://airportgap.com/api/airports/JFK,,
http_req_sending,1784003724,0.000000,,,1429,false,,GET,https://airportgap.com/api/airports/JFK,HTTP/2.0,default,,429,,tls1.3,https://airportgap.com/api/airports/JFK,,
http_req_waiting,1784003724,204.294600,,,1429,false,,GET,https://airportgap.com/api/airports/JFK,HTTP/2.0,default,,429,,tls1.3,https://airportgap.com/api/airports/JFK,,
http_req_receiving,1784003724,0.423300,,,1429,false,,GET,https://airportgap.com/api/airports/JFK,HTTP/2.0,default,,429,,tls1.3,https://airportgap.com/api/airports/JFK,,
http_req_failed,1784003724,1.000000,,,1429,false,,GET,https://airportgap.com/api/airports/JFK,HTTP/2.0,default,,429,,tls1.3,https://airportgap.com/api/airports/JFK,,
checks,1784003724,0.000000,JFK status 200,,,,,,,,default,,,,,,,
http_reqs,1784003724,1.000000,,,1429,false,,GET,https://airportgap.com/api/airports/JFK,HTTP/2.0,default,,429,,tls1.3,https://airportgap.com/api/airports/JFK,,
http_req_duration,1784003724,205.425700,,,1429,false,,GET,https://airportgap.com/api/airports/JFK,HTTP/2.0,default,,429,,tls1.3,https://airportgap.com/api/airports/JFK,,
http_req_blocked,1784003724,0.000000,,,1429,false,,GET,https://airportgap.com/api/airports/JFK,HTTP/2.0,default,,429,,tls1.3,https://airportgap.com/api/airports/JFK,,
http_req_connecting,1784003724,0.000000,,,1429,false,,GET,https://airportgap.com/api/airports/JFK,HTTP/2.0,default,,429,,tls1.3,https://airportgap.com/api/airports/JFK,,
http_req_tls_handshaking,1784003724,0.000000,,,1429,false,,GET,https://airportgap.com/api/airports/JFK,HTTP/2.0,default,,429,,tls1.3,https://airportgap.com/api/airports/JFK,,
http_req_sending,1784003724,0.707800,,,1429,false,,GET,https://airportgap.com/api/airports/JFK,HTTP/2.0,default,,429,,tls1.3,https://airportgap.com/api/airports/JFK,,
http_req_waiting,1784003724,204.717900,,,1429,false,,GET,https://airportgap.com/api/airports/JFK,HTTP/2.0,default,,429,,tls1.3,https://airportgap.com/api/airports/JFK,,
http_req_receiving,1784003724,0.000000,,,1429,false,,GET,https://airportgap.com/api/airports/JFK,HTTP/2.0,default,,429,,tls1.3,https://airportgap.com/api/airports/JFK,,
http_req_failed,1784003724,1.000000,,,1429,false,,GET,https://airportgap.com/api/airports/JFK,HTTP/2.0,default,,429,,tls1.3,https://airportgap.com/api/airports/JFK,,
http_reqs,1784003724,1.000000,,,1429,false,,GET,https://airportgap.com/api/airports/JFK,HTTP/2.0,default,,429,,tls1.3,https://airportgap.com/api/airports/JFK,,
http_req_duration,1784003724,205.425700,,,1429,false,,GET,https://airportgap.com/api/airports/JFK,HTTP/2.0,default,,429,,tls1.3,https://airportgap.com/api/airports/JFK,,
http_req_blocked,1784003724,0.000000,,,1429,false,,GET,https://airportgap.com/api/airports/JFK,HTTP/2.0,default,,429,,tls1.3,https://airportgap.com/api/airports/JFK,,
http_req_connecting,1784003724,0.000000,,,1429,false,,GET,https://airportgap.com/api/airports/JFK,HTTP/2.0,default,,429,,tls1.3,https://airportgap.com/api/airports/JFK,,
http_req_tls_handshaking,1784003724,0.000000,,,1429,false,,GET,https://airportgap.com/api/airports/JFK,HTTP/2.0,default,,429,,tls1.3,https://airportgap.com/api/airports/JFK,,
http_req_sending,1784003724,0.707800,,,1429,false,,GET,https://airportgap.com/api/airports/JFK,HTTP/2.0,default,,429,,tls1.3,https://airportgap.com/api/airports/JFK,,
http_req_waiting,1784003724,204.717900,,,1429,false,,GET,https://airportgap.com/api/airports/JFK,HTTP/2.0,default,,429,,tls1.3,https://airportgap.com/api/airports/JFK,,
http_req_receiving,1784003724,0.000000,,,1429,false,,GET,https://airportgap.com/api/airports/JFK,HTTP/2.0,default,,429,,tls1.3,https://airportgap.com/api/airports/JFK,,
http_req_failed,1784003724,1.000000,,,1429,false,,GET,https://airportgap.com/api/airports/JFK,HTTP/2.0,default,,429,,tls1.3,https://airportgap.com/api/airports/JFK,,
http_reqs,1784003724,1.000000,,,1429,false,,GET,https://airportgap.com/api/airports/JFK,HTTP/2.0,default,,429,,tls1.3,https://airportgap.com/api/airports/JFK,,
http_req_duration,1784003724,204.717900,,,1429,false,,GET,https://airportgap.com/api/airports/JFK,HTTP/2.0,default,,429,,tls1.3,https://airportgap.com/api/airports/JFK,,
http_req_blocked,1784003724,0.000000,,,1429,false,,GET,https://airportgap.com/api/airports/JFK,HTTP/2.0,default,,429,,tls1.3,https://airportgap.com/api/airports/JFK,,
http_req_connecting,1784003724,0.000000,,,1429,false,,GET,https://airportgap.com/api/airports/JFK,HTTP/2.0,default,,429,,tls1.3,https://airportgap.com/api/airports/JFK,,
http_req_tls_handshaking,1784003724,0.000000,,,1429,false,,GET,https://airportgap.com/api/airports/JFK,HTTP/2.0,default,,429,,tls1.3,https://airportgap.com/api/airports/JFK,,
http_req_sending,1784003724,0.000000,,,1429,false,,GET,https://airportgap.com/api/airports/JFK,HTTP/2.0,default,,429,,tls1.3,https://airportgap.com/api/airports/JFK,,
http_req_waiting,1784003724,204.717900,,,1429,false,,GET,https://airportgap.com/api/airports/JFK,HTTP/2.0,default,,429,,tls1.3,https://airportgap.com/api/airports/JFK,,
http_req_receiving,1784003724,0.000000,,,1429,false,,GET,https://airportgap.com/api/airports/JFK,HTTP/2.0,default,,429,,tls1.3,https://airportgap.com/api/airports/JFK,,
http_req_failed,1784003724,1.000000,,,1429,false,,GET,https://airportgap.com/api/airports/JFK,HTTP/2.0,default,,429,,tls1.3,https://airportgap.com/api/airports/JFK,,
http_reqs,1784003724,1.000000,,,1429,false,,GET,https://airportgap.com/api/airports/JFK,HTTP/2.0,default,,429,,tls1.3,https://airportgap.com/api/airports/JFK,,
http_req_duration,1784003724,204.717900,,,1429,false,,GET,https://airportgap.com/api/airports/JFK,HTTP/2.0,default,,429,,tls1.3,https://airportgap.com/api/airports/JFK,,
http_req_blocked,1784003724,0.000000,,,1429,false,,GET,https://airportgap.com/api/airports/JFK,HTTP/2.0,default,,429,,tls1.3,https://airportgap.com/api/airports/JFK,,
http_req_connecting,1784003724,0.000000,,,1429,false,,GET,https://airportgap.com/api/airports/JFK,HTTP/2.0,default,,429,,tls1.3,https://airportgap.com/api/airports/JFK,,
http_req_tls_handshaking,1784003724,0.000000,,,1429,false,,GET,https://airportgap.com/api/airports/JFK,HTTP/2.0,default,,429,,tls1.3,https://airportgap.com/api/airports/JFK,,
http_req_sending,1784003724,0.505300,,,1429,false,,GET,https://airportgap.com/api/airports/JFK,HTTP/2.0,default,,429,,tls1.3,https://airportgap.com/api/airports/JFK,,
http_req_waiting,1784003724,204.212600,,,1429,false,,GET,https://airportgap.com/api/airports/JFK,HTTP/2.0,default,,429,,tls1.3,https://airportgap.com/api/airports/JFK,,
http_req_receiving,1784003724,0.000000,,,1429,false,,GET,https://airportgap.com/api/airports/JFK,HTTP/2.0,default,,429,,tls1.3,https://airportgap.com/api/airports/JFK,,
http_req_failed,1784003724,1.000000,,,1429,false,,GET,https://airportgap.com/api/airports/JFK,HTTP/2.0,default,,429,,tls1.3,https://airportgap.com/api/airports/JFK,,
checks,1784003724,0.000000,JFK status 200,,,,,,,,default,,,,,,,
checks,1784003724,0.000000,JFK status 200,,,,,,,,default,,,,,,,
checks,1784003724,0.000000,JFK status 200,,,,,,,,default,,,,,,,
checks,1784003724,0.000000,JFK status 200,,,,,,,,default,,,,,,,
http_reqs,1784003724,1.000000,,,1429,false,,GET,https://airportgap.com/api/airports/JFK,HTTP/2.0,default,,429,,tls1.3,https://airportgap.com/api/airports/JFK,,
http_req_duration,1784003724,205.229500,,,1429,false,,GET,https://airportgap.com/api/airports/JFK,HTTP/2.0,default,,429,,tls1.3,https://airportgap.com/api/airports/JFK,,
http_req_blocked,1784003724,0.000000,,,1429,false,,GET,https://airportgap.com/api/airports/JFK,HTTP/2.0,default,,429,,tls1.3,https://airportgap.com/api/airports/JFK,,
http_req_connecting,1784003724,0.000000,,,1429,false,,GET,https://airportgap.com/api/airports/JFK,HTTP/2.0,default,,429,,tls1.3,https://airportgap.com/api/airports/JFK,,
http_req_tls_handshaking,1784003724,0.000000,,,1429,false,,GET,https://airportgap.com/api/airports/JFK,HTTP/2.0,default,,429,,tls1.3,https://airportgap.com/api/airports/JFK,,
http_req_sending,1784003724,0.000000,,,1429,false,,GET,https://airportgap.com/api/airports/JFK,HTTP/2.0,default,,429,,tls1.3,https://airportgap.com/api/airports/JFK,,
http_req_waiting,1784003724,204.717900,,,1429,false,,GET,https://airportgap.com/api/airports/JFK,HTTP/2.0,default,,429,,tls1.3,https://airportgap.com/api/airports/JFK,,
http_req_receiving,1784003724,0.511600,,,1429,false,,GET,https://airportgap.com/api/airports/JFK,HTTP/2.0,default,,429,,tls1.3,https://airportgap.com/api/airports/JFK,,
http_req_failed,1784003724,1.000000,,,1429,false,,GET,https://airportgap.com/api/airports/JFK,HTTP/2.0,default,,429,,tls1.3,https://airportgap.com/api/airports/JFK,,
checks,1784003724,0.000000,JFK status 200,,,,,,,,default,,,,,,,
checks,1784003724,0.000000,JFK status 200,,,,,,,,default,,,,,,,
vus,1784003724,10.000000,,,,,,,,,,,,,,,,
vus_max,1784003724,10.000000,,,,,,,,,,,,,,,,
data_sent,1784003724,72.000000,,,,,,,,,default,,,,,,,
data_received,1784003724,263.000000,,,,,,,,,default,,,,,,,
iteration_duration,1784003724,1382.358600,,,,,,,,,default,,,,,,,
iterations,1784003724,1.000000,,,,,,,,,default,,,,,,,
data_sent,1784003724,72.000000,,,,,,,,,default,,,,,,,
data_received,1784003724,263.000000,,,,,,,,,default,,,,,,,
iteration_duration,1784003724,1432.425200,,,,,,,,,default,,,,,,,
iterations,1784003724,1.000000,,,,,,,,,default,,,,,,,
http_reqs,1784003724,1.000000,,,1429,false,,GET,https://airportgap.com/api/airports,HTTP/2.0,default,,429,,tls1.3,https://airportgap.com/api/airports,,
http_req_duration,1784003724,228.547600,,,1429,false,,GET,https://airportgap.com/api/airports,HTTP/2.0,default,,429,,tls1.3,https://airportgap.com/api/airports,,
http_req_blocked,1784003724,0.000000,,,1429,false,,GET,https://airportgap.com/api/airports,HTTP/2.0,default,,429,,tls1.3,https://airportgap.com/api/airports,,
http_req_connecting,1784003724,0.000000,,,1429,false,,GET,https://airportgap.com/api/airports,HTTP/2.0,default,,429,,tls1.3,https://airportgap.com/api/airports,,
http_req_tls_handshaking,1784003724,0.000000,,,1429,false,,GET,https://airportgap.com/api/airports,HTTP/2.0,default,,429,,tls1.3,https://airportgap.com/api/airports,,
http_req_sending,1784003724,0.000000,,,1429,false,,GET,https://airportgap.com/api/airports,HTTP/2.0,default,,429,,tls1.3,https://airportgap.com/api/airports,,
http_req_waiting,1784003724,228.547600,,,1429,false,,GET,https://airportgap.com/api/airports,HTTP/2.0,default,,429,,tls1.3,https://airportgap.com/api/airports,,
http_req_receiving,1784003724,0.000000,,,1429,false,,GET,https://airportgap.com/api/airports,HTTP/2.0,default,,429,,tls1.3,https://airportgap.com/api/airports,,
http_req_failed,1784003724,1.000000,,,1429,false,,GET,https://airportgap.com/api/airports,HTTP/2.0,default,,429,,tls1.3,https://airportgap.com/api/airports,,
checks,1784003724,0.000000,status 200,,,,,,,,default,,,,,,,
checks,1784003724,1.000000,menos de 1000ms,,,,,,,,default,,,,,,,
data_sent,1784003725,72.000000,,,,,,,,,default,,,,,,,
data_received,1784003725,286.000000,,,,,,,,,default,,,,,,,
iteration_duration,1784003725,1431.945500,,,,,,,,,default,,,,,,,
iterations,1784003725,1.000000,,,,,,,,,default,,,,,,,
data_sent,1784003725,72.000000,,,,,,,,,default,,,,,,,
data_received,1784003725,286.000000,,,,,,,,,default,,,,,,,
iteration_duration,1784003725,1434.319800,,,,,,,,,default,,,,,,,
iterations,1784003725,1.000000,,,,,,,,,default,,,,,,,
data_sent,1784003725,72.000000,,,,,,,,,default,,,,,,,
data_received,1784003725,286.000000,,,,,,,,,default,,,,,,,
iteration_duration,1784003725,1433.097300,,,,,,,,,default,,,,,,,
iterations,1784003725,1.000000,,,,,,,,,default,,,,,,,
data_sent,1784003725,72.000000,,,,,,,,,default,,,,,,,
data_received,1784003725,286.000000,,,,,,,,,default,,,,,,,
iteration_duration,1784003725,1433.097300,,,,,,,,,default,,,,,,,
iterations,1784003725,1.000000,,,,,,,,,default,,,,,,,
data_sent,1784003725,72.000000,,,,,,,,,default,,,,,,,
data_received,1784003725,285.000000,,,,,,,,,default,,,,,,,
iteration_duration,1784003725,1433.097300,,,,,,,,,default,,,,,,,
iterations,1784003725,1.000000,,,,,,,,,default,,,,,,,
data_sent,1784003725,72.000000,,,,,,,,,default,,,,,,,
data_received,1784003725,286.000000,,,,,,,,,default,,,,,,,
iteration_duration,1784003725,1433.097300,,,,,,,,,default,,,,,,,
iterations,1784003725,1.000000,,,,,,,,,default,,,,,,,
data_sent,1784003725,72.000000,,,,,,,,,default,,,,,,,
data_received,1784003725,286.000000,,,,,,,,,default,,,,,,,
iteration_duration,1784003725,1433.762500,,,,,,,,,default,,,,,,,
iterations,1784003725,1.000000,,,,,,,,,default,,,,,,,
data_sent,1784003725,72.000000,,,,,,,,,default,,,,,,,
data_received,1784003725,287.000000,,,,,,,,,default,,,,,,,
iteration_duration,1784003725,1433.762500,,,,,,,,,default,,,,,,,
iterations,1784003725,1.000000,,,,,,,,,default,,,,,,,
http_reqs,1784003725,1.000000,,,1429,false,,GET,https://airportgap.com/api/airports/JFK,HTTP/2.0,default,,429,,tls1.3,https://airportgap.com/api/airports/JFK,,
http_req_duration,1784003725,204.592300,,,1429,false,,GET,https://airportgap.com/api/airports/JFK,HTTP/2.0,default,,429,,tls1.3,https://airportgap.com/api/airports/JFK,,
http_req_blocked,1784003725,0.000000,,,1429,false,,GET,https://airportgap.com/api/airports/JFK,HTTP/2.0,default,,429,,tls1.3,https://airportgap.com/api/airports/JFK,,
http_req_connecting,1784003725,0.000000,,,1429,false,,GET,https://airportgap.com/api/airports/JFK,HTTP/2.0,default,,429,,tls1.3,https://airportgap.com/api/airports/JFK,,
http_req_tls_handshaking,1784003725,0.000000,,,1429,false,,GET,https://airportgap.com/api/airports/JFK,HTTP/2.0,default,,429,,tls1.3,https://airportgap.com/api/airports/JFK,,
http_req_sending,1784003725,0.000000,,,1429,false,,GET,https://airportgap.com/api/airports/JFK,HTTP/2.0,default,,429,,tls1.3,https://airportgap.com/api/airports/JFK,,
http_req_waiting,1784003725,204.592300,,,1429,false,,GET,https://airportgap.com/api/airports/JFK,HTTP/2.0,default,,429,,tls1.3,https://airportgap.com/api/airports/JFK,,
http_req_receiving,1784003725,0.000000,,,1429,false,,GET,https://airportgap.com/api/airports/JFK,HTTP/2.0,default,,429,,tls1.3,https://airportgap.com/api/airports/JFK,,
http_req_failed,1784003725,1.000000,,,1429,false,,GET,https://airportgap.com/api/airports/JFK,HTTP/2.0,default,,429,,tls1.3,https://airportgap.com/api/airports/JFK,,
http_reqs,1784003725,1.000000,,,1429,false,,GET,https://airportgap.com/api/airports,HTTP/2.0,default,,429,,tls1.3,https://airportgap.com/api/airports,,
http_req_duration,1784003725,215.774500,,,1429,false,,GET,https://airportgap.com/api/airports,HTTP/2.0,default,,429,,tls1.3,https://airportgap.com/api/airports,,
http_req_blocked,1784003725,0.000000,,,1429,false,,GET,https://airportgap.com/api/airports,HTTP/2.0,default,,429,,tls1.3,https://airportgap.com/api/airports,,
http_req_connecting,1784003725,0.000000,,,1429,false,,GET,https://airportgap.com/api/airports,HTTP/2.0,default,,429,,tls1.3,https://airportgap.com/api/airports,,
http_req_tls_handshaking,1784003725,0.000000,,,1429,false,,GET,https://airportgap.com/api/airports,HTTP/2.0,default,,429,,tls1.3,https://airportgap.com/api/airports,,
http_req_sending,1784003725,0.638600,,,1429,false,,GET,https://airportgap.com/api/airports,HTTP/2.0,default,,429,,tls1.3,https://airportgap.com/api/airports,,
http_req_waiting,1784003725,215.135900,,,1429,false,,GET,https://airportgap.com/api/airports,HTTP/2.0,default,,429,,tls1.3,https://airportgap.com/api/airports,,
http_req_receiving,1784003725,0.000000,,,1429,false,,GET,https://airportgap.com/api/airports,HTTP/2.0,default,,429,,tls1.3,https://airportgap.com/api/airports,,
http_req_failed,1784003725,1.000000,,,1429,false,,GET,https://airportgap.com/api/airports,HTTP/2.0,default,,429,,tls1.3,https://airportgap.com/api/airports,,
checks,1784003725,0.000000,status 200,,,,,,,,default,,,,,,,
checks,1784003725,1.000000,menos de 1000ms,,,,,,,,default,,,,,,,
checks,1784003725,0.000000,JFK status 200,,,,,,,,default,,,,,,,
http_reqs,1784003725,1.000000,,,1429,false,,GET,https://airportgap.com/api/airports/JFK,HTTP/2.0,default,,429,,tls1.3,https://airportgap.com/api/airports/JFK,,
http_req_duration,1784003725,217.536800,,,1429,false,,GET,https://airportgap.com/api/airports/JFK,HTTP/2.0,default,,429,,tls1.3,https://airportgap.com/api/airports/JFK,,
http_req_blocked,1784003725,0.000000,,,1429,false,,GET,https://airportgap.com/api/airports/JFK,HTTP/2.0,default,,429,,tls1.3,https://airportgap.com/api/airports/JFK,,
http_req_connecting,1784003725,0.000000,,,1429,false,,GET,https://airportgap.com/api/airports/JFK,HTTP/2.0,default,,429,,tls1.3,https://airportgap.com/api/airports/JFK,,
http_req_tls_handshaking,1784003725,0.000000,,,1429,false,,GET,https://airportgap.com/api/airports/JFK,HTTP/2.0,default,,429,,tls1.3,https://airportgap.com/api/airports/JFK,,
http_req_sending,1784003725,0.000000,,,1429,false,,GET,https://airportgap.com/api/airports/JFK,HTTP/2.0,default,,429,,tls1.3,https://airportgap.com/api/airports/JFK,,
http_req_waiting,1784003725,216.932900,,,1429,false,,GET,https://airportgap.com/api/airports/JFK,HTTP/2.0,default,,429,,tls1.3,https://airportgap.com/api/airports/JFK,,
http_req_receiving,1784003725,0.603900,,,1429,false,,GET,https://airportgap.com/api/airports/JFK,HTTP/2.0,default,,429,,tls1.3,https://airportgap.com/api/airports/JFK,,
http_req_failed,1784003725,1.000000,,,1429,false,,GET,https://airportgap.com/api/airports/JFK,HTTP/2.0,default,,429,,tls1.3,https://airportgap.com/api/airports/JFK,,
checks,1784003725,0.000000,JFK status 200,,,,,,,,default,,,,,,,
http_reqs,1784003725,1.000000,,,1429,false,,GET,https://airportgap.com/api/airports,HTTP/2.0,default,,429,,tls1.3,https://airportgap.com/api/airports,,
http_req_duration,1784003725,228.765000,,,1429,false,,GET,https://airportgap.com/api/airports,HTTP/2.0,default,,429,,tls1.3,https://airportgap.com/api/airports,,
http_req_blocked,1784003725,0.000000,,,1429,false,,GET,https://airportgap.com/api/airports,HTTP/2.0,default,,429,,tls1.3,https://airportgap.com/api/airports,,
http_req_connecting,1784003725,0.000000,,,1429,false,,GET,https://airportgap.com/api/airports,HTTP/2.0,default,,429,,tls1.3,https://airportgap.com/api/airports,,
http_req_tls_handshaking,1784003725,0.000000,,,1429,false,,GET,https://airportgap.com/api/airports,HTTP/2.0,default,,429,,tls1.3,https://airportgap.com/api/airports,,
http_req_sending,1784003725,0.665200,,,1429,false,,GET,https://airportgap.com/api/airports,HTTP/2.0,default,,429,,tls1.3,https://airportgap.com/api/airports,,
http_req_waiting,1784003725,228.099800,,,1429,false,,GET,https://airportgap.com/api/airports,HTTP/2.0,default,,429,,tls1.3,https://airportgap.com/api/airports,,
http_req_receiving,1784003725,0.000000,,,1429,false,,GET,https://airportgap.com/api/airports,HTTP/2.0,default,,429,,tls1.3,https://airportgap.com/api/airports,,
http_req_failed,1784003725,1.000000,,,1429,false,,GET,https://airportgap.com/api/airports,HTTP/2.0,default,,429,,tls1.3,https://airportgap.com/api/airports,,
checks,1784003725,0.000000,status 200,,,,,,,,default,,,,,,,
checks,1784003725,1.000000,menos de 1000ms,,,,,,,,default,,,,,,,
http_reqs,1784003725,1.000000,,,1429,false,,GET,https://airportgap.com/api/airports,HTTP/2.0,default,,429,,tls1.3,https://airportgap.com/api/airports,,
http_req_duration,1784003725,228.615900,,,1429,false,,GET,https://airportgap.com/api/airports,HTTP/2.0,default,,429,,tls1.3,https://airportgap.com/api/airports,,
http_req_blocked,1784003725,0.000000,,,1429,false,,GET,https://airportgap.com/api/airports,HTTP/2.0,default,,429,,tls1.3,https://airportgap.com/api/airports,,
http_req_connecting,1784003725,0.000000,,,1429,false,,GET,https://airportgap.com/api/airports,HTTP/2.0,default,,429,,tls1.3,https://airportgap.com/api/airports,,
http_req_tls_handshaking,1784003725,0.000000,,,1429,false,,GET,https://airportgap.com/api/airports,HTTP/2.0,default,,429,,tls1.3,https://airportgap.com/api/airports,,
http_req_sending,1784003725,0.000000,,,1429,false,,GET,https://airportgap.com/api/airports,HTTP/2.0,default,,429,,tls1.3,https://airportgap.com/api/airports,,
http_req_waiting,1784003725,228.099800,,,1429,false,,GET,https://airportgap.com/api/airports,HTTP/2.0,default,,429,,tls1.3,https://airportgap.com/api/airports,,
http_req_receiving,1784003725,0.516100,,,1429,false,,GET,https://airportgap.com/api/airports,HTTP/2.0,default,,429,,tls1.3,https://airportgap.com/api/airports,,
http_req_failed,1784003725,1.000000,,,1429,false,,GET,https://airportgap.com/api/airports,HTTP/2.0,default,,429,,tls1.3,https://airportgap.com/api/airports,,
checks,1784003725,0.000000,status 200,,,,,,,,default,,,,,,,
checks,1784003725,1.000000,menos de 1000ms,,,,,,,,default,,,,,,,
http_reqs,1784003725,1.000000,,,1429,false,,GET,https://airportgap.com/api/airports,HTTP/2.0,default,,429,,tls1.3,https://airportgap.com/api/airports,,
http_req_duration,1784003725,229.916900,,,1429,false,,GET,https://airportgap.com/api/airports,HTTP/2.0,default,,429,,tls1.3,https://airportgap.com/api/airports,,
http_req_blocked,1784003725,0.000000,,,1429,false,,GET,https://airportgap.com/api/airports,HTTP/2.0,default,,429,,tls1.3,https://airportgap.com/api/airports,,
http_req_connecting,1784003725,0.000000,,,1429,false,,GET,https://airportgap.com/api/airports,HTTP/2.0,default,,429,,tls1.3,https://airportgap.com/api/airports,,
http_req_tls_handshaking,1784003725,0.000000,,,1429,false,,GET,https://airportgap.com/api/airports,HTTP/2.0,default,,429,,tls1.3,https://airportgap.com/api/airports,,
http_req_sending,1784003725,0.000000,,,1429,false,,GET,https://airportgap.com/api/airports,HTTP/2.0,default,,429,,tls1.3,https://airportgap.com/api/airports,,
http_req_waiting,1784003725,229.400800,,,1429,false,,GET,https://airportgap.com/api/airports,HTTP/2.0,default,,429,,tls1.3,https://airportgap.com/api/airports,,
http_req_receiving,1784003725,0.516100,,,1429,false,,GET,https://airportgap.com/api/airports,HTTP/2.0,default,,429,,tls1.3,https://airportgap.com/api/airports,,
http_req_failed,1784003725,1.000000,,,1429,false,,GET,https://airportgap.com/api/airports,HTTP/2.0,default,,429,,tls1.3,https://airportgap.com/api/airports,,
http_reqs,1784003725,1.000000,,,1429,false,,GET,https://airportgap.com/api/airports,HTTP/2.0,default,,429,,tls1.3,https://airportgap.com/api/airports,,
http_req_duration,1784003725,230.284600,,,1429,false,,GET,https://airportgap.com/api/airports,HTTP/2.0,default,,429,,tls1.3,https://airportgap.com/api/airports,,
http_req_blocked,1784003725,0.000000,,,1429,false,,GET,https://airportgap.com/api/airports,HTTP/2.0,default,,429,,tls1.3,https://airportgap.com/api/airports,,
http_req_connecting,1784003725,0.000000,,,1429,false,,GET,https://airportgap.com/api/airports,HTTP/2.0,default,,429,,tls1.3,https://airportgap.com/api/airports,,
http_req_tls_handshaking,1784003725,0.000000,,,1429,false,,GET,https://airportgap.com/api/airports,HTTP/2.0,default,,429,,tls1.3,https://airportgap.com/api/airports,,
http_req_sending,1784003725,0.000000,,,1429,false,,GET,https://airportgap.com/api/airports,HTTP/2.0,default,,429,,tls1.3,https://airportgap.com/api/airports,,
http_req_waiting,1784003725,229.281100,,,1429,false,,GET,https://airportgap.com/api/airports,HTTP/2.0,default,,429,,tls1.3,https://airportgap.com/api/airports,,
http_req_receiving,1784003725,1.003500,,,1429,false,,GET,https://airportgap.com/api/airports,HTTP/2.0,default,,429,,tls1.3,https://airportgap.com/api/airports,,
http_req_failed,1784003725,1.000000,,,1429,false,,GET,https://airportgap.com/api/airports,HTTP/2.0,default,,429,,tls1.3,https://airportgap.com/api/airports,,
checks,1784003725,0.000000,status 200,,,,,,,,default,,,,,,,
http_reqs,1784003725,1.000000,,,1429,false,,GET,https://airportgap.com/api/airports,HTTP/2.0,default,,429,,tls1.3,https://airportgap.com/api/airports,,
http_req_duration,1784003725,230.284600,,,1429,false,,GET,https://airportgap.com/api/airports,HTTP/2.0,default,,429,,tls1.3,https://airportgap.com/api/airports,,
http_req_blocked,1784003725,0.000000,,,1429,false,,GET,https://airportgap.com/api/airports,HTTP/2.0,default,,429,,tls1.3,https://airportgap.com/api/airports,,
http_req_connecting,1784003725,0.000000,,,1429,false,,GET,https://airportgap.com/api/airports,HTTP/2.0,default,,429,,tls1.3,https://airportgap.com/api/airports,,
http_req_tls_handshaking,1784003725,0.000000,,,1429,false,,GET,https://airportgap.com/api/airports,HTTP/2.0,default,,429,,tls1.3,https://airportgap.com/api/airports,,
http_req_sending,1784003725,0.000000,,,1429,false,,GET,https://airportgap.com/api/airports,HTTP/2.0,default,,429,,tls1.3,https://airportgap.com/api/airports,,
http_req_waiting,1784003725,230.284600,,,1429,false,,GET,https://airportgap.com/api/airports,HTTP/2.0,default,,429,,tls1.3,https://airportgap.com/api/airports,,
http_req_receiving,1784003725,0.000000,,,1429,false,,GET,https://airportgap.com/api/airports,HTTP/2.0,default,,429,,tls1.3,https://airportgap.com/api/airports,,
http_req_failed,1784003725,1.000000,,,1429,false,,GET,https://airportgap.com/api/airports,HTTP/2.0,default,,429,,tls1.3,https://airportgap.com/api/airports,,
checks,1784003725,1.000000,menos de 1000ms,,,,,,,,default,,,,,,,
http_reqs,1784003725,1.000000,,,1429,false,,GET,https://airportgap.com/api/airports,HTTP/2.0,default,,429,,tls1.3,https://airportgap.com/api/airports,,
http_req_duration,1784003725,230.284600,,,1429,false,,GET,https://airportgap.com/api/airports,HTTP/2.0,default,,429,,tls1.3,https://airportgap.com/api/airports,,
http_req_blocked,1784003725,0.000000,,,1429,false,,GET,https://airportgap.com/api/airports,HTTP/2.0,default,,429,,tls1.3,https://airportgap.com/api/airports,,
http_req_connecting,1784003725,0.000000,,,1429,false,,GET,https://airportgap.com/api/airports,HTTP/2.0,default,,429,,tls1.3,https://airportgap.com/api/airports,,
http_req_tls_handshaking,1784003725,0.000000,,,1429,false,,GET,https://airportgap.com/api/airports,HTTP/2.0,default,,429,,tls1.3,https://airportgap.com/api/airports,,
http_req_sending,1784003725,0.665200,,,1429,false,,GET,https://airportgap.com/api/airports,HTTP/2.0,default,,429,,tls1.3,https://airportgap.com/api/airports,,
http_req_waiting,1784003725,229.619400,,,1429,false,,GET,https://airportgap.com/api/airports,HTTP/2.0,default,,429,,tls1.3,https://airportgap.com/api/airports,,
http_req_receiving,1784003725,0.000000,,,1429,false,,GET,https://airportgap.com/api/airports,HTTP/2.0,default,,429,,tls1.3,https://airportgap.com/api/airports,,
http_req_failed,1784003725,1.000000,,,1429,false,,GET,https://airportgap.com/api/airports,HTTP/2.0,default,,429,,tls1.3,https://airportgap.com/api/airports,,
checks,1784003725,0.000000,status 200,,,,,,,,default,,,,,,,
checks,1784003725,1.000000,menos de 1000ms,,,,,,,,default,,,,,,,
http_reqs,1784003725,1.000000,,,1429,false,,GET,https://airportgap.com/api/airports,HTTP/2.0,default,,429,,tls1.3,https://airportgap.com/api/airports,,
http_req_duration,1784003725,230.284600,,,1429,false,,GET,https://airportgap.com/api/airports,HTTP/2.0,default,,429,,tls1.3,https://airportgap.com/api/airports,,
http_req_blocked,1784003725,0.000000,,,1429,false,,GET,https://airportgap.com/api/airports,HTTP/2.0,default,,429,,tls1.3,https://airportgap.com/api/airports,,
http_req_connecting,1784003725,0.000000,,,1429,false,,GET,https://airportgap.com/api/airports,HTTP/2.0,default,,429,,tls1.3,https://airportgap.com/api/airports,,
http_req_tls_handshaking,1784003725,0.000000,,,1429,false,,GET,https://airportgap.com/api/airports,HTTP/2.0,default,,429,,tls1.3,https://airportgap.com/api/airports,,
http_req_sending,1784003725,0.000000,,,1429,false,,GET,https://airportgap.com/api/airports,HTTP/2.0,default,,429,,tls1.3,https://airportgap.com/api/airports,,
http_req_waiting,1784003725,230.284600,,,1429,false,,GET,https://airportgap.com/api/airports,HTTP/2.0,default,,429,,tls1.3,https://airportgap.com/api/airports,,
http_req_receiving,1784003725,0.000000,,,1429,false,,GET,https://airportgap.com/api/airports,HTTP/2.0,default,,429,,tls1.3,https://airportgap.com/api/airports,,
http_req_failed,1784003725,1.000000,,,1429,false,,GET,https://airportgap.com/api/airports,HTTP/2.0,default,,429,,tls1.3,https://airportgap.com/api/airports,,
checks,1784003725,0.000000,status 200,,,,,,,,default,,,,,,,
checks,1784003725,1.000000,menos de 1000ms,,,,,,,,default,,,,,,,
checks,1784003725,0.000000,status 200,,,,,,,,default,,,,,,,
checks,1784003725,1.000000,menos de 1000ms,,,,,,,,default,,,,,,,
http_reqs,1784003725,1.000000,,,1429,false,,GET,https://airportgap.com/api/airports,HTTP/2.0,default,,429,,tls1.3,https://airportgap.com/api/airports,,
http_req_duration,1784003725,229.619400,,,1429,false,,GET,https://airportgap.com/api/airports,HTTP/2.0,default,,429,,tls1.3,https://airportgap.com/api/airports,,
http_req_blocked,1784003725,0.000000,,,1429,false,,GET,https://airportgap.com/api/airports,HTTP/2.0,default,,429,,tls1.3,https://airportgap.com/api/airports,,
http_req_connecting,1784003725,0.000000,,,1429,false,,GET,https://airportgap.com/api/airports,HTTP/2.0,default,,429,,tls1.3,https://airportgap.com/api/airports,,
http_req_tls_handshaking,1784003725,0.000000,,,1429,false,,GET,https://airportgap.com/api/airports,HTTP/2.0,default,,429,,tls1.3,https://airportgap.com/api/airports,,
http_req_sending,1784003725,0.000000,,,1429,false,,GET,https://airportgap.com/api/airports,HTTP/2.0,default,,429,,tls1.3,https://airportgap.com/api/airports,,
http_req_waiting,1784003725,228.099800,,,1429,false,,GET,https://airportgap.com/api/airports,HTTP/2.0,default,,429,,tls1.3,https://airportgap.com/api/airports,,
http_req_receiving,1784003725,1.519600,,,1429,false,,GET,https://airportgap.com/api/airports,HTTP/2.0,default,,429,,tls1.3,https://airportgap.com/api/airports,,
http_req_failed,1784003725,1.000000,,,1429,false,,GET,https://airportgap.com/api/airports,HTTP/2.0,default,,429,,tls1.3,https://airportgap.com/api/airports,,
checks,1784003725,0.000000,status 200,,,,,,,,default,,,,,,,
checks,1784003725,0.000000,status 200,,,,,,,,default,,,,,,,
checks,1784003725,1.000000,menos de 1000ms,,,,,,,,default,,,,,,,
checks,1784003725,1.000000,menos de 1000ms,,,,,,,,default,,,,,,,
http_reqs,1784003725,1.000000,,,1429,false,,GET,https://airportgap.com/api/airports/JFK,HTTP/2.0,default,,429,,tls1.3,https://airportgap.com/api/airports/JFK,,
http_req_duration,1784003725,203.848400,,,1429,false,,GET,https://airportgap.com/api/airports/JFK,HTTP/2.0,default,,429,,tls1.3,https://airportgap.com/api/airports/JFK,,
http_req_blocked,1784003725,0.000000,,,1429,false,,GET,https://airportgap.com/api/airports/JFK,HTTP/2.0,default,,429,,tls1.3,https://airportgap.com/api/airports/JFK,,
http_req_connecting,1784003725,0.000000,,,1429,false,,GET,https://airportgap.com/api/airports/JFK,HTTP/2.0,default,,429,,tls1.3,https://airportgap.com/api/airports/JFK,,
http_req_tls_handshaking,1784003725,0.000000,,,1429,false,,GET,https://airportgap.com/api/airports/JFK,HTTP/2.0,default,,429,,tls1.3,https://airportgap.com/api/airports/JFK,,
http_req_sending,1784003725,0.000000,,,1429,false,,GET,https://airportgap.com/api/airports/JFK,HTTP/2.0,default,,429,,tls1.3,https://airportgap.com/api/airports/JFK,,
http_req_waiting,1784003725,203.848400,,,1429,false,,GET,https://airportgap.com/api/airports/JFK,HTTP/2.0,default,,429,,tls1.3,https://airportgap.com/api/airports/JFK,,
http_req_receiving,1784003725,0.000000,,,1429,false,,GET,https://airportgap.com/api/airports/JFK,HTTP/2.0,default,,429,,tls1.3,https://airportgap.com/api/airports/JFK,,
http_req_failed,1784003725,1.000000,,,1429,false,,GET,https://airportgap.com/api/airports/JFK,HTTP/2.0,default,,429,,tls1.3,https://airportgap.com/api/airports/JFK,,
checks,1784003725,0.000000,JFK status 200,,,,,,,,default,,,,,,,
http_reqs,1784003725,1.000000,,,1429,false,,GET,https://airportgap.com/api/airports/JFK,HTTP/2.0,default,,429,,tls1.3,https://airportgap.com/api/airports/JFK,,
http_req_duration,1784003725,203.354700,,,1429,false,,GET,https://airportgap.com/api/airports/JFK,HTTP/2.0,default,,429,,tls1.3,https://airportgap.com/api/airports/JFK,,
http_req_blocked,1784003725,0.000000,,,1429,false,,GET,https://airportgap.com/api/airports/JFK,HTTP/2.0,default,,429,,tls1.3,https://airportgap.com/api/airports/JFK,,
http_req_connecting,1784003725,0.000000,,,1429,false,,GET,https://airportgap.com/api/airports/JFK,HTTP/2.0,default,,429,,tls1.3,https://airportgap.com/api/airports/JFK,,
http_req_tls_handshaking,1784003725,0.000000,,,1429,false,,GET,https://airportgap.com/api/airports/JFK,HTTP/2.0,default,,429,,tls1.3,https://airportgap.com/api/airports/JFK,,
http_req_sending,1784003725,0.508600,,,1429,false,,GET,https://airportgap.com/api/airports/JFK,HTTP/2.0,default,,429,,tls1.3,https://airportgap.com/api/airports/JFK,,
http_req_waiting,1784003725,202.846100,,,1429,false,,GET,https://airportgap.com/api/airports/JFK,HTTP/2.0,default,,429,,tls1.3,https://airportgap.com/api/airports/JFK,,
http_req_receiving,1784003725,0.000000,,,1429,false,,GET,https://airportgap.com/api/airports/JFK,HTTP/2.0,default,,429,,tls1.3,https://airportgap.com/api/airports/JFK,,
http_req_failed,1784003725,1.000000,,,1429,false,,GET,https://airportgap.com/api/airports/JFK,HTTP/2.0,default,,429,,tls1.3,https://airportgap.com/api/airports/JFK,,
checks,1784003725,0.000000,JFK status 200,,,,,,,,default,,,,,,,
http_reqs,1784003725,1.000000,,,1429,false,,GET,https://airportgap.com/api/airports/JFK,HTTP/2.0,default,,429,,tls1.3,https://airportgap.com/api/airports/JFK,,
http_req_duration,1784003725,203.354700,,,1429,false,,GET,https://airportgap.com/api/airports/JFK,HTTP/2.0,default,,429,,tls1.3,https://airportgap.com/api/airports/JFK,,
http_req_blocked,1784003725,0.000000,,,1429,false,,GET,https://airportgap.com/api/airports/JFK,HTTP/2.0,default,,429,,tls1.3,https://airportgap.com/api/airports/JFK,,
http_req_connecting,1784003725,0.000000,,,1429,false,,GET,https://airportgap.com/api/airports/JFK,HTTP/2.0,default,,429,,tls1.3,https://airportgap.com/api/airports/JFK,,
http_req_tls_handshaking,1784003725,0.000000,,,1429,false,,GET,https://airportgap.com/api/airports/JFK,HTTP/2.0,default,,429,,tls1.3,https://airportgap.com/api/airports/JFK,,
http_req_sending,1784003725,0.508600,,,1429,false,,GET,https://airportgap.com/api/airports/JFK,HTTP/2.0,default,,429,,tls1.3,https://airportgap.com/api/airports/JFK,,
http_req_waiting,1784003725,202.846100,,,1429,false,,GET,https://airportgap.com/api/airports/JFK,HTTP/2.0,default,,429,,tls1.3,https://airportgap.com/api/airports/JFK,,
http_req_receiving,1784003725,0.000000,,,1429,false,,GET,https://airportgap.com/api/airports/JFK,HTTP/2.0,default,,429,,tls1.3,https://airportgap.com/api/airports/JFK,,
http_req_failed,1784003725,1.000000,,,1429,false,,GET,https://airportgap.com/api/airports/JFK,HTTP/2.0,default,,429,,tls1.3,https://airportgap.com/api/airports/JFK,,
http_reqs,1784003725,1.000000,,,1429,false,,GET,https://airportgap.com/api/airports/JFK,HTTP/2.0,default,,429,,tls1.3,https://airportgap.com/api/airports/JFK,,
http_req_duration,1784003725,203.863400,,,1429,false,,GET,https://airportgap.com/api/airports/JFK,HTTP/2.0,default,,429,,tls1.3,https://airportgap.com/api/airports/JFK,,
http_req_blocked,1784003725,0.000000,,,1429,false,,GET,https://airportgap.com/api/airports/JFK,HTTP/2.0,default,,429,,tls1.3,https://airportgap.com/api/airports/JFK,,
http_req_connecting,1784003725,0.000000,,,1429,false,,GET,https://airportgap.com/api/airports/JFK,HTTP/2.0,default,,429,,tls1.3,https://airportgap.com/api/airports/JFK,,
http_req_tls_handshaking,1784003725,0.000000,,,1429,false,,GET,https://airportgap.com/api/airports/JFK,HTTP/2.0,default,,429,,tls1.3,https://airportgap.com/api/airports/JFK,,
http_req_sending,1784003725,0.000000,,,1429,false,,GET,https://airportgap.com/api/airports/JFK,HTTP/2.0,default,,429,,tls1.3,https://airportgap.com/api/airports/JFK,,
http_req_waiting,1784003725,203.354700,,,1429,false,,GET,https://airportgap.com/api/airports/JFK,HTTP/2.0,default,,429,,tls1.3,https://airportgap.com/api/airports/JFK,,
http_req_receiving,1784003725,0.508700,,,1429,false,,GET,https://airportgap.com/api/airports/JFK,HTTP/2.0,default,,429,,tls1.3,https://airportgap.com/api/airports/JFK,,
http_req_failed,1784003725,1.000000,,,1429,false,,GET,https://airportgap.com/api/airports/JFK,HTTP/2.0,default,,429,,tls1.3,https://airportgap.com/api/airports/JFK,,
checks,1784003725,0.000000,JFK status 200,,,,,,,,default,,,,,,,
http_reqs,1784003725,1.000000,,,1429,false,,GET,https://airportgap.com/api/airports/JFK,HTTP/2.0,default,,429,,tls1.3,https://airportgap.com/api/airports/JFK,,
http_req_duration,1784003725,204.866900,,,1429,false,,GET,https://airportgap.com/api/airports/JFK,HTTP/2.0,default,,429,,tls1.3,https://airportgap.com/api/airports/JFK,,
http_req_blocked,1784003725,0.000000,,,1429,false,,GET,https://airportgap.com/api/airports/JFK,HTTP/2.0,default,,429,,tls1.3,https://airportgap.com/api/airports/JFK,,
http_req_connecting,1784003725,0.000000,,,1429,false,,GET,https://airportgap.com/api/airports/JFK,HTTP/2.0,default,,429,,tls1.3,https://airportgap.com/api/airports/JFK,,
http_req_tls_handshaking,1784003725,0.000000,,,1429,false,,GET,https://airportgap.com/api/airports/JFK,HTTP/2.0,default,,429,,tls1.3,https://airportgap.com/api/airports/JFK,,
http_req_sending,1784003725,0.000000,,,1429,false,,GET,https://airportgap.com/api/airports/JFK,HTTP/2.0,default,,429,,tls1.3,https://airportgap.com/api/airports/JFK,,
http_req_waiting,1784003725,204.866900,,,1429,false,,GET,https://airportgap.com/api/airports/JFK,HTTP/2.0,default,,429,,tls1.3,https://airportgap.com/api/airports/JFK,,
http_req_receiving,1784003725,0.000000,,,1429,false,,GET,https://airportgap.com/api/airports/JFK,HTTP/2.0,default,,429,,tls1.3,https://airportgap.com/api/airports/JFK,,
http_req_failed,1784003725,1.000000,,,1429,false,,GET,https://airportgap.com/api/airports/JFK,HTTP/2.0,default,,429,,tls1.3,https://airportgap.com/api/airports/JFK,,
checks,1784003725,0.000000,JFK status 200,,,,,,,,default,,,,,,,
http_reqs,1784003725,1.000000,,,1429,false,,GET,https://airportgap.com/api/airports/JFK,HTTP/2.0,default,,429,,tls1.3,https://airportgap.com/api/airports/JFK,,
http_req_duration,1784003725,203.863400,,,1429,false,,GET,https://airportgap.com/api/airports/JFK,HTTP/2.0,default,,429,,tls1.3,https://airportgap.com/api/airports/JFK,,
http_req_blocked,1784003725,0.000000,,,1429,false,,GET,https://airportgap.com/api/airports/JFK,HTTP/2.0,default,,429,,tls1.3,https://airportgap.com/api/airports/JFK,,
http_req_connecting,1784003725,0.000000,,,1429,false,,GET,https://airportgap.com/api/airports/JFK,HTTP/2.0,default,,429,,tls1.3,https://airportgap.com/api/airports/JFK,,
http_req_tls_handshaking,1784003725,0.000000,,,1429,false,,GET,https://airportgap.com/api/airports/JFK,HTTP/2.0,default,,429,,tls1.3,https://airportgap.com/api/airports/JFK,,
http_req_sending,1784003725,0.508600,,,1429,false,,GET,https://airportgap.com/api/airports/JFK,HTTP/2.0,default,,429,,tls1.3,https://airportgap.com/api/airports/JFK,,
http_req_waiting,1784003725,203.354800,,,1429,false,,GET,https://airportgap.com/api/airports/JFK,HTTP/2.0,default,,429,,tls1.3,https://airportgap.com/api/airports/JFK,,
http_req_receiving,1784003725,0.000000,,,1429,false,,GET,https://airportgap.com/api/airports/JFK,HTTP/2.0,default,,429,,tls1.3,https://airportgap.com/api/airports/JFK,,
http_req_failed,1784003725,1.000000,,,1429,false,,GET,https://airportgap.com/api/airports/JFK,HTTP/2.0,default,,429,,tls1.3,https://airportgap.com/api/airports/JFK,,
checks,1784003725,0.000000,JFK status 200,,,,,,,,default,,,,,,,
checks,1784003725,0.000000,JFK status 200,,,,,,,,default,,,,,,,
http_reqs,1784003725,1.000000,,,1429,false,,GET,https://airportgap.com/api/airports/JFK,HTTP/2.0,default,,429,,tls1.3,https://airportgap.com/api/airports/JFK,,
http_req_duration,1784003725,203.354800,,,1429,false,,GET,https://airportgap.com/api/airports/JFK,HTTP/2.0,default,,429,,tls1.3,https://airportgap.com/api/airports/JFK,,
http_req_blocked,1784003725,0.000000,,,1429,false,,GET,https://airportgap.com/api/airports/JFK,HTTP/2.0,default,,429,,tls1.3,https://airportgap.com/api/airports/JFK,,
http_req_connecting,1784003725,0.000000,,,1429,false,,GET,https://airportgap.com/api/airports/JFK,HTTP/2.0,default,,429,,tls1.3,https://airportgap.com/api/airports/JFK,,
http_req_tls_handshaking,1784003725,0.000000,,,1429,false,,GET,https://airportgap.com/api/airports/JFK,HTTP/2.0,default,,429,,tls1.3,https://airportgap.com/api/airports/JFK,,
http_req_sending,1784003725,0.000000,,,1429,false,,GET,https://airportgap.com/api/airports/JFK,HTTP/2.0,default,,429,,tls1.3,https://airportgap.com/api/airports/JFK,,
http_req_waiting,1784003725,203.354800,,,1429,false,,GET,https://airportgap.com/api/airports/JFK,HTTP/2.0,default,,429,,tls1.3,https://airportgap.com/api/airports/JFK,,
http_req_receiving,1784003725,0.000000,,,1429,false,,GET,https://airportgap.com/api/airports/JFK,HTTP/2.0,default,,429,,tls1.3,https://airportgap.com/api/airports/JFK,,
http_req_failed,1784003725,1.000000,,,1429,false,,GET,https://airportgap.com/api/airports/JFK,HTTP/2.0,default,,429,,tls1.3,https://airportgap.com/api/airports/JFK,,
checks,1784003725,0.000000,JFK status 200,,,,,,,,default,,,,,,,
http_reqs,1784003725,1.000000,,,1429,false,,GET,https://airportgap.com/api/airports/JFK,HTTP/2.0,default,,429,,tls1.3,https://airportgap.com/api/airports/JFK,,
http_req_duration,1784003725,203.354800,,,1429,false,,GET,https://airportgap.com/api/airports/JFK,HTTP/2.0,default,,429,,tls1.3,https://airportgap.com/api/airports/JFK,,
http_req_blocked,1784003725,0.000000,,,1429,false,,GET,https://airportgap.com/api/airports/JFK,HTTP/2.0,default,,429,,tls1.3,https://airportgap.com/api/airports/JFK,,
http_req_connecting,1784003725,0.000000,,,1429,false,,GET,https://airportgap.com/api/airports/JFK,HTTP/2.0,default,,429,,tls1.3,https://airportgap.com/api/airports/JFK,,
http_req_tls_handshaking,1784003725,0.000000,,,1429,false,,GET,https://airportgap.com/api/airports/JFK,HTTP/2.0,default,,429,,tls1.3,https://airportgap.com/api/airports/JFK,,
http_req_sending,1784003725,0.000000,,,1429,false,,GET,https://airportgap.com/api/airports/JFK,HTTP/2.0,default,,429,,tls1.3,https://airportgap.com/api/airports/JFK,,
http_req_waiting,1784003725,203.354800,,,1429,false,,GET,https://airportgap.com/api/airports/JFK,HTTP/2.0,default,,429,,tls1.3,https://airportgap.com/api/airports/JFK,,
http_req_receiving,1784003725,0.000000,,,1429,false,,GET,https://airportgap.com/api/airports/JFK,HTTP/2.0,default,,429,,tls1.3,https://airportgap.com/api/airports/JFK,,
http_req_failed,1784003725,1.000000,,,1429,false,,GET,https://airportgap.com/api/airports/JFK,HTTP/2.0,default,,429,,tls1.3,https://airportgap.com/api/airports/JFK,,
checks,1784003725,0.000000,JFK status 200,,,,,,,,default,,,,,,,
vus,1784003725,10.000000,,,,,,,,,,,,,,,,
vus_max,1784003725,10.000000,,,,,,,,,,,,,,,,
data_sent,1784003726,72.000000,,,,,,,,,default,,,,,,,
data_received,1784003726,286.000000,,,,,,,,,default,,,,,,,
iteration_duration,1784003726,1434.608300,,,,,,,,,default,,,,,,,
iterations,1784003726,1.000000,,,,,,,,,default,,,,,,,
data_sent,1784003726,72.000000,,,,,,,,,default,,,,,,,
data_received,1784003726,263.000000,,,,,,,,,default,,,,,,,
iteration_duration,1784003726,1436.232400,,,,,,,,,default,,,,,,,
iterations,1784003726,1.000000,,,,,,,,,default,,,,,,,
http_reqs,1784003726,1.000000,,,1429,false,,GET,https://airportgap.com/api/airports,HTTP/2.0,default,,429,,tls1.3,https://airportgap.com/api/airports,,
http_req_duration,1784003726,233.146200,,,1429,false,,GET,https://airportgap.com/api/airports,HTTP/2.0,default,,429,,tls1.3,https://airportgap.com/api/airports,,
http_req_blocked,1784003726,0.000000,,,1429,false,,GET,https://airportgap.com/api/airports,HTTP/2.0,default,,429,,tls1.3,https://airportgap.com/api/airports,,
http_req_connecting,1784003726,0.000000,,,1429,false,,GET,https://airportgap.com/api/airports,HTTP/2.0,default,,429,,tls1.3,https://airportgap.com/api/airports,,
http_req_tls_handshaking,1784003726,0.000000,,,1429,false,,GET,https://airportgap.com/api/airports,HTTP/2.0,default,,429,,tls1.3,https://airportgap.com/api/airports,,
http_req_sending,1784003726,0.428200,,,1429,false,,GET,https://airportgap.com/api/airports,HTTP/2.0,default,,429,,tls1.3,https://airportgap.com/api/airports,,
http_req_waiting,1784003726,232.287000,,,1429,false,,GET,https://airportgap.com/api/airports,HTTP/2.0,default,,429,,tls1.3,https://airportgap.com/api/airports,,
http_req_receiving,1784003726,0.431000,,,1429,false,,GET,https://airportgap.com/api/airports,HTTP/2.0,default,,429,,tls1.3,https://airportgap.com/api/airports,,
http_req_failed,1784003726,1.000000,,,1429,false,,GET,https://airportgap.com/api/airports,HTTP/2.0,default,,429,,tls1.3,https://airportgap.com/api/airports,,
checks,1784003726,0.000000,status 200,,,,,,,,default,,,,,,,
checks,1784003726,1.000000,menos de 1000ms,,,,,,,,default,,,,,,,
data_sent,1784003726,72.000000,,,,,,,,,default,,,,,,,
data_received,1784003726,263.000000,,,,,,,,,default,,,,,,,
iteration_duration,1784003726,1432.948400,,,,,,,,,default,,,,,,,
iterations,1784003726,1.000000,,,,,,,,,default,,,,,,,
data_sent,1784003726,72.000000,,,,,,,,,default,,,,,,,
data_received,1784003726,263.000000,,,,,,,,,default,,,,,,,
iteration_duration,1784003726,1435.714600,,,,,,,,,default,,,,,,,
iterations,1784003726,1.000000,,,,,,,,,default,,,,,,,
data_sent,1784003726,72.000000,,,,,,,,,default,,,,,,,
data_received,1784003726,264.000000,,,,,,,,,default,,,,,,,
iteration_duration,1784003726,1435.714600,,,,,,,,,default,,,,,,,
iterations,1784003726,1.000000,,,,,,,,,default,,,,,,,
data_sent,1784003726,72.000000,,,,,,,,,default,,,,,,,
data_received,1784003726,264.000000,,,,,,,,,default,,,,,,,
iteration_duration,1784003726,1435.714600,,,,,,,,,default,,,,,,,
iterations,1784003726,1.000000,,,,,,,,,default,,,,,,,
data_sent,1784003726,72.000000,,,,,,,,,default,,,,,,,
data_received,1784003726,262.000000,,,,,,,,,default,,,,,,,
iteration_duration,1784003726,1435.714600,,,,,,,,,default,,,,,,,
iterations,1784003726,1.000000,,,,,,,,,default,,,,,,,
data_sent,1784003726,72.000000,,,,,,,,,default,,,,,,,
data_received,1784003726,262.000000,,,,,,,,,default,,,,,,,
iteration_duration,1784003726,1436.866400,,,,,,,,,default,,,,,,,
iterations,1784003726,1.000000,,,,,,,,,default,,,,,,,
data_sent,1784003726,72.000000,,,,,,,,,default,,,,,,,
data_received,1784003726,263.000000,,,,,,,,,default,,,,,,,
iteration_duration,1784003726,1435.049400,,,,,,,,,default,,,,,,,
iterations,1784003726,1.000000,,,,,,,,,default,,,,,,,
data_sent,1784003726,72.000000,,,,,,,,,default,,,,,,,
data_received,1784003726,263.000000,,,,,,,,,default,,,,,,,
iteration_duration,1784003726,1435.714600,,,,,,,,,default,,,,,,,
iterations,1784003726,1.000000,,,,,,,,,default,,,,,,,
http_reqs,1784003726,1.000000,,,1429,false,,GET,https://airportgap.com/api/airports/JFK,HTTP/2.0,default,,429,,tls1.3,https://airportgap.com/api/airports/JFK,,
http_req_duration,1784003726,201.558100,,,1429,false,,GET,https://airportgap.com/api/airports/JFK,HTTP/2.0,default,,429,,tls1.3,https://airportgap.com/api/airports/JFK,,
http_req_blocked,1784003726,0.000000,,,1429,false,,GET,https://airportgap.com/api/airports/JFK,HTTP/2.0,default,,429,,tls1.3,https://airportgap.com/api/airports/JFK,,
http_req_connecting,1784003726,0.000000,,,1429,false,,GET,https://airportgap.com/api/airports/JFK,HTTP/2.0,default,,429,,tls1.3,https://airportgap.com/api/airports/JFK,,
http_req_tls_handshaking,1784003726,0.000000,,,1429,false,,GET,https://airportgap.com/api/airports/JFK,HTTP/2.0,default,,429,,tls1.3,https://airportgap.com/api/airports/JFK,,
http_req_sending,1784003726,0.000000,,,1429,false,,GET,https://airportgap.com/api/airports/JFK,HTTP/2.0,default,,429,,tls1.3,https://airportgap.com/api/airports/JFK,,
http_req_waiting,1784003726,200.966100,,,1429,false,,GET,https://airportgap.com/api/airports/JFK,HTTP/2.0,default,,429,,tls1.3,https://airportgap.com/api/airports/JFK,,
http_req_receiving,1784003726,0.592000,,,1429,false,,GET,https://airportgap.com/api/airports/JFK,HTTP/2.0,default,,429,,tls1.3,https://airportgap.com/api/airports/JFK,,
http_req_failed,1784003726,1.000000,,,1429,false,,GET,https://airportgap.com/api/airports/JFK,HTTP/2.0,default,,429,,tls1.3,https://airportgap.com/api/airports/JFK,,
checks,1784003726,0.000000,JFK status 200,,,,,,,,default,,,,,,,
http_reqs,1784003726,1.000000,,,1429,false,,GET,https://airportgap.com/api/airports,HTTP/2.0,default,,429,,tls1.3,https://airportgap.com/api/airports,,
http_req_duration,1784003726,215.714800,,,1429,false,,GET,https://airportgap.com/api/airports,HTTP/2.0,default,,429,,tls1.3,https://airportgap.com/api/airports,,
http_req_blocked,1784003726,0.000000,,,1429,false,,GET,https://airportgap.com/api/airports,HTTP/2.0,default,,429,,tls1.3,https://airportgap.com/api/airports,,
http_req_connecting,1784003726,0.000000,,,1429,false,,GET,https://airportgap.com/api/airports,HTTP/2.0,default,,429,,tls1.3,https://airportgap.com/api/airports,,
http_req_tls_handshaking,1784003726,0.000000,,,1429,false,,GET,https://airportgap.com/api/airports,HTTP/2.0,default,,429,,tls1.3,https://airportgap.com/api/airports,,
http_req_sending,1784003726,0.528600,,,1429,false,,GET,https://airportgap.com/api/airports,HTTP/2.0,default,,429,,tls1.3,https://airportgap.com/api/airports,,
http_req_waiting,1784003726,215.186200,,,1429,false,,GET,https://airportgap.com/api/airports,HTTP/2.0,default,,429,,tls1.3,https://airportgap.com/api/airports,,
http_req_receiving,1784003726,0.000000,,,1429,false,,GET,https://airportgap.com/api/airports,HTTP/2.0,default,,429,,tls1.3,https://airportgap.com/api/airports,,
http_req_failed,1784003726,1.000000,,,1429,false,,GET,https://airportgap.com/api/airports,HTTP/2.0,default,,429,,tls1.3,https://airportgap.com/api/airports,,
checks,1784003726,0.000000,status 200,,,,,,,,default,,,,,,,
checks,1784003726,1.000000,menos de 1000ms,,,,,,,,default,,,,,,,
vus,1784003726,10.000000,,,,,,,,,,,,,,,,
vus_max,1784003726,10.000000,,,,,,,,,,,,,,,,
http_reqs,1784003726,1.000000,,,1429,false,,GET,https://airportgap.com/api/airports,HTTP/2.0,default,,429,,tls1.3,https://airportgap.com/api/airports,,
http_req_duration,1784003726,226.516700,,,1429,false,,GET,https://airportgap.com/api/airports,HTTP/2.0,default,,429,,tls1.3,https://airportgap.com/api/airports,,
http_req_blocked,1784003726,0.000000,,,1429,false,,GET,https://airportgap.com/api/airports,HTTP/2.0,default,,429,,tls1.3,https://airportgap.com/api/airports,,
http_req_connecting,1784003726,0.000000,,,1429,false,,GET,https://airportgap.com/api/airports,HTTP/2.0,default,,429,,tls1.3,https://airportgap.com/api/airports,,
http_req_tls_handshaking,1784003726,0.000000,,,1429,false,,GET,https://airportgap.com/api/airports,HTTP/2.0,default,,429,,tls1.3,https://airportgap.com/api/airports,,
http_req_sending,1784003726,0.000000,,,1429,false,,GET,https://airportgap.com/api/airports,HTTP/2.0,default,,429,,tls1.3,https://airportgap.com/api/airports,,
http_req_waiting,1784003726,225.903700,,,1429,false,,GET,https://airportgap.com/api/airports,HTTP/2.0,default,,429,,tls1.3,https://airportgap.com/api/airports,,
http_req_receiving,1784003726,0.613000,,,1429,false,,GET,https://airportgap.com/api/airports,HTTP/2.0,default,,429,,tls1.3,https://airportgap.com/api/airports,,
http_req_failed,1784003726,1.000000,,,1429,false,,GET,https://airportgap.com/api/airports,HTTP/2.0,default,,429,,tls1.3,https://airportgap.com/api/airports,,
checks,1784003726,0.000000,status 200,,,,,,,,default,,,,,,,
checks,1784003726,1.000000,menos de 1000ms,,,,,,,,default,,,,,,,
http_reqs,1784003726,1.000000,,,1429,false,,GET,https://airportgap.com/api/airports/JFK,HTTP/2.0,default,,429,,tls1.3,https://airportgap.com/api/airports/JFK,,
http_req_duration,1784003726,215.926900,,,1429,false,,GET,https://airportgap.com/api/airports/JFK,HTTP/2.0,default,,429,,tls1.3,https://airportgap.com/api/airports/JFK,,
http_req_blocked,1784003726,0.000000,,,1429,false,,GET,https://airportgap.com/api/airports/JFK,HTTP/2.0,default,,429,,tls1.3,https://airportgap.com/api/airports/JFK,,
http_req_connecting,1784003726,0.000000,,,1429,false,,GET,https://airportgap.com/api/airports/JFK,HTTP/2.0,default,,429,,tls1.3,https://airportgap.com/api/airports/JFK,,
http_req_tls_handshaking,1784003726,0.000000,,,1429,false,,GET,https://airportgap.com/api/airports/JFK,HTTP/2.0,default,,429,,tls1.3,https://airportgap.com/api/airports/JFK,,
http_req_sending,1784003726,0.519100,,,1429,false,,GET,https://airportgap.com/api/airports/JFK,HTTP/2.0,default,,429,,tls1.3,https://airportgap.com/api/airports/JFK,,
http_req_waiting,1784003726,215.407800,,,1429,false,,GET,https://airportgap.com/api/airports/JFK,HTTP/2.0,default,,429,,tls1.3,https://airportgap.com/api/airports/JFK,,
http_req_receiving,1784003726,0.000000,,,1429,false,,GET,https://airportgap.com/api/airports/JFK,HTTP/2.0,default,,429,,tls1.3,https://airportgap.com/api/airports/JFK,,
http_req_failed,1784003726,1.000000,,,1429,false,,GET,https://airportgap.com/api/airports/JFK,HTTP/2.0,default,,429,,tls1.3,https://airportgap.com/api/airports/JFK,,
http_reqs,1784003726,1.000000,,,1429,false,,GET,https://airportgap.com/api/airports,HTTP/2.0,default,,429,,tls1.3,https://airportgap.com/api/airports,,
http_req_duration,1784003726,227.096900,,,1429,false,,GET,https://airportgap.com/api/airports,HTTP/2.0,default,,429,,tls1.3,https://airportgap.com/api/airports,,
http_req_blocked,1784003726,0.000000,,,1429,false,,GET,https://airportgap.com/api/airports,HTTP/2.0,default,,429,,tls1.3,https://airportgap.com/api/airports,,
http_req_connecting,1784003726,0.000000,,,1429,false,,GET,https://airportgap.com/api/airports,HTTP/2.0,default,,429,,tls1.3,https://airportgap.com/api/airports,,
http_req_tls_handshaking,1784003726,0.000000,,,1429,false,,GET,https://airportgap.com/api/airports,HTTP/2.0,default,,429,,tls1.3,https://airportgap.com/api/airports,,
http_req_sending,1784003726,0.000000,,,1429,false,,GET,https://airportgap.com/api/airports,HTTP/2.0,default,,429,,tls1.3,https://airportgap.com/api/airports,,
http_req_waiting,1784003726,227.096900,,,1429,false,,GET,https://airportgap.com/api/airports,HTTP/2.0,default,,429,,tls1.3,https://airportgap.com/api/airports,,
http_req_receiving,1784003726,0.000000,,,1429,false,,GET,https://airportgap.com/api/airports,HTTP/2.0,default,,429,,tls1.3,https://airportgap.com/api/airports,,
http_req_failed,1784003726,1.000000,,,1429,false,,GET,https://airportgap.com/api/airports,HTTP/2.0,default,,429,,tls1.3,https://airportgap.com/api/airports,,
checks,1784003726,0.000000,JFK status 200,,,,,,,,default,,,,,,,
http_reqs,1784003726,1.000000,,,1429,false,,GET,https://airportgap.com/api/airports,HTTP/2.0,default,,429,,tls1.3,https://airportgap.com/api/airports,,
http_req_duration,1784003726,227.096900,,,1429,false,,GET,https://airportgap.com/api/airports,HTTP/2.0,default,,429,,tls1.3,https://airportgap.com/api/airports,,
http_req_blocked,1784003726,0.000000,,,1429,false,,GET,https://airportgap.com/api/airports,HTTP/2.0,default,,429,,tls1.3,https://airportgap.com/api/airports,,
http_req_connecting,1784003726,0.000000,,,1429,false,,GET,https://airportgap.com/api/airports,HTTP/2.0,default,,429,,tls1.3,https://airportgap.com/api/airports,,
http_req_tls_handshaking,1784003726,0.000000,,,1429,false,,GET,https://airportgap.com/api/airports,HTTP/2.0,default,,429,,tls1.3,https://airportgap.com/api/airports,,
http_req_sending,1784003726,0.793200,,,1429,false,,GET,https://airportgap.com/api/airports,HTTP/2.0,default,,429,,tls1.3,https://airportgap.com/api/airports,,
http_req_waiting,1784003726,226.303700,,,1429,false,,GET,https://airportgap.com/api/airports,HTTP/2.0,default,,429,,tls1.3,https://airportgap.com/api/airports,,
http_req_receiving,1784003726,0.000000,,,1429,false,,GET,https://airportgap.com/api/airports,HTTP/2.0,default,,429,,tls1.3,https://airportgap.com/api/airports,,
http_req_failed,1784003726,1.000000,,,1429,false,,GET,https://airportgap.com/api/airports,HTTP/2.0,default,,429,,tls1.3,https://airportgap.com/api/airports,,
checks,1784003726,0.000000,status 200,,,,,,,,default,,,,,,,
http_reqs,1784003726,1.000000,,,1429,false,,GET,https://airportgap.com/api/airports,HTTP/2.0,default,,429,,tls1.3,https://airportgap.com/api/airports,,
http_req_duration,1784003726,227.587700,,,1429,false,,GET,https://airportgap.com/api/airports,HTTP/2.0,default,,429,,tls1.3,https://airportgap.com/api/airports,,
http_req_blocked,1784003726,0.000000,,,1429,false,,GET,https://airportgap.com/api/airports,HTTP/2.0,default,,429,,tls1.3,https://airportgap.com/api/airports,,
http_req_connecting,1784003726,0.000000,,,1429,false,,GET,https://airportgap.com/api/airports,HTTP/2.0,default,,429,,tls1.3,https://airportgap.com/api/airports,,
http_req_tls_handshaking,1784003726,0.000000,,,1429,false,,GET,https://airportgap.com/api/airports,HTTP/2.0,default,,429,,tls1.3,https://airportgap.com/api/airports,,
http_req_sending,1784003726,0.000000,,,1429,false,,GET,https://airportgap.com/api/airports,HTTP/2.0,default,,429,,tls1.3,https://airportgap.com/api/airports,,
http_req_waiting,1784003726,227.096900,,,1429,false,,GET,https://airportgap.com/api/airports,HTTP/2.0,default,,429,,tls1.3,https://airportgap.com/api/airports,,
http_req_receiving,1784003726,0.490800,,,1429,false,,GET,https://airportgap.com/api/airports,HTTP/2.0,default,,429,,tls1.3,https://airportgap.com/api/airports,,
http_req_failed,1784003726,1.000000,,,1429,false,,GET,https://airportgap.com/api/airports,HTTP/2.0,default,,429,,tls1.3,https://airportgap.com/api/airports,,
checks,1784003726,0.000000,status 200,,,,,,,,default,,,,,,,
checks,1784003726,1.000000,menos de 1000ms,,,,,,,,default,,,,,,,
checks,1784003726,0.000000,status 200,,,,,,,,default,,,,,,,
checks,1784003726,1.000000,menos de 1000ms,,,,,,,,default,,,,,,,
checks,1784003726,1.000000,menos de 1000ms,,,,,,,,default,,,,,,,
http_reqs,1784003726,1.000000,,,1429,false,,GET,https://airportgap.com/api/airports,HTTP/2.0,default,,429,,tls1.3,https://airportgap.com/api/airports,,
http_req_duration,1784003726,229.688700,,,1429,false,,GET,https://airportgap.com/api/airports,HTTP/2.0,default,,429,,tls1.3,https://airportgap.com/api/airports,,
http_req_blocked,1784003726,0.000000,,,1429,false,,GET,https://airportgap.com/api/airports,HTTP/2.0,default,,429,,tls1.3,https://airportgap.com/api/airports,,
http_req_connecting,1784003726,0.000000,,,1429,false,,GET,https://airportgap.com/api/airports,HTTP/2.0,default,,429,,tls1.3,https://airportgap.com/api/airports,,
http_req_tls_handshaking,1784003726,0.000000,,,1429,false,,GET,https://airportgap.com/api/airports,HTTP/2.0,default,,429,,tls1.3,https://airportgap.com/api/airports,,
http_req_sending,1784003726,0.000000,,,1429,false,,GET,https://airportgap.com/api/airports,HTTP/2.0,default,,429,,tls1.3,https://airportgap.com/api/airports,,
http_req_waiting,1784003726,229.197900,,,1429,false,,GET,https://airportgap.com/api/airports,HTTP/2.0,default,,429,,tls1.3,https://airportgap.com/api/airports,,
http_req_receiving,1784003726,0.490800,,,1429,false,,GET,https://airportgap.com/api/airports,HTTP/2.0,default,,429,,tls1.3,https://airportgap.com/api/airports,,
http_req_failed,1784003726,1.000000,,,1429,false,,GET,https://airportgap.com/api/airports,HTTP/2.0,default,,429,,tls1.3,https://airportgap.com/api/airports,,
checks,1784003726,0.000000,status 200,,,,,,,,default,,,,,,,
checks,1784003726,1.000000,menos de 1000ms,,,,,,,,default,,,,,,,
http_reqs,1784003726,1.000000,,,1429,false,,GET,https://airportgap.com/api/airports,HTTP/2.0,default,,429,,tls1.3,https://airportgap.com/api/airports,,
http_req_duration,1784003726,227.587700,,,1429,false,,GET,https://airportgap.com/api/airports,HTTP/2.0,default,,429,,tls1.3,https://airportgap.com/api/airports,,
http_req_blocked,1784003726,0.000000,,,1429,false,,GET,https://airportgap.com/api/airports,HTTP/2.0,default,,429,,tls1.3,https://airportgap.com/api/airports,,
http_req_connecting,1784003726,0.000000,,,1429,false,,GET,https://airportgap.com/api/airports,HTTP/2.0,default,,429,,tls1.3,https://airportgap.com/api/airports,,
http_req_tls_handshaking,1784003726,0.000000,,,1429,false,,GET,https://airportgap.com/api/airports,HTTP/2.0,default,,429,,tls1.3,https://airportgap.com/api/airports,,
http_req_sending,1784003726,0.000000,,,1429,false,,GET,https://airportgap.com/api/airports,HTTP/2.0,default,,429,,tls1.3,https://airportgap.com/api/airports,,
http_req_waiting,1784003726,227.587700,,,1429,false,,GET,https://airportgap.com/api/airports,HTTP/2.0,default,,429,,tls1.3,https://airportgap.com/api/airports,,
http_req_receiving,1784003726,0.000000,,,1429,false,,GET,https://airportgap.com/api/airports,HTTP/2.0,default,,429,,tls1.3,https://airportgap.com/api/airports,,
http_req_failed,1784003726,1.000000,,,1429,false,,GET,https://airportgap.com/api/airports,HTTP/2.0,default,,429,,tls1.3,https://airportgap.com/api/airports,,
checks,1784003726,0.000000,status 200,,,,,,,,default,,,,,,,
checks,1784003726,1.000000,menos de 1000ms,,,,,,,,default,,,,,,,
http_reqs,1784003726,1.000000,,,1429,false,,GET,https://airportgap.com/api/airports,HTTP/2.0,default,,429,,tls1.3,https://airportgap.com/api/airports,,
http_req_duration,1784003726,227.587700,,,1429,false,,GET,https://airportgap.com/api/airports,HTTP/2.0,default,,429,,tls1.3,https://airportgap.com/api/airports,,
http_req_blocked,1784003726,0.000000,,,1429,false,,GET,https://airportgap.com/api/airports,HTTP/2.0,default,,429,,tls1.3,https://airportgap.com/api/airports,,
http_req_connecting,1784003726,0.000000,,,1429,false,,GET,https://airportgap.com/api/airports,HTTP/2.0,default,,429,,tls1.3,https://airportgap.com/api/airports,,
http_req_tls_handshaking,1784003726,0.000000,,,1429,false,,GET,https://airportgap.com/api/airports,HTTP/2.0,default,,429,,tls1.3,https://airportgap.com/api/airports,,
http_req_sending,1784003726,0.000000,,,1429,false,,GET,https://airportgap.com/api/airports,HTTP/2.0,default,,429,,tls1.3,https://airportgap.com/api/airports,,
http_req_waiting,1784003726,227.587700,,,1429,false,,GET,https://airportgap.com/api/airports,HTTP/2.0,default,,429,,tls1.3,https://airportgap.com/api/airports,,
http_req_receiving,1784003726,0.000000,,,1429,false,,GET,https://airportgap.com/api/airports,HTTP/2.0,default,,429,,tls1.3,https://airportgap.com/api/airports,,
http_req_failed,1784003726,1.000000,,,1429,false,,GET,https://airportgap.com/api/airports,HTTP/2.0,default,,429,,tls1.3,https://airportgap.com/api/airports,,
checks,1784003726,0.000000,status 200,,,,,,,,default,,,,,,,
checks,1784003726,1.000000,menos de 1000ms,,,,,,,,default,,,,,,,
http_reqs,1784003726,1.000000,,,1429,false,,GET,https://airportgap.com/api/airports,HTTP/2.0,default,,429,,tls1.3,https://airportgap.com/api/airports,,
http_req_duration,1784003726,227.587700,,,1429,false,,GET,https://airportgap.com/api/airports,HTTP/2.0,default,,429,,tls1.3,https://airportgap.com/api/airports,,
http_req_blocked,1784003726,0.000000,,,1429,false,,GET,https://airportgap.com/api/airports,HTTP/2.0,default,,429,,tls1.3,https://airportgap.com/api/airports,,
http_req_connecting,1784003726,0.000000,,,1429,false,,GET,https://airportgap.com/api/airports,HTTP/2.0,default,,429,,tls1.3,https://airportgap.com/api/airports,,
http_req_tls_handshaking,1784003726,0.000000,,,1429,false,,GET,https://airportgap.com/api/airports,HTTP/2.0,default,,429,,tls1.3,https://airportgap.com/api/airports,,
http_req_sending,1784003726,0.000000,,,1429,false,,GET,https://airportgap.com/api/airports,HTTP/2.0,default,,429,,tls1.3,https://airportgap.com/api/airports,,
http_req_waiting,1784003726,227.587700,,,1429,false,,GET,https://airportgap.com/api/airports,HTTP/2.0,default,,429,,tls1.3,https://airportgap.com/api/airports,,
http_req_receiving,1784003726,0.000000,,,1429,false,,GET,https://airportgap.com/api/airports,HTTP/2.0,default,,429,,tls1.3,https://airportgap.com/api/airports,,
http_req_failed,1784003726,1.000000,,,1429,false,,GET,https://airportgap.com/api/airports,HTTP/2.0,default,,429,,tls1.3,https://airportgap.com/api/airports,,
checks,1784003726,0.000000,status 200,,,,,,,,default,,,,,,,
checks,1784003726,1.000000,menos de 1000ms,,,,,,,,default,,,,,,,
http_reqs,1784003727,1.000000,,,1429,false,,GET,https://airportgap.com/api/airports/JFK,HTTP/2.0,default,,429,,tls1.3,https://airportgap.com/api/airports/JFK,,
http_req_duration,1784003727,204.016200,,,1429,false,,GET,https://airportgap.com/api/airports/JFK,HTTP/2.0,default,,429,,tls1.3,https://airportgap.com/api/airports/JFK,,
http_req_blocked,1784003727,0.000000,,,1429,false,,GET,https://airportgap.com/api/airports/JFK,HTTP/2.0,default,,429,,tls1.3,https://airportgap.com/api/airports/JFK,,
http_req_connecting,1784003727,0.000000,,,1429,false,,GET,https://airportgap.com/api/airports/JFK,HTTP/2.0,default,,429,,tls1.3,https://airportgap.com/api/airports/JFK,,
http_req_tls_handshaking,1784003727,0.000000,,,1429,false,,GET,https://airportgap.com/api/airports/JFK,HTTP/2.0,default,,429,,tls1.3,https://airportgap.com/api/airports/JFK,,
http_req_sending,1784003727,0.580200,,,1429,false,,GET,https://airportgap.com/api/airports/JFK,HTTP/2.0,default,,429,,tls1.3,https://airportgap.com/api/airports/JFK,,
http_req_waiting,1784003727,203.436000,,,1429,false,,GET,https://airportgap.com/api/airports/JFK,HTTP/2.0,default,,429,,tls1.3,https://airportgap.com/api/airports/JFK,,
http_req_receiving,1784003727,0.000000,,,1429,false,,GET,https://airportgap.com/api/airports/JFK,HTTP/2.0,default,,429,,tls1.3,https://airportgap.com/api/airports/JFK,,
http_req_failed,1784003727,1.000000,,,1429,false,,GET,https://airportgap.com/api/airports/JFK,HTTP/2.0,default,,429,,tls1.3,https://airportgap.com/api/airports/JFK,,
http_reqs,1784003727,1.000000,,,1429,false,,GET,https://airportgap.com/api/airports/JFK,HTTP/2.0,default,,429,,tls1.3,https://airportgap.com/api/airports/JFK,,
http_req_duration,1784003727,202.945200,,,1429,false,,GET,https://airportgap.com/api/airports/JFK,HTTP/2.0,default,,429,,tls1.3,https://airportgap.com/api/airports/JFK,,
http_req_blocked,1784003727,0.000000,,,1429,false,,GET,https://airportgap.com/api/airports/JFK,HTTP/2.0,default,,429,,tls1.3,https://airportgap.com/api/airports/JFK,,
http_req_connecting,1784003727,0.000000,,,1429,false,,GET,https://airportgap.com/api/airports/JFK,HTTP/2.0,default,,429,,tls1.3,https://airportgap.com/api/airports/JFK,,
http_req_tls_handshaking,1784003727,0.000000,,,1429,false,,GET,https://airportgap.com/api/airports/JFK,HTTP/2.0,default,,429,,tls1.3,https://airportgap.com/api/airports/JFK,,
http_req_sending,1784003727,0.000000,,,1429,false,,GET,https://airportgap.com/api/airports/JFK,HTTP/2.0,default,,429,,tls1.3,https://airportgap.com/api/airports/JFK,,
http_req_waiting,1784003727,202.945200,,,1429,false,,GET,https://airportgap.com/api/airports/JFK,HTTP/2.0,default,,429,,tls1.3,https://airportgap.com/api/airports/JFK,,
http_req_receiving,1784003727,0.000000,,,1429,false,,GET,https://airportgap.com/api/airports/JFK,HTTP/2.0,default,,429,,tls1.3,https://airportgap.com/api/airports/JFK,,
http_req_failed,1784003727,1.000000,,,1429,false,,GET,https://airportgap.com/api/airports/JFK,HTTP/2.0,default,,429,,tls1.3,https://airportgap.com/api/airports/JFK,,
http_reqs,1784003727,1.000000,,,1429,false,,GET,https://airportgap.com/api/airports/JFK,HTTP/2.0,default,,429,,tls1.3,https://airportgap.com/api/airports/JFK,,
http_req_duration,1784003727,202.945200,,,1429,false,,GET,https://airportgap.com/api/airports/JFK,HTTP/2.0,default,,429,,tls1.3,https://airportgap.com/api/airports/JFK,,
http_req_blocked,1784003727,0.000000,,,1429,false,,GET,https://airportgap.com/api/airports/JFK,HTTP/2.0,default,,429,,tls1.3,https://airportgap.com/api/airports/JFK,,
http_req_connecting,1784003727,0.000000,,,1429,false,,GET,https://airportgap.com/api/airports/JFK,HTTP/2.0,default,,429,,tls1.3,https://airportgap.com/api/airports/JFK,,
http_req_tls_handshaking,1784003727,0.000000,,,1429,false,,GET,https://airportgap.com/api/airports/JFK,HTTP/2.0,default,,429,,tls1.3,https://airportgap.com/api/airports/JFK,,
http_req_sending,1784003727,0.000000,,,1429,false,,GET,https://airportgap.com/api/airports/JFK,HTTP/2.0,default,,429,,tls1.3,https://airportgap.com/api/airports/JFK,,
http_req_waiting,1784003727,202.945200,,,1429,false,,GET,https://airportgap.com/api/airports/JFK,HTTP/2.0,default,,429,,tls1.3,https://airportgap.com/api/airports/JFK,,
http_req_receiving,1784003727,0.000000,,,1429,false,,GET,https://airportgap.com/api/airports/JFK,HTTP/2.0,default,,429,,tls1.3,https://airportgap.com/api/airports/JFK,,
http_req_failed,1784003727,1.000000,,,1429,false,,GET,https://airportgap.com/api/airports/JFK,HTTP/2.0,default,,429,,tls1.3,https://airportgap.com/api/airports/JFK,,
checks,1784003727,0.000000,JFK status 200,,,,,,,,default,,,,,,,
checks,1784003727,0.000000,JFK status 200,,,,,,,,default,,,,,,,
http_reqs,1784003727,1.000000,,,1429,false,,GET,https://airportgap.com/api/airports/JFK,HTTP/2.0,default,,429,,tls1.3,https://airportgap.com/api/airports/JFK,,
http_req_duration,1784003727,203.565800,,,1429,false,,GET,https://airportgap.com/api/airports/JFK,HTTP/2.0,default,,429,,tls1.3,https://airportgap.com/api/airports/JFK,,
http_req_blocked,1784003727,0.000000,,,1429,false,,GET,https://airportgap.com/api/airports/JFK,HTTP/2.0,default,,429,,tls1.3,https://airportgap.com/api/airports/JFK,,
http_req_connecting,1784003727,0.000000,,,1429,false,,GET,https://airportgap.com/api/airports/JFK,HTTP/2.0,default,,429,,tls1.3,https://airportgap.com/api/airports/JFK,,
http_req_tls_handshaking,1784003727,0.000000,,,1429,false,,GET,https://airportgap.com/api/airports/JFK,HTTP/2.0,default,,429,,tls1.3,https://airportgap.com/api/airports/JFK,,
http_req_sending,1784003727,0.000000,,,1429,false,,GET,https://airportgap.com/api/airports/JFK,HTTP/2.0,default,,429,,tls1.3,https://airportgap.com/api/airports/JFK,,
http_req_waiting,1784003727,203.565800,,,1429,false,,GET,https://airportgap.com/api/airports/JFK,HTTP/2.0,default,,429,,tls1.3,https://airportgap.com/api/airports/JFK,,
http_req_receiving,1784003727,0.000000,,,1429,false,,GET,https://airportgap.com/api/airports/JFK,HTTP/2.0,default,,429,,tls1.3,https://airportgap.com/api/airports/JFK,,
http_req_failed,1784003727,1.000000,,,1429,false,,GET,https://airportgap.com/api/airports/JFK,HTTP/2.0,default,,429,,tls1.3,https://airportgap.com/api/airports/JFK,,
checks,1784003727,0.000000,JFK status 200,,,,,,,,default,,,,,,,
http_reqs,1784003727,1.000000,,,1429,false,,GET,https://airportgap.com/api/airports/JFK,HTTP/2.0,default,,429,,tls1.3,https://airportgap.com/api/airports/JFK,,
http_req_duration,1784003727,203.565800,,,1429,false,,GET,https://airportgap.com/api/airports/JFK,HTTP/2.0,default,,429,,tls1.3,https://airportgap.com/api/airports/JFK,,
http_req_blocked,1784003727,0.000000,,,1429,false,,GET,https://airportgap.com/api/airports/JFK,HTTP/2.0,default,,429,,tls1.3,https://airportgap.com/api/airports/JFK,,
http_req_connecting,1784003727,0.000000,,,1429,false,,GET,https://airportgap.com/api/airports/JFK,HTTP/2.0,default,,429,,tls1.3,https://airportgap.com/api/airports/JFK,,
http_req_tls_handshaking,1784003727,0.000000,,,1429,false,,GET,https://airportgap.com/api/airports/JFK,HTTP/2.0,default,,429,,tls1.3,https://airportgap.com/api/airports/JFK,,
http_req_sending,1784003727,0.000000,,,1429,false,,GET,https://airportgap.com/api/airports/JFK,HTTP/2.0,default,,429,,tls1.3,https://airportgap.com/api/airports/JFK,,
http_req_waiting,1784003727,202.945200,,,1429,false,,GET,https://airportgap.com/api/airports/JFK,HTTP/2.0,default,,429,,tls1.3,https://airportgap.com/api/airports/JFK,,
http_req_receiving,1784003727,0.620600,,,1429,false,,GET,https://airportgap.com/api/airports/JFK,HTTP/2.0,default,,429,,tls1.3,https://airportgap.com/api/airports/JFK,,
http_req_failed,1784003727,1.000000,,,1429,false,,GET,https://airportgap.com/api/airports/JFK,HTTP/2.0,default,,429,,tls1.3,https://airportgap.com/api/airports/JFK,,
http_reqs,1784003727,1.000000,,,1429,false,,GET,https://airportgap.com/api/airports/JFK,HTTP/2.0,default,,429,,tls1.3,https://airportgap.com/api/airports/JFK,,
http_req_duration,1784003727,203.565800,,,1429,false,,GET,https://airportgap.com/api/airports/JFK,HTTP/2.0,default,,429,,tls1.3,https://airportgap.com/api/airports/JFK,,
http_req_blocked,1784003727,0.000000,,,1429,false,,GET,https://airportgap.com/api/airports/JFK,HTTP/2.0,default,,429,,tls1.3,https://airportgap.com/api/airports/JFK,,
http_req_connecting,1784003727,0.000000,,,1429,false,,GET,https://airportgap.com/api/airports/JFK,HTTP/2.0,default,,429,,tls1.3,https://airportgap.com/api/airports/JFK,,
http_req_tls_handshaking,1784003727,0.000000,,,1429,false,,GET,https://airportgap.com/api/airports/JFK,HTTP/2.0,default,,429,,tls1.3,https://airportgap.com/api/airports/JFK,,
http_req_sending,1784003727,0.000000,,,1429,false,,GET,https://airportgap.com/api/airports/JFK,HTTP/2.0,default,,429,,tls1.3,https://airportgap.com/api/airports/JFK,,
http_req_waiting,1784003727,202.945200,,,1429,false,,GET,https://airportgap.com/api/airports/JFK,HTTP/2.0,default,,429,,tls1.3,https://airportgap.com/api/airports/JFK,,
http_req_receiving,1784003727,0.620600,,,1429,false,,GET,https://airportgap.com/api/airports/JFK,HTTP/2.0,default,,429,,tls1.3,https://airportgap.com/api/airports/JFK,,
http_req_failed,1784003727,1.000000,,,1429,false,,GET,https://airportgap.com/api/airports/JFK,HTTP/2.0,default,,429,,tls1.3,https://airportgap.com/api/airports/JFK,,
checks,1784003727,0.000000,JFK status 200,,,,,,,,default,,,,,,,
checks,1784003727,0.000000,JFK status 200,,,,,,,,default,,,,,,,
http_reqs,1784003727,1.000000,,,1429,false,,GET,https://airportgap.com/api/airports/JFK,HTTP/2.0,default,,429,,tls1.3,https://airportgap.com/api/airports/JFK,,
http_req_duration,1784003727,203.565800,,,1429,false,,GET,https://airportgap.com/api/airports/JFK,HTTP/2.0,default,,429,,tls1.3,https://airportgap.com/api/airports/JFK,,
http_req_blocked,1784003727,0.000000,,,1429,false,,GET,https://airportgap.com/api/airports/JFK,HTTP/2.0,default,,429,,tls1.3,https://airportgap.com/api/airports/JFK,,
http_req_connecting,1784003727,0.000000,,,1429,false,,GET,https://airportgap.com/api/airports/JFK,HTTP/2.0,default,,429,,tls1.3,https://airportgap.com/api/airports/JFK,,
http_req_tls_handshaking,1784003727,0.000000,,,1429,false,,GET,https://airportgap.com/api/airports/JFK,HTTP/2.0,default,,429,,tls1.3,https://airportgap.com/api/airports/JFK,,
http_req_sending,1784003727,0.000000,,,1429,false,,GET,https://airportgap.com/api/airports/JFK,HTTP/2.0,default,,429,,tls1.3,https://airportgap.com/api/airports/JFK,,
http_req_waiting,1784003727,203.565800,,,1429,false,,GET,https://airportgap.com/api/airports/JFK,HTTP/2.0,default,,429,,tls1.3,https://airportgap.com/api/airports/JFK,,
http_req_receiving,1784003727,0.000000,,,1429,false,,GET,https://airportgap.com/api/airports/JFK,HTTP/2.0,default,,429,,tls1.3,https://airportgap.com/api/airports/JFK,,
http_req_failed,1784003727,1.000000,,,1429,false,,GET,https://airportgap.com/api/airports/JFK,HTTP/2.0,default,,429,,tls1.3,https://airportgap.com/api/airports/JFK,,
checks,1784003727,0.000000,JFK status 200,,,,,,,,default,,,,,,,
checks,1784003727,0.000000,JFK status 200,,,,,,,,default,,,,,,,
http_reqs,1784003727,1.000000,,,1429,false,,GET,https://airportgap.com/api/airports/JFK,HTTP/2.0,default,,429,,tls1.3,https://airportgap.com/api/airports/JFK,,
http_req_duration,1784003727,203.565800,,,1429,false,,GET,https://airportgap.com/api/airports/JFK,HTTP/2.0,default,,429,,tls1.3,https://airportgap.com/api/airports/JFK,,
http_req_blocked,1784003727,0.000000,,,1429,false,,GET,https://airportgap.com/api/airports/JFK,HTTP/2.0,default,,429,,tls1.3,https://airportgap.com/api/airports/JFK,,
http_req_connecting,1784003727,0.000000,,,1429,false,,GET,https://airportgap.com/api/airports/JFK,HTTP/2.0,default,,429,,tls1.3,https://airportgap.com/api/airports/JFK,,
http_req_tls_handshaking,1784003727,0.000000,,,1429,false,,GET,https://airportgap.com/api/airports/JFK,HTTP/2.0,default,,429,,tls1.3,https://airportgap.com/api/airports/JFK,,
http_req_sending,1784003727,1.129900,,,1429,false,,GET,https://airportgap.com/api/airports/JFK,HTTP/2.0,default,,429,,tls1.3,https://airportgap.com/api/airports/JFK,,
http_req_waiting,1784003727,202.435900,,,1429,false,,GET,https://airportgap.com/api/airports/JFK,HTTP/2.0,default,,429,,tls1.3,https://airportgap.com/api/airports/JFK,,
http_req_receiving,1784003727,0.000000,,,1429,false,,GET,https://airportgap.com/api/airports/JFK,HTTP/2.0,default,,429,,tls1.3,https://airportgap.com/api/airports/JFK,,
http_req_failed,1784003727,1.000000,,,1429,false,,GET,https://airportgap.com/api/airports/JFK,HTTP/2.0,default,,429,,tls1.3,https://airportgap.com/api/airports/JFK,,
checks,1784003727,0.000000,JFK status 200,,,,,,,,default,,,,,,,
data_sent,1784003727,72.000000,,,,,,,,,default,,,,,,,
data_received,1784003727,263.000000,,,,,,,,,default,,,,,,,
iteration_duration,1784003727,1435.183400,,,,,,,,,default,,,,,,,
iterations,1784003727,1.000000,,,,,,,,,default,,,,,,,
vus,1784003727,10.000000,,,,,,,,,,,,,,,,
vus_max,1784003727,10.000000,,,,,,,,,,,,,,,,
data_sent,1784003727,72.000000,,,,,,,,,default,,,,,,,
data_received,1784003727,263.000000,,,,,,,,,default,,,,,,,
iteration_duration,1784003727,1431.969500,,,,,,,,,default,,,,,,,
iterations,1784003727,1.000000,,,,,,,,,default,,,,,,,
http_reqs,1784003727,1.000000,,,1429,false,,GET,https://airportgap.com/api/airports,HTTP/2.0,default,,429,,tls1.3,https://airportgap.com/api/airports,,
http_req_duration,1784003727,228.875500,,,1429,false,,GET,https://airportgap.com/api/airports,HTTP/2.0,default,,429,,tls1.3,https://airportgap.com/api/airports,,
http_req_blocked,1784003727,0.000000,,,1429,false,,GET,https://airportgap.com/api/airports,HTTP/2.0,default,,429,,tls1.3,https://airportgap.com/api/airports,,
http_req_connecting,1784003727,0.000000,,,1429,false,,GET,https://airportgap.com/api/airports,HTTP/2.0,default,,429,,tls1.3,https://airportgap.com/api/airports,,
http_req_tls_handshaking,1784003727,0.000000,,,1429,false,,GET,https://airportgap.com/api/airports,HTTP/2.0,default,,429,,tls1.3,https://airportgap.com/api/airports,,
http_req_sending,1784003727,0.660400,,,1429,false,,GET,https://airportgap.com/api/airports,HTTP/2.0,default,,429,,tls1.3,https://airportgap.com/api/airports,,
http_req_waiting,1784003727,227.427200,,,1429,false,,GET,https://airportgap.com/api/airports,HTTP/2.0,default,,429,,tls1.3,https://airportgap.com/api/airports,,
http_req_receiving,1784003727,0.787900,,,1429,false,,GET,https://airportgap.com/api/airports,HTTP/2.0,default,,429,,tls1.3,https://airportgap.com/api/airports,,
http_req_failed,1784003727,1.000000,,,1429,false,,GET,https://airportgap.com/api/airports,HTTP/2.0,default,,429,,tls1.3,https://airportgap.com/api/airports,,
checks,1784003727,0.000000,status 200,,,,,,,,default,,,,,,,
checks,1784003727,1.000000,menos de 1000ms,,,,,,,,default,,,,,,,
data_sent,1784003728,72.000000,,,,,,,,,default,,,,,,,
data_received,1784003728,285.000000,,,,,,,,,default,,,,,,,
iteration_duration,1784003728,1431.582400,,,,,,,,,default,,,,,,,
iterations,1784003728,1.000000,,,,,,,,,default,,,,,,,
data_sent,1784003728,72.000000,,,,,,,,,default,,,,,,,
data_received,1784003728,286.000000,,,,,,,,,default,,,,,,,
iteration_duration,1784003728,1431.582400,,,,,,,,,default,,,,,,,
iterations,1784003728,1.000000,,,,,,,,,default,,,,,,,
data_sent,1784003728,72.000000,,,,,,,,,default,,,,,,,
data_received,1784003728,286.000000,,,,,,,,,default,,,,,,,
iteration_duration,1784003728,1431.582400,,,,,,,,,default,,,,,,,
iterations,1784003728,1.000000,,,,,,,,,default,,,,,,,
data_sent,1784003728,72.000000,,,,,,,,,default,,,,,,,
data_received,1784003728,286.000000,,,,,,,,,default,,,,,,,
iteration_duration,1784003728,1434.126800,,,,,,,,,default,,,,,,,
iterations,1784003728,1.000000,,,,,,,,,default,,,,,,,
data_sent,1784003728,72.000000,,,,,,,,,default,,,,,,,
data_received,1784003728,287.000000,,,,,,,,,default,,,,,,,
iteration_duration,1784003728,1432.025800,,,,,,,,,default,,,,,,,
iterations,1784003728,1.000000,,,,,,,,,default,,,,,,,
data_sent,1784003728,72.000000,,,,,,,,,default,,,,,,,
data_received,1784003728,286.000000,,,,,,,,,default,,,,,,,
iteration_duration,1784003728,1432.025800,,,,,,,,,default,,,,,,,
iterations,1784003728,1.000000,,,,,,,,,default,,,,,,,
data_sent,1784003728,72.000000,,,,,,,,,default,,,,,,,
data_received,1784003728,286.000000,,,,,,,,,default,,,,,,,
iteration_duration,1784003728,1432.025800,,,,,,,,,default,,,,,,,
iterations,1784003728,1.000000,,,,,,,,,default,,,,,,,
data_sent,1784003728,72.000000,,,,,,,,,default,,,,,,,
data_received,1784003728,286.000000,,,,,,,,,default,,,,,,,
iteration_duration,1784003728,1432.025800,,,,,,,,,default,,,,,,,
iterations,1784003728,1.000000,,,,,,,,,default,,,,,,,
http_reqs,1784003728,1.000000,,,1429,false,,GET,https://airportgap.com/api/airports,HTTP/2.0,default,,429,,tls1.3,https://airportgap.com/api/airports,,
http_req_duration,1784003728,215.456500,,,1429,false,,GET,https://airportgap.com/api/airports,HTTP/2.0,default,,429,,tls1.3,https://airportgap.com/api/airports,,
http_req_blocked,1784003728,0.000000,,,1429,false,,GET,https://airportgap.com/api/airports,HTTP/2.0,default,,429,,tls1.3,https://airportgap.com/api/airports,,
http_req_connecting,1784003728,0.000000,,,1429,false,,GET,https://airportgap.com/api/airports,HTTP/2.0,default,,429,,tls1.3,https://airportgap.com/api/airports,,
http_req_tls_handshaking,1784003728,0.000000,,,1429,false,,GET,https://airportgap.com/api/airports,HTTP/2.0,default,,429,,tls1.3,https://airportgap.com/api/airports,,
http_req_sending,1784003728,0.428900,,,1429,false,,GET,https://airportgap.com/api/airports,HTTP/2.0,default,,429,,tls1.3,https://airportgap.com/api/airports,,
http_req_waiting,1784003728,215.027600,,,1429,false,,GET,https://airportgap.com/api/airports,HTTP/2.0,default,,429,,tls1.3,https://airportgap.com/api/airports,,
http_req_receiving,1784003728,0.000000,,,1429,false,,GET,https://airportgap.com/api/airports,HTTP/2.0,default,,429,,tls1.3,https://airportgap.com/api/airports,,
http_req_failed,1784003728,1.000000,,,1429,false,,GET,https://airportgap.com/api/airports,HTTP/2.0,default,,429,,tls1.3,https://airportgap.com/api/airports,,
http_reqs,1784003728,1.000000,,,1429,false,,GET,https://airportgap.com/api/airports/JFK,HTTP/2.0,default,,429,,tls1.3,https://airportgap.com/api/airports/JFK,,
http_req_duration,1784003728,201.918900,,,1429,false,,GET,https://airportgap.com/api/airports/JFK,HTTP/2.0,default,,429,,tls1.3,https://airportgap.com/api/airports/JFK,,
http_req_blocked,1784003728,0.000000,,,1429,false,,GET,https://airportgap.com/api/airports/JFK,HTTP/2.0,default,,429,,tls1.3,https://airportgap.com/api/airports/JFK,,
http_req_connecting,1784003728,0.000000,,,1429,false,,GET,https://airportgap.com/api/airports/JFK,HTTP/2.0,default,,429,,tls1.3,https://airportgap.com/api/airports/JFK,,
http_req_tls_handshaking,1784003728,0.000000,,,1429,false,,GET,https://airportgap.com/api/airports/JFK,HTTP/2.0,default,,429,,tls1.3,https://airportgap.com/api/airports/JFK,,
http_req_sending,1784003728,0.000000,,,1429,false,,GET,https://airportgap.com/api/airports/JFK,HTTP/2.0,default,,429,,tls1.3,https://airportgap.com/api/airports/JFK,,
http_req_waiting,1784003728,201.918900,,,1429,false,,GET,https://airportgap.com/api/airports/JFK,HTTP/2.0,default,,429,,tls1.3,https://airportgap.com/api/airports/JFK,,
http_req_receiving,1784003728,0.000000,,,1429,false,,GET,https://airportgap.com/api/airports/JFK,HTTP/2.0,default,,429,,tls1.3,https://airportgap.com/api/airports/JFK,,
http_req_failed,1784003728,1.000000,,,1429,false,,GET,https://airportgap.com/api/airports/JFK,HTTP/2.0,default,,429,,tls1.3,https://airportgap.com/api/airports/JFK,,
checks,1784003728,0.000000,status 200,,,,,,,,default,,,,,,,
checks,1784003728,1.000000,menos de 1000ms,,,,,,,,default,,,,,,,
checks,1784003728,0.000000,JFK status 200,,,,,,,,default,,,,,,,
http_reqs,1784003728,1.000000,,,1429,false,,GET,https://airportgap.com/api/airports,HTTP/2.0,default,,429,,tls1.3,https://airportgap.com/api/airports,,
http_req_duration,1784003728,229.111700,,,1429,false,,GET,https://airportgap.com/api/airports,HTTP/2.0,default,,429,,tls1.3,https://airportgap.com/api/airports,,
http_req_blocked,1784003728,0.000000,,,1429,false,,GET,https://airportgap.com/api/airports,HTTP/2.0,default,,429,,tls1.3,https://airportgap.com/api/airports,,
http_req_connecting,1784003728,0.000000,,,1429,false,,GET,https://airportgap.com/api/airports,HTTP/2.0,default,,429,,tls1.3,https://airportgap.com/api/airports,,
http_req_tls_handshaking,1784003728,0.000000,,,1429,false,,GET,https://airportgap.com/api/airports,HTTP/2.0,default,,429,,tls1.3,https://airportgap.com/api/airports,,
http_req_sending,1784003728,0.000000,,,1429,false,,GET,https://airportgap.com/api/airports,HTTP/2.0,default,,429,,tls1.3,https://airportgap.com/api/airports,,
http_req_waiting,1784003728,228.462500,,,1429,false,,GET,https://airportgap.com/api/airports,HTTP/2.0,default,,429,,tls1.3,https://airportgap.com/api/airports,,
http_req_receiving,1784003728,0.649200,,,1429,false,,GET,https://airportgap.com/api/airports,HTTP/2.0,default,,429,,tls1.3,https://airportgap.com/api/airports,,
http_req_failed,1784003728,1.000000,,,1429,false,,GET,https://airportgap.com/api/airports,HTTP/2.0,default,,429,,tls1.3,https://airportgap.com/api/airports,,
http_reqs,1784003728,1.000000,,,1429,false,,GET,https://airportgap.com/api/airports/JFK,HTTP/2.0,default,,429,,tls1.3,https://airportgap.com/api/airports/JFK,,
http_req_duration,1784003728,217.459300,,,1429,false,,GET,https://airportgap.com/api/airports/JFK,HTTP/2.0,default,,429,,tls1.3,https://airportgap.com/api/airports/JFK,,
http_req_blocked,1784003728,0.000000,,,1429,false,,GET,https://airportgap.com/api/airports/JFK,HTTP/2.0,default,,429,,tls1.3,https://airportgap.com/api/airports/JFK,,
http_req_connecting,1784003728,0.000000,,,1429,false,,GET,https://airportgap.com/api/airports/JFK,HTTP/2.0,default,,429,,tls1.3,https://airportgap.com/api/airports/JFK,,
http_req_tls_handshaking,1784003728,0.000000,,,1429,false,,GET,https://airportgap.com/api/airports/JFK,HTTP/2.0,default,,429,,tls1.3,https://airportgap.com/api/airports/JFK,,
http_req_sending,1784003728,0.000000,,,1429,false,,GET,https://airportgap.com/api/airports/JFK,HTTP/2.0,default,,429,,tls1.3,https://airportgap.com/api/airports/JFK,,
http_req_waiting,1784003728,216.810100,,,1429,false,,GET,https://airportgap.com/api/airports/JFK,HTTP/2.0,default,,429,,tls1.3,https://airportgap.com/api/airports/JFK,,
http_req_receiving,1784003728,0.649200,,,1429,false,,GET,https://airportgap.com/api/airports/JFK,HTTP/2.0,default,,429,,tls1.3,https://airportgap.com/api/airports/JFK,,
http_req_failed,1784003728,1.000000,,,1429,false,,GET,https://airportgap.com/api/airports/JFK,HTTP/2.0,default,,429,,tls1.3,https://airportgap.com/api/airports/JFK,,
checks,1784003728,0.000000,status 200,,,,,,,,default,,,,,,,
checks,1784003728,1.000000,menos de 1000ms,,,,,,,,default,,,,,,,
http_reqs,1784003728,1.000000,,,1429,false,,GET,https://airportgap.com/api/airports,HTTP/2.0,default,,429,,tls1.3,https://airportgap.com/api/airports,,
http_req_duration,1784003728,229.929200,,,1429,false,,GET,https://airportgap.com/api/airports,HTTP/2.0,default,,429,,tls1.3,https://airportgap.com/api/airports,,
http_req_blocked,1784003728,0.000000,,,1429,false,,GET,https://airportgap.com/api/airports,HTTP/2.0,default,,429,,tls1.3,https://airportgap.com/api/airports,,
http_req_connecting,1784003728,0.000000,,,1429,false,,GET,https://airportgap.com/api/airports,HTTP/2.0,default,,429,,tls1.3,https://airportgap.com/api/airports,,
http_req_tls_handshaking,1784003728,0.000000,,,1429,false,,GET,https://airportgap.com/api/airports,HTTP/2.0,default,,429,,tls1.3,https://airportgap.com/api/airports,,
http_req_sending,1784003728,0.443400,,,1429,false,,GET,https://airportgap.com/api/airports,HTTP/2.0,default,,429,,tls1.3,https://airportgap.com/api/airports,,
http_req_waiting,1784003728,229.111700,,,1429,false,,GET,https://airportgap.com/api/airports,HTTP/2.0,default,,429,,tls1.3,https://airportgap.com/api/airports,,
http_req_receiving,1784003728,0.374100,,,1429,false,,GET,https://airportgap.com/api/airports,HTTP/2.0,default,,429,,tls1.3,https://airportgap.com/api/airports,,
http_req_failed,1784003728,1.000000,,,1429,false,,GET,https://airportgap.com/api/airports,HTTP/2.0,default,,429,,tls1.3,https://airportgap.com/api/airports,,
checks,1784003728,0.000000,JFK status 200,,,,,,,,default,,,,,,,
checks,1784003728,0.000000,status 200,,,,,,,,default,,,,,,,
http_reqs,1784003728,1.000000,,,1429,false,,GET,https://airportgap.com/api/airports,HTTP/2.0,default,,429,,tls1.3,https://airportgap.com/api/airports,,
http_req_duration,1784003728,229.485800,,,1429,false,,GET,https://airportgap.com/api/airports,HTTP/2.0,default,,429,,tls1.3,https://airportgap.com/api/airports,,
http_req_blocked,1784003728,0.000000,,,1429,false,,GET,https://airportgap.com/api/airports,HTTP/2.0,default,,429,,tls1.3,https://airportgap.com/api/airports,,
http_req_connecting,1784003728,0.000000,,,1429,false,,GET,https://airportgap.com/api/airports,HTTP/2.0,default,,429,,tls1.3,https://airportgap.com/api/airports,,
http_req_tls_handshaking,1784003728,0.000000,,,1429,false,,GET,https://airportgap.com/api/airports,HTTP/2.0,default,,429,,tls1.3,https://airportgap.com/api/airports,,
http_req_sending,1784003728,0.000000,,,1429,false,,GET,https://airportgap.com/api/airports,HTTP/2.0,default,,429,,tls1.3,https://airportgap.com/api/airports,,
http_req_waiting,1784003728,229.111700,,,1429,false,,GET,https://airportgap.com/api/airports,HTTP/2.0,default,,429,,tls1.3,https://airportgap.com/api/airports,,
http_req_receiving,1784003728,0.374100,,,1429,false,,GET,https://airportgap.com/api/airports,HTTP/2.0,default,,429,,tls1.3,https://airportgap.com/api/airports,,
http_req_failed,1784003728,1.000000,,,1429,false,,GET,https://airportgap.com/api/airports,HTTP/2.0,default,,429,,tls1.3,https://airportgap.com/api/airports,,
checks,1784003728,1.000000,menos de 1000ms,,,,,,,,default,,,,,,,
http_reqs,1784003728,1.000000,,,1429,false,,GET,https://airportgap.com/api/airports,HTTP/2.0,default,,429,,tls1.3,https://airportgap.com/api/airports,,
http_req_duration,1784003728,229.485800,,,1429,false,,GET,https://airportgap.com/api/airports,HTTP/2.0,default,,429,,tls1.3,https://airportgap.com/api/airports,,
http_req_blocked,1784003728,0.000000,,,1429,false,,GET,https://airportgap.com/api/airports,HTTP/2.0,default,,429,,tls1.3,https://airportgap.com/api/airports,,
http_req_connecting,1784003728,0.000000,,,1429,false,,GET,https://airportgap.com/api/airports,HTTP/2.0,default,,429,,tls1.3,https://airportgap.com/api/airports,,
http_req_tls_handshaking,1784003728,0.000000,,,1429,false,,GET,https://airportgap.com/api/airports,HTTP/2.0,default,,429,,tls1.3,https://airportgap.com/api/airports,,
http_req_sending,1784003728,0.000000,,,1429,false,,GET,https://airportgap.com/api/airports,HTTP/2.0,default,,429,,tls1.3,https://airportgap.com/api/airports,,
http_req_waiting,1784003728,229.485800,,,1429,false,,GET,https://airportgap.com/api/airports,HTTP/2.0,default,,429,,tls1.3,https://airportgap.com/api/airports,,
http_req_receiving,1784003728,0.000000,,,1429,false,,GET,https://airportgap.com/api/airports,HTTP/2.0,default,,429,,tls1.3,https://airportgap.com/api/airports,,
http_req_failed,1784003728,1.000000,,,1429,false,,GET,https://airportgap.com/api/airports,HTTP/2.0,default,,429,,tls1.3,https://airportgap.com/api/airports,,
http_reqs,1784003728,1.000000,,,1429,false,,GET,https://airportgap.com/api/airports,HTTP/2.0,default,,429,,tls1.3,https://airportgap.com/api/airports,,
http_req_duration,1784003728,229.485800,,,1429,false,,GET,https://airportgap.com/api/airports,HTTP/2.0,default,,429,,tls1.3,https://airportgap.com/api/airports,,
http_req_blocked,1784003728,0.000000,,,1429,false,,GET,https://airportgap.com/api/airports,HTTP/2.0,default,,429,,tls1.3,https://airportgap.com/api/airports,,
http_req_connecting,1784003728,0.000000,,,1429,false,,GET,https://airportgap.com/api/airports,HTTP/2.0,default,,429,,tls1.3,https://airportgap.com/api/airports,,
http_req_tls_handshaking,1784003728,0.000000,,,1429,false,,GET,https://airportgap.com/api/airports,HTTP/2.0,default,,429,,tls1.3,https://airportgap.com/api/airports,,
http_req_sending,1784003728,0.000000,,,1429,false,,GET,https://airportgap.com/api/airports,HTTP/2.0,default,,429,,tls1.3,https://airportgap.com/api/airports,,
http_req_waiting,1784003728,229.485800,,,1429,false,,GET,https://airportgap.com/api/airports,HTTP/2.0,default,,429,,tls1.3,https://airportgap.com/api/airports,,
http_req_receiving,1784003728,0.000000,,,1429,false,,GET,https://airportgap.com/api/airports,HTTP/2.0,default,,429,,tls1.3,https://airportgap.com/api/airports,,
http_req_failed,1784003728,1.000000,,,1429,false,,GET,https://airportgap.com/api/airports,HTTP/2.0,default,,429,,tls1.3,https://airportgap.com/api/airports,,
http_reqs,1784003728,1.000000,,,1429,false,,GET,https://airportgap.com/api/airports,HTTP/2.0,default,,429,,tls1.3,https://airportgap.com/api/airports,,
http_req_duration,1784003728,229.929200,,,1429,false,,GET,https://airportgap.com/api/airports,HTTP/2.0,default,,429,,tls1.3,https://airportgap.com/api/airports,,
http_req_blocked,1784003728,0.000000,,,1429,false,,GET,https://airportgap.com/api/airports,HTTP/2.0,default,,429,,tls1.3,https://airportgap.com/api/airports,,
http_req_connecting,1784003728,0.000000,,,1429,false,,GET,https://airportgap.com/api/airports,HTTP/2.0,default,,429,,tls1.3,https://airportgap.com/api/airports,,
http_req_tls_handshaking,1784003728,0.000000,,,1429,false,,GET,https://airportgap.com/api/airports,HTTP/2.0,default,,429,,tls1.3,https://airportgap.com/api/airports,,
http_req_sending,1784003728,0.443400,,,1429,false,,GET,https://airportgap.com/api/airports,HTTP/2.0,default,,429,,tls1.3,https://airportgap.com/api/airports,,
http_req_waiting,1784003728,229.485800,,,1429,false,,GET,https://airportgap.com/api/airports,HTTP/2.0,default,,429,,tls1.3,https://airportgap.com/api/airports,,
http_req_receiving,1784003728,0.000000,,,1429,false,,GET,https://airportgap.com/api/airports,HTTP/2.0,default,,429,,tls1.3,https://airportgap.com/api/airports,,
http_req_failed,1784003728,1.000000,,,1429,false,,GET,https://airportgap.com/api/airports,HTTP/2.0,default,,429,,tls1.3,https://airportgap.com/api/airports,,
checks,1784003728,0.000000,status 200,,,,,,,,default,,,,,,,
checks,1784003728,1.000000,menos de 1000ms,,,,,,,,default,,,,,,,
checks,1784003728,0.000000,status 200,,,,,,,,default,,,,,,,
checks,1784003728,1.000000,menos de 1000ms,,,,,,,,default,,,,,,,
checks,1784003728,0.000000,status 200,,,,,,,,default,,,,,,,
checks,1784003728,1.000000,menos de 1000ms,,,,,,,,default,,,,,,,
checks,1784003728,0.000000,status 200,,,,,,,,default,,,,,,,
checks,1784003728,1.000000,menos de 1000ms,,,,,,,,default,,,,,,,
http_reqs,1784003728,1.000000,,,1429,false,,GET,https://airportgap.com/api/airports,HTTP/2.0,default,,429,,tls1.3,https://airportgap.com/api/airports,,
http_req_duration,1784003728,229.485800,,,1429,false,,GET,https://airportgap.com/api/airports,HTTP/2.0,default,,429,,tls1.3,https://airportgap.com/api/airports,,
http_req_blocked,1784003728,0.000000,,,1429,false,,GET,https://airportgap.com/api/airports,HTTP/2.0,default,,429,,tls1.3,https://airportgap.com/api/airports,,
http_req_connecting,1784003728,0.000000,,,1429,false,,GET,https://airportgap.com/api/airports,HTTP/2.0,default,,429,,tls1.3,https://airportgap.com/api/airports,,
http_req_tls_handshaking,1784003728,0.000000,,,1429,false,,GET,https://airportgap.com/api/airports,HTTP/2.0,default,,429,,tls1.3,https://airportgap.com/api/airports,,
http_req_sending,1784003728,0.000000,,,1429,false,,GET,https://airportgap.com/api/airports,HTTP/2.0,default,,429,,tls1.3,https://airportgap.com/api/airports,,
http_req_waiting,1784003728,229.485800,,,1429,false,,GET,https://airportgap.com/api/airports,HTTP/2.0,default,,429,,tls1.3,https://airportgap.com/api/airports,,
http_req_receiving,1784003728,0.000000,,,1429,false,,GET,https://airportgap.com/api/airports,HTTP/2.0,default,,429,,tls1.3,https://airportgap.com/api/airports,,
http_req_failed,1784003728,1.000000,,,1429,false,,GET,https://airportgap.com/api/airports,HTTP/2.0,default,,429,,tls1.3,https://airportgap.com/api/airports,,
checks,1784003728,0.000000,status 200,,,,,,,,default,,,,,,,
checks,1784003728,1.000000,menos de 1000ms,,,,,,,,default,,,,,,,
http_reqs,1784003728,1.000000,,,1429,false,,GET,https://airportgap.com/api/airports,HTTP/2.0,default,,429,,tls1.3,https://airportgap.com/api/airports,,
http_req_duration,1784003728,230.441900,,,1429,false,,GET,https://airportgap.com/api/airports,HTTP/2.0,default,,429,,tls1.3,https://airportgap.com/api/airports,,
http_req_blocked,1784003728,0.000000,,,1429,false,,GET,https://airportgap.com/api/airports,HTTP/2.0,default,,429,,tls1.3,https://airportgap.com/api/airports,,
http_req_connecting,1784003728,0.000000,,,1429,false,,GET,https://airportgap.com/api/airports,HTTP/2.0,default,,429,,tls1.3,https://airportgap.com/api/airports,,
http_req_tls_handshaking,1784003728,0.000000,,,1429,false,,GET,https://airportgap.com/api/airports,HTTP/2.0,default,,429,,tls1.3,https://airportgap.com/api/airports,,
http_req_sending,1784003728,0.443400,,,1429,false,,GET,https://airportgap.com/api/airports,HTTP/2.0,default,,429,,tls1.3,https://airportgap.com/api/airports,,
http_req_waiting,1784003728,229.485800,,,1429,false,,GET,https://airportgap.com/api/airports,HTTP/2.0,default,,429,,tls1.3,https://airportgap.com/api/airports,,
http_req_receiving,1784003728,0.512700,,,1429,false,,GET,https://airportgap.com/api/airports,HTTP/2.0,default,,429,,tls1.3,https://airportgap.com/api/airports,,
http_req_failed,1784003728,1.000000,,,1429,false,,GET,https://airportgap.com/api/airports,HTTP/2.0,default,,429,,tls1.3,https://airportgap.com/api/airports,,
checks,1784003728,0.000000,status 200,,,,,,,,default,,,,,,,
checks,1784003728,1.000000,menos de 1000ms,,,,,,,,default,,,,,,,
http_reqs,1784003728,1.000000,,,1429,false,,GET,https://airportgap.com/api/airports/JFK,HTTP/2.0,default,,429,,tls1.3,https://airportgap.com/api/airports/JFK,,
http_req_duration,1784003728,203.067900,,,1429,false,,GET,https://airportgap.com/api/airports/JFK,HTTP/2.0,default,,429,,tls1.3,https://airportgap.com/api/airports/JFK,,
http_req_blocked,1784003728,0.000000,,,1429,false,,GET,https://airportgap.com/api/airports/JFK,HTTP/2.0,default,,429,,tls1.3,https://airportgap.com/api/airports/JFK,,
http_req_connecting,1784003728,0.000000,,,1429,false,,GET,https://airportgap.com/api/airports/JFK,HTTP/2.0,default,,429,,tls1.3,https://airportgap.com/api/airports/JFK,,
http_req_tls_handshaking,1784003728,0.000000,,,1429,false,,GET,https://airportgap.com/api/airports/JFK,HTTP/2.0,default,,429,,tls1.3,https://airportgap.com/api/airports/JFK,,
http_req_sending,1784003728,0.512700,,,1429,false,,GET,https://airportgap.com/api/airports/JFK,HTTP/2.0,default,,429,,tls1.3,https://airportgap.com/api/airports/JFK,,
http_req_waiting,1784003728,202.555200,,,1429,false,,GET,https://airportgap.com/api/airports/JFK,HTTP/2.0,default,,429,,tls1.3,https://airportgap.com/api/airports/JFK,,
http_req_receiving,1784003728,0.000000,,,1429,false,,GET,https://airportgap.com/api/airports/JFK,HTTP/2.0,default,,429,,tls1.3,https://airportgap.com/api/airports/JFK,,
http_req_failed,1784003728,1.000000,,,1429,false,,GET,https://airportgap.com/api/airports/JFK,HTTP/2.0,default,,429,,tls1.3,https://airportgap.com/api/airports/JFK,,
checks,1784003728,0.000000,JFK status 200,,,,,,,,default,,,,,,,
http_reqs,1784003728,1.000000,,,1429,false,,GET,https://airportgap.com/api/airports/JFK,HTTP/2.0,default,,429,,tls1.3,https://airportgap.com/api/airports/JFK,,
http_req_duration,1784003728,203.955800,,,1429,false,,GET,https://airportgap.com/api/airports/JFK,HTTP/2.0,default,,429,,tls1.3,https://airportgap.com/api/airports/JFK,,
http_req_blocked,1784003728,0.000000,,,1429,false,,GET,https://airportgap.com/api/airports/JFK,HTTP/2.0,default,,429,,tls1.3,https://airportgap.com/api/airports/JFK,,
http_req_connecting,1784003728,0.000000,,,1429,false,,GET,https://airportgap.com/api/airports/JFK,HTTP/2.0,default,,429,,tls1.3,https://airportgap.com/api/airports/JFK,,
http_req_tls_handshaking,1784003728,0.000000,,,1429,false,,GET,https://airportgap.com/api/airports/JFK,HTTP/2.0,default,,429,,tls1.3,https://airportgap.com/api/airports/JFK,,
http_req_sending,1784003728,0.000000,,,1429,false,,GET,https://airportgap.com/api/airports/JFK,HTTP/2.0,default,,429,,tls1.3,https://airportgap.com/api/airports/JFK,,
http_req_waiting,1784003728,203.955800,,,1429,false,,GET,https://airportgap.com/api/airports/JFK,HTTP/2.0,default,,429,,tls1.3,https://airportgap.com/api/airports/JFK,,
http_req_receiving,1784003728,0.000000,,,1429,false,,GET,https://airportgap.com/api/airports/JFK,HTTP/2.0,default,,429,,tls1.3,https://airportgap.com/api/airports/JFK,,
http_req_failed,1784003728,1.000000,,,1429,false,,GET,https://airportgap.com/api/airports/JFK,HTTP/2.0,default,,429,,tls1.3,https://airportgap.com/api/airports/JFK,,
http_reqs,1784003728,1.000000,,,1429,false,,GET,https://airportgap.com/api/airports/JFK,HTTP/2.0,default,,429,,tls1.3,https://airportgap.com/api/airports/JFK,,
http_req_duration,1784003728,203.955800,,,1429,false,,GET,https://airportgap.com/api/airports/JFK,HTTP/2.0,default,,429,,tls1.3,https://airportgap.com/api/airports/JFK,,
http_req_blocked,1784003728,0.000000,,,1429,false,,GET,https://airportgap.com/api/airports/JFK,HTTP/2.0,default,,429,,tls1.3,https://airportgap.com/api/airports/JFK,,
http_req_connecting,1784003728,0.000000,,,1429,false,,GET,https://airportgap.com/api/airports/JFK,HTTP/2.0,default,,429,,tls1.3,https://airportgap.com/api/airports/JFK,,
http_req_tls_handshaking,1784003728,0.000000,,,1429,false,,GET,https://airportgap.com/api/airports/JFK,HTTP/2.0,default,,429,,tls1.3,https://airportgap.com/api/airports/JFK,,
http_req_sending,1784003728,0.512700,,,1429,false,,GET,https://airportgap.com/api/airports/JFK,HTTP/2.0,default,,429,,tls1.3,https://airportgap.com/api/airports/JFK,,
http_req_waiting,1784003728,203.443100,,,1429,false,,GET,https://airportgap.com/api/airports/JFK,HTTP/2.0,default,,429,,tls1.3,https://airportgap.com/api/airports/JFK,,
http_req_receiving,1784003728,0.000000,,,1429,false,,GET,https://airportgap.com/api/airports/JFK,HTTP/2.0,default,,429,,tls1.3,https://airportgap.com/api/airports/JFK,,
http_req_failed,1784003728,1.000000,,,1429,false,,GET,https://airportgap.com/api/airports/JFK,HTTP/2.0,default,,429,,tls1.3,https://airportgap.com/api/airports/JFK,,
checks,1784003728,0.000000,JFK status 200,,,,,,,,default,,,,,,,
checks,1784003728,0.000000,JFK status 200,,,,,,,,default,,,,,,,
http_reqs,1784003728,1.000000,,,1429,false,,GET,https://airportgap.com/api/airports/JFK,HTTP/2.0,default,,429,,tls1.3,https://airportgap.com/api/airports/JFK,,
http_req_duration,1784003728,203.443100,,,1429,false,,GET,https://airportgap.com/api/airports/JFK,HTTP/2.0,default,,429,,tls1.3,https://airportgap.com/api/airports/JFK,,
http_req_blocked,1784003728,0.000000,,,1429,false,,GET,https://airportgap.com/api/airports/JFK,HTTP/2.0,default,,429,,tls1.3,https://airportgap.com/api/airports/JFK,,
http_req_connecting,1784003728,0.000000,,,1429,false,,GET,https://airportgap.com/api/airports/JFK,HTTP/2.0,default,,429,,tls1.3,https://airportgap.com/api/airports/JFK,,
http_req_tls_handshaking,1784003728,0.000000,,,1429,false,,GET,https://airportgap.com/api/airports/JFK,HTTP/2.0,default,,429,,tls1.3,https://airportgap.com/api/airports/JFK,,
http_req_sending,1784003728,0.000000,,,1429,false,,GET,https://airportgap.com/api/airports/JFK,HTTP/2.0,default,,429,,tls1.3,https://airportgap.com/api/airports/JFK,,
http_req_waiting,1784003728,203.443100,,,1429,false,,GET,https://airportgap.com/api/airports/JFK,HTTP/2.0,default,,429,,tls1.3,https://airportgap.com/api/airports/JFK,,
http_req_receiving,1784003728,0.000000,,,1429,false,,GET,https://airportgap.com/api/airports/JFK,HTTP/2.0,default,,429,,tls1.3,https://airportgap.com/api/airports/JFK,,
http_req_failed,1784003728,1.000000,,,1429,false,,GET,https://airportgap.com/api/airports/JFK,HTTP/2.0,default,,429,,tls1.3,https://airportgap.com/api/airports/JFK,,
checks,1784003728,0.000000,JFK status 200,,,,,,,,default,,,,,,,
http_reqs,1784003728,1.000000,,,1429,false,,GET,https://airportgap.com/api/airports/JFK,HTTP/2.0,default,,429,,tls1.3,https://airportgap.com/api/airports/JFK,,
http_req_duration,1784003728,203.443100,,,1429,false,,GET,https://airportgap.com/api/airports/JFK,HTTP/2.0,default,,429,,tls1.3,https://airportgap.com/api/airports/JFK,,
http_req_blocked,1784003728,0.000000,,,1429,false,,GET,https://airportgap.com/api/airports/JFK,HTTP/2.0,default,,429,,tls1.3,https://airportgap.com/api/airports/JFK,,
http_req_connecting,1784003728,0.000000,,,1429,false,,GET,https://airportgap.com/api/airports/JFK,HTTP/2.0,default,,429,,tls1.3,https://airportgap.com/api/airports/JFK,,
http_req_tls_handshaking,1784003728,0.000000,,,1429,false,,GET,https://airportgap.com/api/airports/JFK,HTTP/2.0,default,,429,,tls1.3,https://airportgap.com/api/airports/JFK,,
http_req_sending,1784003728,0.000000,,,1429,false,,GET,https://airportgap.com/api/airports/JFK,HTTP/2.0,default,,429,,tls1.3,https://airportgap.com/api/airports/JFK,,
http_req_waiting,1784003728,203.443100,,,1429,false,,GET,https://airportgap.com/api/airports/JFK,HTTP/2.0,default,,429,,tls1.3,https://airportgap.com/api/airports/JFK,,
http_req_receiving,1784003728,0.000000,,,1429,false,,GET,https://airportgap.com/api/airports/JFK,HTTP/2.0,default,,429,,tls1.3,https://airportgap.com/api/airports/JFK,,
http_req_failed,1784003728,1.000000,,,1429,false,,GET,https://airportgap.com/api/airports/JFK,HTTP/2.0,default,,429,,tls1.3,https://airportgap.com/api/airports/JFK,,
http_reqs,1784003728,1.000000,,,1429,false,,GET,https://airportgap.com/api/airports/JFK,HTTP/2.0,default,,429,,tls1.3,https://airportgap.com/api/airports/JFK,,
http_req_duration,1784003728,203.955800,,,1429,false,,GET,https://airportgap.com/api/airports/JFK,HTTP/2.0,default,,429,,tls1.3,https://airportgap.com/api/airports/JFK,,
http_req_blocked,1784003728,0.000000,,,1429,false,,GET,https://airportgap.com/api/airports/JFK,HTTP/2.0,default,,429,,tls1.3,https://airportgap.com/api/airports/JFK,,
http_req_connecting,1784003728,0.000000,,,1429,false,,GET,https://airportgap.com/api/airports/JFK,HTTP/2.0,default,,429,,tls1.3,https://airportgap.com/api/airports/JFK,,
http_req_tls_handshaking,1784003728,0.000000,,,1429,false,,GET,https://airportgap.com/api/airports/JFK,HTTP/2.0,default,,429,,tls1.3,https://airportgap.com/api/airports/JFK,,
http_req_sending,1784003728,0.512700,,,1429,false,,GET,https://airportgap.com/api/airports/JFK,HTTP/2.0,default,,429,,tls1.3,https://airportgap.com/api/airports/JFK,,
http_req_waiting,1784003728,203.443100,,,1429,false,,GET,https://airportgap.com/api/airports/JFK,HTTP/2.0,default,,429,,tls1.3,https://airportgap.com/api/airports/JFK,,
http_req_receiving,1784003728,0.000000,,,1429,false,,GET,https://airportgap.com/api/airports/JFK,HTTP/2.0,default,,429,,tls1.3,https://airportgap.com/api/airports/JFK,,
http_req_failed,1784003728,1.000000,,,1429,false,,GET,https://airportgap.com/api/airports/JFK,HTTP/2.0,default,,429,,tls1.3,https://airportgap.com/api/airports/JFK,,
checks,1784003728,0.000000,JFK status 200,,,,,,,,default,,,,,,,
checks,1784003728,0.000000,JFK status 200,,,,,,,,default,,,,,,,
http_reqs,1784003728,1.000000,,,1429,false,,GET,https://airportgap.com/api/airports/JFK,HTTP/2.0,default,,429,,tls1.3,https://airportgap.com/api/airports/JFK,,
http_req_duration,1784003728,203.955800,,,1429,false,,GET,https://airportgap.com/api/airports/JFK,HTTP/2.0,default,,429,,tls1.3,https://airportgap.com/api/airports/JFK,,
http_req_blocked,1784003728,0.000000,,,1429,false,,GET,https://airportgap.com/api/airports/JFK,HTTP/2.0,default,,429,,tls1.3,https://airportgap.com/api/airports/JFK,,
http_req_connecting,1784003728,0.000000,,,1429,false,,GET,https://airportgap.com/api/airports/JFK,HTTP/2.0,default,,429,,tls1.3,https://airportgap.com/api/airports/JFK,,
http_req_tls_handshaking,1784003728,0.000000,,,1429,false,,GET,https://airportgap.com/api/airports/JFK,HTTP/2.0,default,,429,,tls1.3,https://airportgap.com/api/airports/JFK,,
http_req_sending,1784003728,0.000000,,,1429,false,,GET,https://airportgap.com/api/airports/JFK,HTTP/2.0,default,,429,,tls1.3,https://airportgap.com/api/airports/JFK,,
http_req_waiting,1784003728,203.955800,,,1429,false,,GET,https://airportgap.com/api/airports/JFK,HTTP/2.0,default,,429,,tls1.3,https://airportgap.com/api/airports/JFK,,
http_req_receiving,1784003728,0.000000,,,1429,false,,GET,https://airportgap.com/api/airports/JFK,HTTP/2.0,default,,429,,tls1.3,https://airportgap.com/api/airports/JFK,,
http_req_failed,1784003728,1.000000,,,1429,false,,GET,https://airportgap.com/api/airports/JFK,HTTP/2.0,default,,429,,tls1.3,https://airportgap.com/api/airports/JFK,,
checks,1784003728,0.000000,JFK status 200,,,,,,,,default,,,,,,,
http_reqs,1784003728,1.000000,,,1429,false,,GET,https://airportgap.com/api/airports/JFK,HTTP/2.0,default,,429,,tls1.3,https://airportgap.com/api/airports/JFK,,
http_req_duration,1784003728,203.955800,,,1429,false,,GET,https://airportgap.com/api/airports/JFK,HTTP/2.0,default,,429,,tls1.3,https://airportgap.com/api/airports/JFK,,
http_req_blocked,1784003728,0.000000,,,1429,false,,GET,https://airportgap.com/api/airports/JFK,HTTP/2.0,default,,429,,tls1.3,https://airportgap.com/api/airports/JFK,,
http_req_connecting,1784003728,0.000000,,,1429,false,,GET,https://airportgap.com/api/airports/JFK,HTTP/2.0,default,,429,,tls1.3,https://airportgap.com/api/airports/JFK,,
http_req_tls_handshaking,1784003728,0.000000,,,1429,false,,GET,https://airportgap.com/api/airports/JFK,HTTP/2.0,default,,429,,tls1.3,https://airportgap.com/api/airports/JFK,,
http_req_sending,1784003728,0.512700,,,1429,false,,GET,https://airportgap.com/api/airports/JFK,HTTP/2.0,default,,429,,tls1.3,https://airportgap.com/api/airports/JFK,,
http_req_waiting,1784003728,203.443100,,,1429,false,,GET,https://airportgap.com/api/airports/JFK,HTTP/2.0,default,,429,,tls1.3,https://airportgap.com/api/airports/JFK,,
http_req_receiving,1784003728,0.000000,,,1429,false,,GET,https://airportgap.com/api/airports/JFK,HTTP/2.0,default,,429,,tls1.3,https://airportgap.com/api/airports/JFK,,
http_req_failed,1784003728,1.000000,,,1429,false,,GET,https://airportgap.com/api/airports/JFK,HTTP/2.0,default,,429,,tls1.3,https://airportgap.com/api/airports/JFK,,
checks,1784003728,0.000000,JFK status 200,,,,,,,,default,,,,,,,
vus,1784003728,10.000000,,,,,,,,,,,,,,,,
vus_max,1784003728,10.000000,,,,,,,,,,,,,,,,
data_sent,1784003729,72.000000,,,,,,,,,default,,,,,,,
data_received,1784003729,328.000000,,,,,,,,,default,,,,,,,
iteration_duration,1784003729,1432.512300,,,,,,,,,default,,,,,,,
iterations,1784003729,1.000000,,,,,,,,,default,,,,,,,
data_sent,1784003729,72.000000,,,,,,,,,default,,,,,,,
data_received,1784003729,305.000000,,,,,,,,,default,,,,,,,
iteration_duration,1784003729,1434.369100,,,,,,,,,default,,,,,,,
iterations,1784003729,1.000000,,,,,,,,,default,,,,,,,
http_reqs,1784003729,1.000000,,,1429,false,,GET,https://airportgap.com/api/airports,HTTP/2.0,default,,429,,tls1.3,https://airportgap.com/api/airports,,
http_req_duration,1784003729,228.723300,,,1429,false,,GET,https://airportgap.com/api/airports,HTTP/2.0,default,,429,,tls1.3,https://airportgap.com/api/airports,,
http_req_blocked,1784003729,0.000000,,,1429,false,,GET,https://airportgap.com/api/airports,HTTP/2.0,default,,429,,tls1.3,https://airportgap.com/api/airports,,
http_req_connecting,1784003729,0.000000,,,1429,false,,GET,https://airportgap.com/api/airports,HTTP/2.0,default,,429,,tls1.3,https://airportgap.com/api/airports,,
http_req_tls_handshaking,1784003729,0.000000,,,1429,false,,GET,https://airportgap.com/api/airports,HTTP/2.0,default,,429,,tls1.3,https://airportgap.com/api/airports,,
http_req_sending,1784003729,0.450600,,,1429,false,,GET,https://airportgap.com/api/airports,HTTP/2.0,default,,429,,tls1.3,https://airportgap.com/api/airports,,
http_req_waiting,1784003729,228.272700,,,1429,false,,GET,https://airportgap.com/api/airports,HTTP/2.0,default,,429,,tls1.3,https://airportgap.com/api/airports,,
http_req_receiving,1784003729,0.000000,,,1429,false,,GET,https://airportgap.com/api/airports,HTTP/2.0,default,,429,,tls1.3,https://airportgap.com/api/airports,,
http_req_failed,1784003729,1.000000,,,1429,false,,GET,https://airportgap.com/api/airports,HTTP/2.0,default,,429,,tls1.3,https://airportgap.com/api/airports,,
checks,1784003729,0.000000,status 200,,,,,,,,default,,,,,,,
checks,1784003729,1.000000,menos de 1000ms,,,,,,,,default,,,,,,,
data_sent,1784003729,72.000000,,,,,,,,,default,,,,,,,
data_received,1784003729,305.000000,,,,,,,,,default,,,,,,,
iteration_duration,1784003729,1433.092900,,,,,,,,,default,,,,,,,
iterations,1784003729,1.000000,,,,,,,,,default,,,,,,,
data_sent,1784003729,72.000000,,,,,,,,,default,,,,,,,
data_received,1784003729,304.000000,,,,,,,,,default,,,,,,,
iteration_duration,1784003729,1433.965000,,,,,,,,,default,,,,,,,
iterations,1784003729,1.000000,,,,,,,,,default,,,,,,,
data_sent,1784003729,72.000000,,,,,,,,,default,,,,,,,
data_received,1784003729,305.000000,,,,,,,,,default,,,,,,,
iteration_duration,1784003729,1433.521600,,,,,,,,,default,,,,,,,
iterations,1784003729,1.000000,,,,,,,,,default,,,,,,,
data_sent,1784003729,72.000000,,,,,,,,,default,,,,,,,
data_received,1784003729,305.000000,,,,,,,,,default,,,,,,,
iteration_duration,1784003729,1433.521600,,,,,,,,,default,,,,,,,
iterations,1784003729,1.000000,,,,,,,,,default,,,,,,,
data_sent,1784003729,72.000000,,,,,,,,,default,,,,,,,
data_received,1784003729,305.000000,,,,,,,,,default,,,,,,,
iteration_duration,1784003729,1433.965000,,,,,,,,,default,,,,,,,
iterations,1784003729,1.000000,,,,,,,,,default,,,,,,,
data_sent,1784003729,72.000000,,,,,,,,,default,,,,,,,
data_received,1784003729,305.000000,,,,,,,,,default,,,,,,,
iteration_duration,1784003729,1433.521600,,,,,,,,,default,,,,,,,
iterations,1784003729,1.000000,,,,,,,,,default,,,,,,,
data_sent,1784003729,72.000000,,,,,,,,,default,,,,,,,
data_received,1784003729,305.000000,,,,,,,,,default,,,,,,,
iteration_duration,1784003729,1433.521600,,,,,,,,,default,,,,,,,
iterations,1784003729,1.000000,,,,,,,,,default,,,,,,,
data_sent,1784003729,72.000000,,,,,,,,,default,,,,,,,
data_received,1784003729,306.000000,,,,,,,,,default,,,,,,,
iteration_duration,1784003729,1434.481700,,,,,,,,,default,,,,,,,
iterations,1784003729,1.000000,,,,,,,,,default,,,,,,,
http_reqs,1784003729,1.000000,,,1429,false,,GET,https://airportgap.com/api/airports,HTTP/2.0,default,,429,,tls1.3,https://airportgap.com/api/airports,,
http_req_duration,1784003729,216.939300,,,1429,false,,GET,https://airportgap.com/api/airports,HTTP/2.0,default,,429,,tls1.3,https://airportgap.com/api/airports,,
http_req_blocked,1784003729,0.000000,,,1429,false,,GET,https://airportgap.com/api/airports,HTTP/2.0,default,,429,,tls1.3,https://airportgap.com/api/airports,,
http_req_connecting,1784003729,0.000000,,,1429,false,,GET,https://airportgap.com/api/airports,HTTP/2.0,default,,429,,tls1.3,https://airportgap.com/api/airports,,
http_req_tls_handshaking,1784003729,0.000000,,,1429,false,,GET,https://airportgap.com/api/airports,HTTP/2.0,default,,429,,tls1.3,https://airportgap.com/api/airports,,
http_req_sending,1784003729,0.514200,,,1429,false,,GET,https://airportgap.com/api/airports,HTTP/2.0,default,,429,,tls1.3,https://airportgap.com/api/airports,,
http_req_waiting,1784003729,214.740300,,,1429,false,,GET,https://airportgap.com/api/airports,HTTP/2.0,default,,429,,tls1.3,https://airportgap.com/api/airports,,
http_req_receiving,1784003729,1.684800,,,1429,false,,GET,https://airportgap.com/api/airports,HTTP/2.0,default,,429,,tls1.3,https://airportgap.com/api/airports,,
http_req_failed,1784003729,1.000000,,,1429,false,,GET,https://airportgap.com/api/airports,HTTP/2.0,default,,429,,tls1.3,https://airportgap.com/api/airports,,
checks,1784003729,0.000000,status 200,,,,,,,,default,,,,,,,
checks,1784003729,1.000000,menos de 1000ms,,,,,,,,default,,,,,,,
http_reqs,1784003729,1.000000,,,1429,false,,GET,https://airportgap.com/api/airports/JFK,HTTP/2.0,default,,429,,tls1.3,https://airportgap.com/api/airports/JFK,,
http_req_duration,1784003729,205.848400,,,1429,false,,GET,https://airportgap.com/api/airports/JFK,HTTP/2.0,default,,429,,tls1.3,https://airportgap.com/api/airports/JFK,,
http_req_blocked,1784003729,0.000000,,,1429,false,,GET,https://airportgap.com/api/airports/JFK,HTTP/2.0,default,,429,,tls1.3,https://airportgap.com/api/airports/JFK,,
http_req_connecting,1784003729,0.000000,,,1429,false,,GET,https://airportgap.com/api/airports/JFK,HTTP/2.0,default,,429,,tls1.3,https://airportgap.com/api/airports/JFK,,
http_req_tls_handshaking,1784003729,0.000000,,,1429,false,,GET,https://airportgap.com/api/airports/JFK,HTTP/2.0,default,,429,,tls1.3,https://airportgap.com/api/airports/JFK,,
http_req_sending,1784003729,0.511000,,,1429,false,,GET,https://airportgap.com/api/airports/JFK,HTTP/2.0,default,,429,,tls1.3,https://airportgap.com/api/airports/JFK,,
http_req_waiting,1784003729,205.337400,,,1429,false,,GET,https://airportgap.com/api/airports/JFK,HTTP/2.0,default,,429,,tls1.3,https://airportgap.com/api/airports/JFK,,
http_req_receiving,1784003729,0.000000,,,1429,false,,GET,https://airportgap.com/api/airports/JFK,HTTP/2.0,default,,429,,tls1.3,https://airportgap.com/api/airports/JFK,,
http_req_failed,1784003729,1.000000,,,1429,false,,GET,https://airportgap.com/api/airports/JFK,HTTP/2.0,default,,429,,tls1.3,https://airportgap.com/api/airports/JFK,,
checks,1784003729,0.000000,JFK status 200,,,,,,,,default,,,,,,,
http_reqs,1784003729,1.000000,,,1429,false,,GET,https://airportgap.com/api/airports/JFK,HTTP/2.0,default,,429,,tls1.3,https://airportgap.com/api/airports/JFK,,
http_req_duration,1784003729,214.657200,,,1429,false,,GET,https://airportgap.com/api/airports/JFK,HTTP/2.0,default,,429,,tls1.3,https://airportgap.com/api/airports/JFK,,
http_req_blocked,1784003729,0.000000,,,1429,false,,GET,https://airportgap.com/api/airports/JFK,HTTP/2.0,default,,429,,tls1.3,https://airportgap.com/api/airports/JFK,,
http_req_connecting,1784003729,0.000000,,,1429,false,,GET,https://airportgap.com/api/airports/JFK,HTTP/2.0,default,,429,,tls1.3,https://airportgap.com/api/airports/JFK,,
http_req_tls_handshaking,1784003729,0.000000,,,1429,false,,GET,https://airportgap.com/api/airports/JFK,HTTP/2.0,default,,429,,tls1.3,https://airportgap.com/api/airports/JFK,,
http_req_sending,1784003729,0.000000,,,1429,false,,GET,https://airportgap.com/api/airports/JFK,HTTP/2.0,default,,429,,tls1.3,https://airportgap.com/api/airports/JFK,,
http_req_waiting,1784003729,214.137300,,,1429,false,,GET,https://airportgap.com/api/airports/JFK,HTTP/2.0,default,,429,,tls1.3,https://airportgap.com/api/airports/JFK,,
http_req_receiving,1784003729,0.519900,,,1429,false,,GET,https://airportgap.com/api/airports/JFK,HTTP/2.0,default,,429,,tls1.3,https://airportgap.com/api/airports/JFK,,
http_req_failed,1784003729,1.000000,,,1429,false,,GET,https://airportgap.com/api/airports/JFK,HTTP/2.0,default,,429,,tls1.3,https://airportgap.com/api/airports/JFK,,
checks,1784003729,0.000000,JFK status 200,,,,,,,,default,,,,,,,
http_reqs,1784003729,1.000000,,,1429,false,,GET,https://airportgap.com/api/airports,HTTP/2.0,default,,429,,tls1.3,https://airportgap.com/api/airports,,
http_req_duration,1784003729,227.842900,,,1429,false,,GET,https://airportgap.com/api/airports,HTTP/2.0,default,,429,,tls1.3,https://airportgap.com/api/airports,,
http_req_blocked,1784003729,0.000000,,,1429,false,,GET,https://airportgap.com/api/airports,HTTP/2.0,default,,429,,tls1.3,https://airportgap.com/api/airports,,
http_req_connecting,1784003729,0.000000,,,1429,false,,GET,https://airportgap.com/api/airports,HTTP/2.0,default,,429,,tls1.3,https://airportgap.com/api/airports,,
http_req_tls_handshaking,1784003729,0.000000,,,1429,false,,GET,https://airportgap.com/api/airports,HTTP/2.0,default,,429,,tls1.3,https://airportgap.com/api/airports,,
http_req_sending,1784003729,0.516700,,,1429,false,,GET,https://airportgap.com/api/airports,HTTP/2.0,default,,429,,tls1.3,https://airportgap.com/api/airports,,
http_req_waiting,1784003729,227.326200,,,1429,false,,GET,https://airportgap.com/api/airports,HTTP/2.0,default,,429,,tls1.3,https://airportgap.com/api/airports,,
http_req_receiving,1784003729,0.000000,,,1429,false,,GET,https://airportgap.com/api/airports,HTTP/2.0,default,,429,,tls1.3,https://airportgap.com/api/airports,,
http_req_failed,1784003729,1.000000,,,1429,false,,GET,https://airportgap.com/api/airports,HTTP/2.0,default,,429,,tls1.3,https://airportgap.com/api/airports,,
http_reqs,1784003729,1.000000,,,1429,false,,GET,https://airportgap.com/api/airports,HTTP/2.0,default,,429,,tls1.3,https://airportgap.com/api/airports,,
http_req_duration,1784003729,227.842900,,,1429,false,,GET,https://airportgap.com/api/airports,HTTP/2.0,default,,429,,tls1.3,https://airportgap.com/api/airports,,
http_req_blocked,1784003729,0.000000,,,1429,false,,GET,https://airportgap.com/api/airports,HTTP/2.0,default,,429,,tls1.3,https://airportgap.com/api/airports,,
http_req_connecting,1784003729,0.000000,,,1429,false,,GET,https://airportgap.com/api/airports,HTTP/2.0,default,,429,,tls1.3,https://airportgap.com/api/airports,,
http_req_tls_handshaking,1784003729,0.000000,,,1429,false,,GET,https://airportgap.com/api/airports,HTTP/2.0,default,,429,,tls1.3,https://airportgap.com/api/airports,,
http_req_sending,1784003729,0.516700,,,1429,false,,GET,https://airportgap.com/api/airports,HTTP/2.0,default,,429,,tls1.3,https://airportgap.com/api/airports,,
http_req_waiting,1784003729,227.326200,,,1429,false,,GET,https://airportgap.com/api/airports,HTTP/2.0,default,,429,,tls1.3,https://airportgap.com/api/airports,,
http_req_receiving,1784003729,0.000000,,,1429,false,,GET,https://airportgap.com/api/airports,HTTP/2.0,default,,429,,tls1.3,https://airportgap.com/api/airports,,
http_req_failed,1784003729,1.000000,,,1429,false,,GET,https://airportgap.com/api/airports,HTTP/2.0,default,,429,,tls1.3,https://airportgap.com/api/airports,,
checks,1784003729,0.000000,status 200,,,,,,,,default,,,,,,,
checks,1784003729,0.000000,status 200,,,,,,,,default,,,,,,,
checks,1784003729,1.000000,menos de 1000ms,,,,,,,,default,,,,,,,
checks,1784003729,1.000000,menos de 1000ms,,,,,,,,default,,,,,,,
http_reqs,1784003729,1.000000,,,1429,false,,GET,https://airportgap.com/api/airports,HTTP/2.0,default,,429,,tls1.3,https://airportgap.com/api/airports,,
http_req_duration,1784003729,228.088700,,,1429,false,,GET,https://airportgap.com/api/airports,HTTP/2.0,default,,429,,tls1.3,https://airportgap.com/api/airports,,
http_req_blocked,1784003729,0.000000,,,1429,false,,GET,https://airportgap.com/api/airports,HTTP/2.0,default,,429,,tls1.3,https://airportgap.com/api/airports,,
http_req_connecting,1784003729,0.000000,,,1429,false,,GET,https://airportgap.com/api/airports,HTTP/2.0,default,,429,,tls1.3,https://airportgap.com/api/airports,,
http_req_tls_handshaking,1784003729,0.000000,,,1429,false,,GET,https://airportgap.com/api/airports,HTTP/2.0,default,,429,,tls1.3,https://airportgap.com/api/airports,,
http_req_sending,1784003729,0.000000,,,1429,false,,GET,https://airportgap.com/api/airports,HTTP/2.0,default,,429,,tls1.3,https://airportgap.com/api/airports,,
http_req_waiting,1784003729,227.326200,,,1429,false,,GET,https://airportgap.com/api/airports,HTTP/2.0,default,,429,,tls1.3,https://airportgap.com/api/airports,,
http_req_receiving,1784003729,0.762500,,,1429,false,,GET,https://airportgap.com/api/airports,HTTP/2.0,default,,429,,tls1.3,https://airportgap.com/api/airports,,
http_req_failed,1784003729,1.000000,,,1429,false,,GET,https://airportgap.com/api/airports,HTTP/2.0,default,,429,,tls1.3,https://airportgap.com/api/airports,,
checks,1784003729,0.000000,status 200,,,,,,,,default,,,,,,,
checks,1784003729,1.000000,menos de 1000ms,,,,,,,,default,,,,,,,
http_reqs,1784003729,1.000000,,,1429,false,,GET,https://airportgap.com/api/airports,HTTP/2.0,default,,429,,tls1.3,https://airportgap.com/api/airports,,
http_req_duration,1784003729,228.088700,,,1429,false,,GET,https://airportgap.com/api/airports,HTTP/2.0,default,,429,,tls1.3,https://airportgap.com/api/airports,,
http_req_blocked,1784003729,0.000000,,,1429,false,,GET,https://airportgap.com/api/airports,HTTP/2.0,default,,429,,tls1.3,https://airportgap.com/api/airports,,
http_req_connecting,1784003729,0.000000,,,1429,false,,GET,https://airportgap.com/api/airports,HTTP/2.0,default,,429,,tls1.3,https://airportgap.com/api/airports,,
http_req_tls_handshaking,1784003729,0.000000,,,1429,false,,GET,https://airportgap.com/api/airports,HTTP/2.0,default,,429,,tls1.3,https://airportgap.com/api/airports,,
http_req_sending,1784003729,0.000000,,,1429,false,,GET,https://airportgap.com/api/airports,HTTP/2.0,default,,429,,tls1.3,https://airportgap.com/api/airports,,
http_req_waiting,1784003729,228.088700,,,1429,false,,GET,https://airportgap.com/api/airports,HTTP/2.0,default,,429,,tls1.3,https://airportgap.com/api/airports,,
http_req_receiving,1784003729,0.000000,,,1429,false,,GET,https://airportgap.com/api/airports,HTTP/2.0,default,,429,,tls1.3,https://airportgap.com/api/airports,,
http_req_failed,1784003729,1.000000,,,1429,false,,GET,https://airportgap.com/api/airports,HTTP/2.0,default,,429,,tls1.3,https://airportgap.com/api/airports,,
checks,1784003729,0.000000,status 200,,,,,,,,default,,,,,,,
checks,1784003729,1.000000,menos de 1000ms,,,,,,,,default,,,,,,,
http_reqs,1784003729,1.000000,,,1429,false,,GET,https://airportgap.com/api/airports,HTTP/2.0,default,,429,,tls1.3,https://airportgap.com/api/airports,,
http_req_duration,1784003729,229.181600,,,1429,false,,GET,https://airportgap.com/api/airports,HTTP/2.0,default,,429,,tls1.3,https://airportgap.com/api/airports,,
http_req_blocked,1784003729,0.000000,,,1429,false,,GET,https://airportgap.com/api/airports,HTTP/2.0,default,,429,,tls1.3,https://airportgap.com/api/airports,,
http_req_connecting,1784003729,0.000000,,,1429,false,,GET,https://airportgap.com/api/airports,HTTP/2.0,default,,429,,tls1.3,https://airportgap.com/api/airports,,
http_req_tls_handshaking,1784003729,0.000000,,,1429,false,,GET,https://airportgap.com/api/airports,HTTP/2.0,default,,429,,tls1.3,https://airportgap.com/api/airports,,
http_req_sending,1784003729,0.000000,,,1429,false,,GET,https://airportgap.com/api/airports,HTTP/2.0,default,,429,,tls1.3,https://airportgap.com/api/airports,,
http_req_waiting,1784003729,228.605400,,,1429,false,,GET,https://airportgap.com/api/airports,HTTP/2.0,default,,429,,tls1.3,https://airportgap.com/api/airports,,
http_req_receiving,1784003729,0.576200,,,1429,false,,GET,https://airportgap.com/api/airports,HTTP/2.0,default,,429,,tls1.3,https://airportgap.com/api/airports,,
http_req_failed,1784003729,1.000000,,,1429,false,,GET,https://airportgap.com/api/airports,HTTP/2.0,default,,429,,tls1.3,https://airportgap.com/api/airports,,
http_reqs,1784003729,1.000000,,,1429,false,,GET,https://airportgap.com/api/airports,HTTP/2.0,default,,429,,tls1.3,https://airportgap.com/api/airports,,
http_req_duration,1784003729,229.610300,,,1429,false,,GET,https://airportgap.com/api/airports,HTTP/2.0,default,,429,,tls1.3,https://airportgap.com/api/airports,,
http_req_blocked,1784003729,0.000000,,,1429,false,,GET,https://airportgap.com/api/airports,HTTP/2.0,default,,429,,tls1.3,https://airportgap.com/api/airports,,
http_req_connecting,1784003729,0.000000,,,1429,false,,GET,https://airportgap.com/api/airports,HTTP/2.0,default,,429,,tls1.3,https://airportgap.com/api/airports,,
http_req_tls_handshaking,1784003729,0.000000,,,1429,false,,GET,https://airportgap.com/api/airports,HTTP/2.0,default,,429,,tls1.3,https://airportgap.com/api/airports,,
http_req_sending,1784003729,0.428700,,,1429,false,,GET,https://airportgap.com/api/airports,HTTP/2.0,default,,429,,tls1.3,https://airportgap.com/api/airports,,
http_req_waiting,1784003729,228.605400,,,1429,false,,GET,https://airportgap.com/api/airports,HTTP/2.0,default,,429,,tls1.3,https://airportgap.com/api/airports,,
http_req_receiving,1784003729,0.576200,,,1429,false,,GET,https://airportgap.com/api/airports,HTTP/2.0,default,,429,,tls1.3,https://airportgap.com/api/airports,,
http_req_failed,1784003729,1.000000,,,1429,false,,GET,https://airportgap.com/api/airports,HTTP/2.0,default,,429,,tls1.3,https://airportgap.com/api/airports,,
checks,1784003729,0.000000,status 200,,,,,,,,default,,,,,,,
checks,1784003729,1.000000,menos de 1000ms,,,,,,,,default,,,,,,,
http_reqs,1784003729,1.000000,,,1429,false,,GET,https://airportgap.com/api/airports,HTTP/2.0,default,,429,,tls1.3,https://airportgap.com/api/airports,,
http_req_duration,1784003729,228.664900,,,1429,false,,GET,https://airportgap.com/api/airports,HTTP/2.0,default,,429,,tls1.3,https://airportgap.com/api/airports,,
http_req_blocked,1784003729,0.000000,,,1429,false,,GET,https://airportgap.com/api/airports,HTTP/2.0,default,,429,,tls1.3,https://airportgap.com/api/airports,,
http_req_connecting,1784003729,0.000000,,,1429,false,,GET,https://airportgap.com/api/airports,HTTP/2.0,default,,429,,tls1.3,https://airportgap.com/api/airports,,
http_req_tls_handshaking,1784003729,0.000000,,,1429,false,,GET,https://airportgap.com/api/airports,HTTP/2.0,default,,429,,tls1.3,https://airportgap.com/api/airports,,
http_req_sending,1784003729,0.000000,,,1429,false,,GET,https://airportgap.com/api/airports,HTTP/2.0,default,,429,,tls1.3,https://airportgap.com/api/airports,,
http_req_waiting,1784003729,228.088700,,,1429,false,,GET,https://airportgap.com/api/airports,HTTP/2.0,default,,429,,tls1.3,https://airportgap.com/api/airports,,
http_req_receiving,1784003729,0.576200,,,1429,false,,GET,https://airportgap.com/api/airports,HTTP/2.0,default,,429,,tls1.3,https://airportgap.com/api/airports,,
http_req_failed,1784003729,1.000000,,,1429,false,,GET,https://airportgap.com/api/airports,HTTP/2.0,default,,429,,tls1.3,https://airportgap.com/api/airports,,
checks,1784003729,0.000000,status 200,,,,,,,,default,,,,,,,
checks,1784003729,1.000000,menos de 1000ms,,,,,,,,default,,,,,,,
checks,1784003729,0.000000,status 200,,,,,,,,default,,,,,,,
http_reqs,1784003729,1.000000,,,1429,false,,GET,https://airportgap.com/api/airports,HTTP/2.0,default,,429,,tls1.3,https://airportgap.com/api/airports,,
http_req_duration,1784003729,229.181600,,,1429,false,,GET,https://airportgap.com/api/airports,HTTP/2.0,default,,429,,tls1.3,https://airportgap.com/api/airports,,
http_req_blocked,1784003729,0.000000,,,1429,false,,GET,https://airportgap.com/api/airports,HTTP/2.0,default,,429,,tls1.3,https://airportgap.com/api/airports,,
http_req_connecting,1784003729,0.000000,,,1429,false,,GET,https://airportgap.com/api/airports,HTTP/2.0,default,,429,,tls1.3,https://airportgap.com/api/airports,,
http_req_tls_handshaking,1784003729,0.000000,,,1429,false,,GET,https://airportgap.com/api/airports,HTTP/2.0,default,,429,,tls1.3,https://airportgap.com/api/airports,,
http_req_sending,1784003729,0.516700,,,1429,false,,GET,https://airportgap.com/api/airports,HTTP/2.0,default,,429,,tls1.3,https://airportgap.com/api/airports,,
http_req_waiting,1784003729,228.664900,,,1429,false,,GET,https://airportgap.com/api/airports,HTTP/2.0,default,,429,,tls1.3,https://airportgap.com/api/airports,,
http_req_receiving,1784003729,0.000000,,,1429,false,,GET,https://airportgap.com/api/airports,HTTP/2.0,default,,429,,tls1.3,https://airportgap.com/api/airports,,
http_req_failed,1784003729,1.000000,,,1429,false,,GET,https://airportgap.com/api/airports,HTTP/2.0,default,,429,,tls1.3,https://airportgap.com/api/airports,,
checks,1784003729,1.000000,menos de 1000ms,,,,,,,,default,,,,,,,
checks,1784003729,0.000000,status 200,,,,,,,,default,,,,,,,
checks,1784003729,1.000000,menos de 1000ms,,,,,,,,default,,,,,,,
vus,1784003729,10.000000,,,,,,,,,,,,,,,,
vus_max,1784003729,10.000000,,,,,,,,,,,,,,,,
http_reqs,1784003729,1.000000,,,1429,false,,GET,https://airportgap.com/api/airports/JFK,HTTP/2.0,default,,429,,tls1.3,https://airportgap.com/api/airports/JFK,,
http_req_duration,1784003729,204.024100,,,1429,false,,GET,https://airportgap.com/api/airports/JFK,HTTP/2.0,default,,429,,tls1.3,https://airportgap.com/api/airports/JFK,,
http_req_blocked,1784003729,0.000000,,,1429,false,,GET,https://airportgap.com/api/airports/JFK,HTTP/2.0,default,,429,,tls1.3,https://airportgap.com/api/airports/JFK,,
http_req_connecting,1784003729,0.000000,,,1429,false,,GET,https://airportgap.com/api/airports/JFK,HTTP/2.0,default,,429,,tls1.3,https://airportgap.com/api/airports/JFK,,
http_req_tls_handshaking,1784003729,0.000000,,,1429,false,,GET,https://airportgap.com/api/airports/JFK,HTTP/2.0,default,,429,,tls1.3,https://airportgap.com/api/airports/JFK,,
http_req_sending,1784003729,0.000000,,,1429,false,,GET,https://airportgap.com/api/airports/JFK,HTTP/2.0,default,,429,,tls1.3,https://airportgap.com/api/airports/JFK,,
http_req_waiting,1784003729,203.198600,,,1429,false,,GET,https://airportgap.com/api/airports/JFK,HTTP/2.0,default,,429,,tls1.3,https://airportgap.com/api/airports/JFK,,
http_req_receiving,1784003729,0.825500,,,1429,false,,GET,https://airportgap.com/api/airports/JFK,HTTP/2.0,default,,429,,tls1.3,https://airportgap.com/api/airports/JFK,,
http_req_failed,1784003729,1.000000,,,1429,false,,GET,https://airportgap.com/api/airports/JFK,HTTP/2.0,default,,429,,tls1.3,https://airportgap.com/api/airports/JFK,,
checks,1784003729,0.000000,JFK status 200,,,,,,,,default,,,,,,,
http_reqs,1784003729,1.000000,,,1429,false,,GET,https://airportgap.com/api/airports/JFK,HTTP/2.0,default,,429,,tls1.3,https://airportgap.com/api/airports/JFK,,
http_req_duration,1784003729,203.447900,,,1429,false,,GET,https://airportgap.com/api/airports/JFK,HTTP/2.0,default,,429,,tls1.3,https://airportgap.com/api/airports/JFK,,
http_req_blocked,1784003729,0.000000,,,1429,false,,GET,https://airportgap.com/api/airports/JFK,HTTP/2.0,default,,429,,tls1.3,https://airportgap.com/api/airports/JFK,,
http_req_connecting,1784003729,0.000000,,,1429,false,,GET,https://airportgap.com/api/airports/JFK,HTTP/2.0,default,,429,,tls1.3,https://airportgap.com/api/airports/JFK,,
http_req_tls_handshaking,1784003729,0.000000,,,1429,false,,GET,https://airportgap.com/api/airports/JFK,HTTP/2.0,default,,429,,tls1.3,https://airportgap.com/api/airports/JFK,,
http_req_sending,1784003729,0.000000,,,1429,false,,GET,https://airportgap.com/api/airports/JFK,HTTP/2.0,default,,429,,tls1.3,https://airportgap.com/api/airports/JFK,,
http_req_waiting,1784003729,203.447900,,,1429,false,,GET,https://airportgap.com/api/airports/JFK,HTTP/2.0,default,,429,,tls1.3,https://airportgap.com/api/airports/JFK,,
http_req_receiving,1784003729,0.000000,,,1429,false,,GET,https://airportgap.com/api/airports/JFK,HTTP/2.0,default,,429,,tls1.3,https://airportgap.com/api/airports/JFK,,
http_req_failed,1784003729,1.000000,,,1429,false,,GET,https://airportgap.com/api/airports/JFK,HTTP/2.0,default,,429,,tls1.3,https://airportgap.com/api/airports/JFK,,
checks,1784003729,0.000000,JFK status 200,,,,,,,,default,,,,,,,
http_reqs,1784003729,1.000000,,,1429,false,,GET,https://airportgap.com/api/airports/JFK,HTTP/2.0,default,,429,,tls1.3,https://airportgap.com/api/airports/JFK,,
http_req_duration,1784003729,204.024100,,,1429,false,,GET,https://airportgap.com/api/airports/JFK,HTTP/2.0,default,,429,,tls1.3,https://airportgap.com/api/airports/JFK,,
http_req_blocked,1784003729,0.000000,,,1429,false,,GET,https://airportgap.com/api/airports/JFK,HTTP/2.0,default,,429,,tls1.3,https://airportgap.com/api/airports/JFK,,
http_req_connecting,1784003729,0.000000,,,1429,false,,GET,https://airportgap.com/api/airports/JFK,HTTP/2.0,default,,429,,tls1.3,https://airportgap.com/api/airports/JFK,,
http_req_tls_handshaking,1784003729,0.000000,,,1429,false,,GET,https://airportgap.com/api/airports/JFK,HTTP/2.0,default,,429,,tls1.3,https://airportgap.com/api/airports/JFK,,
http_req_sending,1784003729,0.000000,,,1429,false,,GET,https://airportgap.com/api/airports/JFK,HTTP/2.0,default,,429,,tls1.3,https://airportgap.com/api/airports/JFK,,
http_req_waiting,1784003729,204.024100,,,1429,false,,GET,https://airportgap.com/api/airports/JFK,HTTP/2.0,default,,429,,tls1.3,https://airportgap.com/api/airports/JFK,,
http_req_receiving,1784003729,0.000000,,,1429,false,,GET,https://airportgap.com/api/airports/JFK,HTTP/2.0,default,,429,,tls1.3,https://airportgap.com/api/airports/JFK,,
http_req_failed,1784003729,1.000000,,,1429,false,,GET,https://airportgap.com/api/airports/JFK,HTTP/2.0,default,,429,,tls1.3,https://airportgap.com/api/airports/JFK,,
checks,1784003729,0.000000,JFK status 200,,,,,,,,default,,,,,,,
http_reqs,1784003729,1.000000,,,1429,false,,GET,https://airportgap.com/api/airports/JFK,HTTP/2.0,default,,429,,tls1.3,https://airportgap.com/api/airports/JFK,,
http_req_duration,1784003729,204.604800,,,1429,false,,GET,https://airportgap.com/api/airports/JFK,HTTP/2.0,default,,429,,tls1.3,https://airportgap.com/api/airports/JFK,,
http_req_blocked,1784003729,0.000000,,,1429,false,,GET,https://airportgap.com/api/airports/JFK,HTTP/2.0,default,,429,,tls1.3,https://airportgap.com/api/airports/JFK,,
http_req_connecting,1784003729,0.000000,,,1429,false,,GET,https://airportgap.com/api/airports/JFK,HTTP/2.0,default,,429,,tls1.3,https://airportgap.com/api/airports/JFK,,
http_req_tls_handshaking,1784003729,0.000000,,,1429,false,,GET,https://airportgap.com/api/airports/JFK,HTTP/2.0,default,,429,,tls1.3,https://airportgap.com/api/airports/JFK,,
http_req_sending,1784003729,0.576200,,,1429,false,,GET,https://airportgap.com/api/airports/JFK,HTTP/2.0,default,,429,,tls1.3,https://airportgap.com/api/airports/JFK,,
http_req_waiting,1784003729,204.028600,,,1429,false,,GET,https://airportgap.com/api/airports/JFK,HTTP/2.0,default,,429,,tls1.3,https://airportgap.com/api/airports/JFK,,
http_req_receiving,1784003729,0.000000,,,1429,false,,GET,https://airportgap.com/api/airports/JFK,HTTP/2.0,default,,429,,tls1.3,https://airportgap.com/api/airports/JFK,,
http_req_failed,1784003729,1.000000,,,1429,false,,GET,https://airportgap.com/api/airports/JFK,HTTP/2.0,default,,429,,tls1.3,https://airportgap.com/api/airports/JFK,,
http_reqs,1784003729,1.000000,,,1429,false,,GET,https://airportgap.com/api/airports/JFK,HTTP/2.0,default,,429,,tls1.3,https://airportgap.com/api/airports/JFK,,
http_req_duration,1784003729,204.028600,,,1429,false,,GET,https://airportgap.com/api/airports/JFK,HTTP/2.0,default,,429,,tls1.3,https://airportgap.com/api/airports/JFK,,
http_req_blocked,1784003729,0.000000,,,1429,false,,GET,https://airportgap.com/api/airports/JFK,HTTP/2.0,default,,429,,tls1.3,https://airportgap.com/api/airports/JFK,,
http_req_connecting,1784003729,0.000000,,,1429,false,,GET,https://airportgap.com/api/airports/JFK,HTTP/2.0,default,,429,,tls1.3,https://airportgap.com/api/airports/JFK,,
http_req_tls_handshaking,1784003729,0.000000,,,1429,false,,GET,https://airportgap.com/api/airports/JFK,HTTP/2.0,default,,429,,tls1.3,https://airportgap.com/api/airports/JFK,,
http_req_sending,1784003729,0.000000,,,1429,false,,GET,https://airportgap.com/api/airports/JFK,HTTP/2.0,default,,429,,tls1.3,https://airportgap.com/api/airports/JFK,,
http_req_waiting,1784003729,204.028600,,,1429,false,,GET,https://airportgap.com/api/airports/JFK,HTTP/2.0,default,,429,,tls1.3,https://airportgap.com/api/airports/JFK,,
http_req_receiving,1784003729,0.000000,,,1429,false,,GET,https://airportgap.com/api/airports/JFK,HTTP/2.0,default,,429,,tls1.3,https://airportgap.com/api/airports/JFK,,
http_req_failed,1784003729,1.000000,,,1429,false,,GET,https://airportgap.com/api/airports/JFK,HTTP/2.0,default,,429,,tls1.3,https://airportgap.com/api/airports/JFK,,
checks,1784003729,0.000000,JFK status 200,,,,,,,,default,,,,,,,
checks,1784003729,0.000000,JFK status 200,,,,,,,,default,,,,,,,
http_reqs,1784003729,1.000000,,,1429,false,,GET,https://airportgap.com/api/airports/JFK,HTTP/2.0,default,,429,,tls1.3,https://airportgap.com/api/airports/JFK,,
http_req_duration,1784003729,203.508700,,,1429,false,,GET,https://airportgap.com/api/airports/JFK,HTTP/2.0,default,,429,,tls1.3,https://airportgap.com/api/airports/JFK,,
http_req_blocked,1784003729,0.000000,,,1429,false,,GET,https://airportgap.com/api/airports/JFK,HTTP/2.0,default,,429,,tls1.3,https://airportgap.com/api/airports/JFK,,
http_req_connecting,1784003729,0.000000,,,1429,false,,GET,https://airportgap.com/api/airports/JFK,HTTP/2.0,default,,429,,tls1.3,https://airportgap.com/api/airports/JFK,,
http_req_tls_handshaking,1784003729,0.000000,,,1429,false,,GET,https://airportgap.com/api/airports/JFK,HTTP/2.0,default,,429,,tls1.3,https://airportgap.com/api/airports/JFK,,
http_req_sending,1784003729,0.000000,,,1429,false,,GET,https://airportgap.com/api/airports/JFK,HTTP/2.0,default,,429,,tls1.3,https://airportgap.com/api/airports/JFK,,
http_req_waiting,1784003729,203.508700,,,1429,false,,GET,https://airportgap.com/api/airports/JFK,HTTP/2.0,default,,429,,tls1.3,https://airportgap.com/api/airports/JFK,,
http_req_receiving,1784003729,0.000000,,,1429,false,,GET,https://airportgap.com/api/airports/JFK,HTTP/2.0,default,,429,,tls1.3,https://airportgap.com/api/airports/JFK,,
http_req_failed,1784003729,1.000000,,,1429,false,,GET,https://airportgap.com/api/airports/JFK,HTTP/2.0,default,,429,,tls1.3,https://airportgap.com/api/airports/JFK,,
checks,1784003729,0.000000,JFK status 200,,,,,,,,default,,,,,,,
http_reqs,1784003729,1.000000,,,1429,false,,GET,https://airportgap.com/api/airports/JFK,HTTP/2.0,default,,429,,tls1.3,https://airportgap.com/api/airports/JFK,,
http_req_duration,1784003729,204.028600,,,1429,false,,GET,https://airportgap.com/api/airports/JFK,HTTP/2.0,default,,429,,tls1.3,https://airportgap.com/api/airports/JFK,,
http_req_blocked,1784003729,0.000000,,,1429,false,,GET,https://airportgap.com/api/airports/JFK,HTTP/2.0,default,,429,,tls1.3,https://airportgap.com/api/airports/JFK,,
http_req_connecting,1784003729,0.000000,,,1429,false,,GET,https://airportgap.com/api/airports/JFK,HTTP/2.0,default,,429,,tls1.3,https://airportgap.com/api/airports/JFK,,
http_req_tls_handshaking,1784003729,0.000000,,,1429,false,,GET,https://airportgap.com/api/airports/JFK,HTTP/2.0,default,,429,,tls1.3,https://airportgap.com/api/airports/JFK,,
http_req_sending,1784003729,0.000000,,,1429,false,,GET,https://airportgap.com/api/airports/JFK,HTTP/2.0,default,,429,,tls1.3,https://airportgap.com/api/airports/JFK,,
http_req_waiting,1784003729,204.028600,,,1429,false,,GET,https://airportgap.com/api/airports/JFK,HTTP/2.0,default,,429,,tls1.3,https://airportgap.com/api/airports/JFK,,
http_req_receiving,1784003729,0.000000,,,1429,false,,GET,https://airportgap.com/api/airports/JFK,HTTP/2.0,default,,429,,tls1.3,https://airportgap.com/api/airports/JFK,,
http_req_failed,1784003729,1.000000,,,1429,false,,GET,https://airportgap.com/api/airports/JFK,HTTP/2.0,default,,429,,tls1.3,https://airportgap.com/api/airports/JFK,,
checks,1784003729,0.000000,JFK status 200,,,,,,,,default,,,,,,,
http_reqs,1784003729,1.000000,,,1429,false,,GET,https://airportgap.com/api/airports/JFK,HTTP/2.0,default,,429,,tls1.3,https://airportgap.com/api/airports/JFK,,
http_req_duration,1784003729,204.028600,,,1429,false,,GET,https://airportgap.com/api/airports/JFK,HTTP/2.0,default,,429,,tls1.3,https://airportgap.com/api/airports/JFK,,
http_req_blocked,1784003729,0.000000,,,1429,false,,GET,https://airportgap.com/api/airports/JFK,HTTP/2.0,default,,429,,tls1.3,https://airportgap.com/api/airports/JFK,,
http_req_connecting,1784003729,0.000000,,,1429,false,,GET,https://airportgap.com/api/airports/JFK,HTTP/2.0,default,,429,,tls1.3,https://airportgap.com/api/airports/JFK,,
http_req_tls_handshaking,1784003729,0.000000,,,1429,false,,GET,https://airportgap.com/api/airports/JFK,HTTP/2.0,default,,429,,tls1.3,https://airportgap.com/api/airports/JFK,,
http_req_sending,1784003729,0.519900,,,1429,false,,GET,https://airportgap.com/api/airports/JFK,HTTP/2.0,default,,429,,tls1.3,https://airportgap.com/api/airports/JFK,,
http_req_waiting,1784003729,203.508700,,,1429,false,,GET,https://airportgap.com/api/airports/JFK,HTTP/2.0,default,,429,,tls1.3,https://airportgap.com/api/airports/JFK,,
http_req_receiving,1784003729,0.000000,,,1429,false,,GET,https://airportgap.com/api/airports/JFK,HTTP/2.0,default,,429,,tls1.3,https://airportgap.com/api/airports/JFK,,
http_req_failed,1784003729,1.000000,,,1429,false,,GET,https://airportgap.com/api/airports/JFK,HTTP/2.0,default,,429,,tls1.3,https://airportgap.com/api/airports/JFK,,
checks,1784003729,0.000000,JFK status 200,,,,,,,,default,,,,,,,
data_sent,1784003730,72.000000,,,,,,,,,default,,,,,,,
data_received,1784003730,263.000000,,,,,,,,,default,,,,,,,
iteration_duration,1784003730,1435.002000,,,,,,,,,default,,,,,,,
iterations,1784003730,1.000000,,,,,,,,,default,,,,,,,
data_sent,1784003730,72.000000,,,,,,,,,default,,,,,,,
data_received,1784003730,263.000000,,,,,,,,,default,,,,,,,
iteration_duration,1784003730,1431.936300,,,,,,,,,default,,,,,,,
iterations,1784003730,1.000000,,,,,,,,,default,,,,,,,
http_reqs,1784003730,1.000000,,,1429,false,,GET,https://airportgap.com/api/airports,HTTP/2.0,default,,429,,tls1.3,https://airportgap.com/api/airports,,
http_req_duration,1784003730,227.470000,,,1429,false,,GET,https://airportgap.com/api/airports,HTTP/2.0,default,,429,,tls1.3,https://airportgap.com/api/airports,,
http_req_blocked,1784003730,0.000000,,,1429,false,,GET,https://airportgap.com/api/airports,HTTP/2.0,default,,429,,tls1.3,https://airportgap.com/api/airports,,
http_req_connecting,1784003730,0.000000,,,1429,false,,GET,https://airportgap.com/api/airports,HTTP/2.0,default,,429,,tls1.3,https://airportgap.com/api/airports,,
http_req_tls_handshaking,1784003730,0.000000,,,1429,false,,GET,https://airportgap.com/api/airports,HTTP/2.0,default,,429,,tls1.3,https://airportgap.com/api/airports,,
http_req_sending,1784003730,0.471800,,,1429,false,,GET,https://airportgap.com/api/airports,HTTP/2.0,default,,429,,tls1.3,https://airportgap.com/api/airports,,
http_req_waiting,1784003730,226.219800,,,1429,false,,GET,https://airportgap.com/api/airports,HTTP/2.0,default,,429,,tls1.3,https://airportgap.com/api/airports,,
http_req_receiving,1784003730,0.778400,,,1429,false,,GET,https://airportgap.com/api/airports,HTTP/2.0,default,,429,,tls1.3,https://airportgap.com/api/airports,,
http_req_failed,1784003730,1.000000,,,1429,false,,GET,https://airportgap.com/api/airports,HTTP/2.0,default,,429,,tls1.3,https://airportgap.com/api/airports,,
checks,1784003730,0.000000,status 200,,,,,,,,default,,,,,,,
checks,1784003730,1.000000,menos de 1000ms,,,,,,,,default,,,,,,,
vus,1784003730,10.000000,,,,,,,,,,,,,,,,
vus_max,1784003730,10.000000,,,,,,,,,,,,,,,,
data_sent,1784003730,72.000000,,,,,,,,,default,,,,,,,
data_received,1784003730,263.000000,,,,,,,,,default,,,,,,,
iteration_duration,1784003730,1433.452600,,,,,,,,,default,,,,,,,
iterations,1784003730,1.000000,,,,,,,,,default,,,,,,,
data_sent,1784003730,72.000000,,,,,,,,,default,,,,,,,
data_received,1784003730,263.000000,,,,,,,,,default,,,,,,,
iteration_duration,1784003730,1433.452600,,,,,,,,,default,,,,,,,
iterations,1784003730,1.000000,,,,,,,,,default,,,,,,,
data_sent,1784003730,72.000000,,,,,,,,,default,,,,,,,
data_received,1784003730,263.000000,,,,,,,,,default,,,,,,,
iteration_duration,1784003730,1432.935900,,,,,,,,,default,,,,,,,
iterations,1784003730,1.000000,,,,,,,,,default,,,,,,,
data_sent,1784003730,72.000000,,,,,,,,,default,,,,,,,
data_received,1784003730,262.000000,,,,,,,,,default,,,,,,,
iteration_duration,1784003730,1433.968600,,,,,,,,,default,,,,,,,
iterations,1784003730,1.000000,,,,,,,,,default,,,,,,,
data_sent,1784003730,72.000000,,,,,,,,,default,,,,,,,
data_received,1784003730,263.000000,,,,,,,,,default,,,,,,,
iteration_duration,1784003730,1433.451900,,,,,,,,,default,,,,,,,
iterations,1784003730,1.000000,,,,,,,,,default,,,,,,,
data_sent,1784003730,72.000000,,,,,,,,,default,,,,,,,
data_received,1784003730,263.000000,,,,,,,,,default,,,,,,,
iteration_duration,1784003730,1434.397300,,,,,,,,,default,,,,,,,
iterations,1784003730,1.000000,,,,,,,,,default,,,,,,,
data_sent,1784003730,72.000000,,,,,,,,,default,,,,,,,
data_received,1784003730,264.000000,,,,,,,,,default,,,,,,,
iteration_duration,1784003730,1433.968600,,,,,,,,,default,,,,,,,
iterations,1784003730,1.000000,,,,,,,,,default,,,,,,,
data_sent,1784003730,72.000000,,,,,,,,,default,,,,,,,
data_received,1784003730,263.000000,,,,,,,,,default,,,,,,,
iteration_duration,1784003730,1433.968600,,,,,,,,,default,,,,,,,
iterations,1784003730,1.000000,,,,,,,,,default,,,,,,,
http_reqs,1784003730,1.000000,,,1429,false,,GET,https://airportgap.com/api/airports,HTTP/2.0,default,,429,,tls1.3,https://airportgap.com/api/airports,,
http_req_duration,1784003730,215.678700,,,1429,false,,GET,https://airportgap.com/api/airports,HTTP/2.0,default,,429,,tls1.3,https://airportgap.com/api/airports,,
http_req_blocked,1784003730,0.000000,,,1429,false,,GET,https://airportgap.com/api/airports,HTTP/2.0,default,,429,,tls1.3,https://airportgap.com/api/airports,,
http_req_connecting,1784003730,0.000000,,,1429,false,,GET,https://airportgap.com/api/airports,HTTP/2.0,default,,429,,tls1.3,https://airportgap.com/api/airports,,
http_req_tls_handshaking,1784003730,0.000000,,,1429,false,,GET,https://airportgap.com/api/airports,HTTP/2.0,default,,429,,tls1.3,https://airportgap.com/api/airports,,
http_req_sending,1784003730,0.587100,,,1429,false,,GET,https://airportgap.com/api/airports,HTTP/2.0,default,,429,,tls1.3,https://airportgap.com/api/airports,,
http_req_waiting,1784003730,215.091600,,,1429,false,,GET,https://airportgap.com/api/airports,HTTP/2.0,default,,429,,tls1.3,https://airportgap.com/api/airports,,
http_req_receiving,1784003730,0.000000,,,1429,false,,GET,https://airportgap.com/api/airports,HTTP/2.0,default,,429,,tls1.3,https://airportgap.com/api/airports,,
http_req_failed,1784003730,1.000000,,,1429,false,,GET,https://airportgap.com/api/airports,HTTP/2.0,default,,429,,tls1.3,https://airportgap.com/api/airports,,
checks,1784003730,0.000000,status 200,,,,,,,,default,,,,,,,
checks,1784003730,1.000000,menos de 1000ms,,,,,,,,default,,,,,,,
http_reqs,1784003730,1.000000,,,1429,false,,GET,https://airportgap.com/api/airports/JFK,HTTP/2.0,default,,429,,tls1.3,https://airportgap.com/api/airports/JFK,,
http_req_duration,1784003730,203.363900,,,1429,false,,GET,https://airportgap.com/api/airports/JFK,HTTP/2.0,default,,429,,tls1.3,https://airportgap.com/api/airports/JFK,,
http_req_blocked,1784003730,0.000000,,,1429,false,,GET,https://airportgap.com/api/airports/JFK,HTTP/2.0,default,,429,,tls1.3,https://airportgap.com/api/airports/JFK,,
http_req_connecting,1784003730,0.000000,,,1429,false,,GET,https://airportgap.com/api/airports/JFK,HTTP/2.0,default,,429,,tls1.3,https://airportgap.com/api/airports/JFK,,
http_req_tls_handshaking,1784003730,0.000000,,,1429,false,,GET,https://airportgap.com/api/airports/JFK,HTTP/2.0,default,,429,,tls1.3,https://airportgap.com/api/airports/JFK,,
http_req_sending,1784003730,0.000000,,,1429,false,,GET,https://airportgap.com/api/airports/JFK,HTTP/2.0,default,,429,,tls1.3,https://airportgap.com/api/airports/JFK,,
http_req_waiting,1784003730,203.363900,,,1429,false,,GET,https://airportgap.com/api/airports/JFK,HTTP/2.0,default,,429,,tls1.3,https://airportgap.com/api/airports/JFK,,
http_req_receiving,1784003730,0.000000,,,1429,false,,GET,https://airportgap.com/api/airports/JFK,HTTP/2.0,default,,429,,tls1.3,https://airportgap.com/api/airports/JFK,,
http_req_failed,1784003730,1.000000,,,1429,false,,GET,https://airportgap.com/api/airports/JFK,HTTP/2.0,default,,429,,tls1.3,https://airportgap.com/api/airports/JFK,,
checks,1784003730,0.000000,JFK status 200,,,,,,,,default,,,,,,,
http_reqs,1784003731,1.000000,,,1429,false,,GET,https://airportgap.com/api/airports/JFK,HTTP/2.0,default,,429,,tls1.3,https://airportgap.com/api/airports/JFK,,
http_req_duration,1784003731,217.836200,,,1429,false,,GET,https://airportgap.com/api/airports/JFK,HTTP/2.0,default,,429,,tls1.3,https://airportgap.com/api/airports/JFK,,
http_req_blocked,1784003731,0.000000,,,1429,false,,GET,https://airportgap.com/api/airports/JFK,HTTP/2.0,default,,429,,tls1.3,https://airportgap.com/api/airports/JFK,,
http_req_connecting,1784003731,0.000000,,,1429,false,,GET,https://airportgap.com/api/airports/JFK,HTTP/2.0,default,,429,,tls1.3,https://airportgap.com/api/airports/JFK,,
http_req_tls_handshaking,1784003731,0.000000,,,1429,false,,GET,https://airportgap.com/api/airports/JFK,HTTP/2.0,default,,429,,tls1.3,https://airportgap.com/api/airports/JFK,,
http_req_sending,1784003731,0.588500,,,1429,false,,GET,https://airportgap.com/api/airports/JFK,HTTP/2.0,default,,429,,tls1.3,https://airportgap.com/api/airports/JFK,,
http_req_waiting,1784003731,216.788200,,,1429,false,,GET,https://airportgap.com/api/airports/JFK,HTTP/2.0,default,,429,,tls1.3,https://airportgap.com/api/airports/JFK,,
http_req_receiving,1784003731,0.459500,,,1429,false,,GET,https://airportgap.com/api/airports/JFK,HTTP/2.0,default,,429,,tls1.3,https://airportgap.com/api/airports/JFK,,
http_req_failed,1784003731,1.000000,,,1429,false,,GET,https://airportgap.com/api/airports/JFK,HTTP/2.0,default,,429,,tls1.3,https://airportgap.com/api/airports/JFK,,
checks,1784003731,0.000000,JFK status 200,,,,,,,,default,,,,,,,
http_reqs,1784003731,1.000000,,,1429,false,,GET,https://airportgap.com/api/airports,HTTP/2.0,default,,429,,tls1.3,https://airportgap.com/api/airports,,
http_req_duration,1784003731,228.251700,,,1429,false,,GET,https://airportgap.com/api/airports,HTTP/2.0,default,,429,,tls1.3,https://airportgap.com/api/airports,,
http_req_blocked,1784003731,0.000000,,,1429,false,,GET,https://airportgap.com/api/airports,HTTP/2.0,default,,429,,tls1.3,https://airportgap.com/api/airports,,
http_req_connecting,1784003731,0.000000,,,1429,false,,GET,https://airportgap.com/api/airports,HTTP/2.0,default,,429,,tls1.3,https://airportgap.com/api/airports,,
http_req_tls_handshaking,1784003731,0.000000,,,1429,false,,GET,https://airportgap.com/api/airports,HTTP/2.0,default,,429,,tls1.3,https://airportgap.com/api/airports,,
http_req_sending,1784003731,0.551400,,,1429,false,,GET,https://airportgap.com/api/airports,HTTP/2.0,default,,429,,tls1.3,https://airportgap.com/api/airports,,
http_req_waiting,1784003731,227.700300,,,1429,false,,GET,https://airportgap.com/api/airports,HTTP/2.0,default,,429,,tls1.3,https://airportgap.com/api/airports,,
http_req_receiving,1784003731,0.000000,,,1429,false,,GET,https://airportgap.com/api/airports,HTTP/2.0,default,,429,,tls1.3,https://airportgap.com/api/airports,,
http_req_failed,1784003731,1.000000,,,1429,false,,GET,https://airportgap.com/api/airports,HTTP/2.0,default,,429,,tls1.3,https://airportgap.com/api/airports,,
http_reqs,1784003731,1.000000,,,1429,false,,GET,https://airportgap.com/api/airports,HTTP/2.0,default,,429,,tls1.3,https://airportgap.com/api/airports,,
http_req_duration,1784003731,228.251700,,,1429,false,,GET,https://airportgap.com/api/airports,HTTP/2.0,default,,429,,tls1.3,https://airportgap.com/api/airports,,
http_req_blocked,1784003731,0.000000,,,1429,false,,GET,https://airportgap.com/api/airports,HTTP/2.0,default,,429,,tls1.3,https://airportgap.com/api/airports,,
http_req_connecting,1784003731,0.000000,,,1429,false,,GET,https://airportgap.com/api/airports,HTTP/2.0,default,,429,,tls1.3,https://airportgap.com/api/airports,,
http_req_tls_handshaking,1784003731,0.000000,,,1429,false,,GET,https://airportgap.com/api/airports,HTTP/2.0,default,,429,,tls1.3,https://airportgap.com/api/airports,,
http_req_sending,1784003731,0.000000,,,1429,false,,GET,https://airportgap.com/api/airports,HTTP/2.0,default,,429,,tls1.3,https://airportgap.com/api/airports,,
http_req_waiting,1784003731,228.251700,,,1429,false,,GET,https://airportgap.com/api/airports,HTTP/2.0,default,,429,,tls1.3,https://airportgap.com/api/airports,,
http_req_receiving,1784003731,0.000000,,,1429,false,,GET,https://airportgap.com/api/airports,HTTP/2.0,default,,429,,tls1.3,https://airportgap.com/api/airports,,
http_req_failed,1784003731,1.000000,,,1429,false,,GET,https://airportgap.com/api/airports,HTTP/2.0,default,,429,,tls1.3,https://airportgap.com/api/airports,,
checks,1784003731,0.000000,status 200,,,,,,,,default,,,,,,,
checks,1784003731,1.000000,menos de 1000ms,,,,,,,,default,,,,,,,
checks,1784003731,0.000000,status 200,,,,,,,,default,,,,,,,
checks,1784003731,1.000000,menos de 1000ms,,,,,,,,default,,,,,,,
http_reqs,1784003731,1.000000,,,1429,false,,GET,https://airportgap.com/api/airports,HTTP/2.0,default,,429,,tls1.3,https://airportgap.com/api/airports,,
http_req_duration,1784003731,228.767700,,,1429,false,,GET,https://airportgap.com/api/airports,HTTP/2.0,default,,429,,tls1.3,https://airportgap.com/api/airports,,
http_req_blocked,1784003731,0.000000,,,1429,false,,GET,https://airportgap.com/api/airports,HTTP/2.0,default,,429,,tls1.3,https://airportgap.com/api/airports,,
http_req_connecting,1784003731,0.000000,,,1429,false,,GET,https://airportgap.com/api/airports,HTTP/2.0,default,,429,,tls1.3,https://airportgap.com/api/airports,,
http_req_tls_handshaking,1784003731,0.000000,,,1429,false,,GET,https://airportgap.com/api/airports,HTTP/2.0,default,,429,,tls1.3,https://airportgap.com/api/airports,,
http_req_sending,1784003731,0.516000,,,1429,false,,GET,https://airportgap.com/api/airports,HTTP/2.0,default,,429,,tls1.3,https://airportgap.com/api/airports,,
http_req_waiting,1784003731,228.251700,,,1429,false,,GET,https://airportgap.com/api/airports,HTTP/2.0,default,,429,,tls1.3,https://airportgap.com/api/airports,,
http_req_receiving,1784003731,0.000000,,,1429,false,,GET,https://airportgap.com/api/airports,HTTP/2.0,default,,429,,tls1.3,https://airportgap.com/api/airports,,
http_req_failed,1784003731,1.000000,,,1429,false,,GET,https://airportgap.com/api/airports,HTTP/2.0,default,,429,,tls1.3,https://airportgap.com/api/airports,,
http_reqs,1784003731,1.000000,,,1429,false,,GET,https://airportgap.com/api/airports,HTTP/2.0,default,,429,,tls1.3,https://airportgap.com/api/airports,,
http_req_duration,1784003731,228.251700,,,1429,false,,GET,https://airportgap.com/api/airports,HTTP/2.0,default,,429,,tls1.3,https://airportgap.com/api/airports,,
http_req_blocked,1784003731,0.000000,,,1429,false,,GET,https://airportgap.com/api/airports,HTTP/2.0,default,,429,,tls1.3,https://airportgap.com/api/airports,,
http_req_connecting,1784003731,0.000000,,,1429,false,,GET,https://airportgap.com/api/airports,HTTP/2.0,default,,429,,tls1.3,https://airportgap.com/api/airports,,
http_req_tls_handshaking,1784003731,0.000000,,,1429,false,,GET,https://airportgap.com/api/airports,HTTP/2.0,default,,429,,tls1.3,https://airportgap.com/api/airports,,
http_req_sending,1784003731,0.000000,,,1429,false,,GET,https://airportgap.com/api/airports,HTTP/2.0,default,,429,,tls1.3,https://airportgap.com/api/airports,,
http_req_waiting,1784003731,228.251700,,,1429,false,,GET,https://airportgap.com/api/airports,HTTP/2.0,default,,429,,tls1.3,https://airportgap.com/api/airports,,
http_req_receiving,1784003731,0.000000,,,1429,false,,GET,https://airportgap.com/api/airports,HTTP/2.0,default,,429,,tls1.3,https://airportgap.com/api/airports,,
http_req_failed,1784003731,1.000000,,,1429,false,,GET,https://airportgap.com/api/airports,HTTP/2.0,default,,429,,tls1.3,https://airportgap.com/api/airports,,
http_reqs,1784003731,1.000000,,,1429,false,,GET,https://airportgap.com/api/airports,HTTP/2.0,default,,429,,tls1.3,https://airportgap.com/api/airports,,
http_req_duration,1784003731,228.251700,,,1429,false,,GET,https://airportgap.com/api/airports,HTTP/2.0,default,,429,,tls1.3,https://airportgap.com/api/airports,,
http_req_blocked,1784003731,0.000000,,,1429,false,,GET,https://airportgap.com/api/airports,HTTP/2.0,default,,429,,tls1.3,https://airportgap.com/api/airports,,
http_req_connecting,1784003731,0.000000,,,1429,false,,GET,https://airportgap.com/api/airports,HTTP/2.0,default,,429,,tls1.3,https://airportgap.com/api/airports,,
http_req_tls_handshaking,1784003731,0.000000,,,1429,false,,GET,https://airportgap.com/api/airports,HTTP/2.0,default,,429,,tls1.3,https://airportgap.com/api/airports,,
http_req_sending,1784003731,0.000000,,,1429,false,,GET,https://airportgap.com/api/airports,HTTP/2.0,default,,429,,tls1.3,https://airportgap.com/api/airports,,
http_req_waiting,1784003731,228.251700,,,1429,false,,GET,https://airportgap.com/api/airports,HTTP/2.0,default,,429,,tls1.3,https://airportgap.com/api/airports,,
http_req_receiving,1784003731,0.000000,,,1429,false,,GET,https://airportgap.com/api/airports,HTTP/2.0,default,,429,,tls1.3,https://airportgap.com/api/airports,,
http_req_failed,1784003731,1.000000,,,1429,false,,GET,https://airportgap.com/api/airports,HTTP/2.0,default,,429,,tls1.3,https://airportgap.com/api/airports,,
checks,1784003731,0.000000,status 200,,,,,,,,default,,,,,,,
checks,1784003731,1.000000,menos de 1000ms,,,,,,,,default,,,,,,,
checks,1784003731,0.000000,status 200,,,,,,,,default,,,,,,,
http_reqs,1784003731,1.000000,,,1429,false,,GET,https://airportgap.com/api/airports,HTTP/2.0,default,,429,,tls1.3,https://airportgap.com/api/airports,,
http_req_duration,1784003731,229.788000,,,1429,false,,GET,https://airportgap.com/api/airports,HTTP/2.0,default,,429,,tls1.3,https://airportgap.com/api/airports,,
http_req_blocked,1784003731,0.000000,,,1429,false,,GET,https://airportgap.com/api/airports,HTTP/2.0,default,,429,,tls1.3,https://airportgap.com/api/airports,,
http_req_connecting,1784003731,0.000000,,,1429,false,,GET,https://airportgap.com/api/airports,HTTP/2.0,default,,429,,tls1.3,https://airportgap.com/api/airports,,
http_req_tls_handshaking,1784003731,0.000000,,,1429,false,,GET,https://airportgap.com/api/airports,HTTP/2.0,default,,429,,tls1.3,https://airportgap.com/api/airports,,
http_req_sending,1784003731,0.516000,,,1429,false,,GET,https://airportgap.com/api/airports,HTTP/2.0,default,,429,,tls1.3,https://airportgap.com/api/airports,,
http_req_waiting,1784003731,228.251700,,,1429,false,,GET,https://airportgap.com/api/airports,HTTP/2.0,default,,429,,tls1.3,https://airportgap.com/api/airports,,
http_req_receiving,1784003731,1.020300,,,1429,false,,GET,https://airportgap.com/api/airports,HTTP/2.0,default,,429,,tls1.3,https://airportgap.com/api/airports,,
http_req_failed,1784003731,1.000000,,,1429,false,,GET,https://airportgap.com/api/airports,HTTP/2.0,default,,429,,tls1.3,https://airportgap.com/api/airports,,
checks,1784003731,1.000000,menos de 1000ms,,,,,,,,default,,,,,,,
checks,1784003731,0.000000,status 200,,,,,,,,default,,,,,,,
checks,1784003731,1.000000,menos de 1000ms,,,,,,,,default,,,,,,,
http_reqs,1784003731,1.000000,,,1429,false,,GET,https://airportgap.com/api/airports,HTTP/2.0,default,,429,,tls1.3,https://airportgap.com/api/airports,,
http_req_duration,1784003731,229.272000,,,1429,false,,GET,https://airportgap.com/api/airports,HTTP/2.0,default,,429,,tls1.3,https://airportgap.com/api/airports,,
http_req_blocked,1784003731,0.000000,,,1429,false,,GET,https://airportgap.com/api/airports,HTTP/2.0,default,,429,,tls1.3,https://airportgap.com/api/airports,,
http_req_connecting,1784003731,0.000000,,,1429,false,,GET,https://airportgap.com/api/airports,HTTP/2.0,default,,429,,tls1.3,https://airportgap.com/api/airports,,
http_req_tls_handshaking,1784003731,0.000000,,,1429,false,,GET,https://airportgap.com/api/airports,HTTP/2.0,default,,429,,tls1.3,https://airportgap.com/api/airports,,
http_req_sending,1784003731,0.000000,,,1429,false,,GET,https://airportgap.com/api/airports,HTTP/2.0,default,,429,,tls1.3,https://airportgap.com/api/airports,,
http_req_waiting,1784003731,229.272000,,,1429,false,,GET,https://airportgap.com/api/airports,HTTP/2.0,default,,429,,tls1.3,https://airportgap.com/api/airports,,
http_req_receiving,1784003731,0.000000,,,1429,false,,GET,https://airportgap.com/api/airports,HTTP/2.0,default,,429,,tls1.3,https://airportgap.com/api/airports,,
http_req_failed,1784003731,1.000000,,,1429,false,,GET,https://airportgap.com/api/airports,HTTP/2.0,default,,429,,tls1.3,https://airportgap.com/api/airports,,
checks,1784003731,0.000000,status 200,,,,,,,,default,,,,,,,
checks,1784003731,1.000000,menos de 1000ms,,,,,,,,default,,,,,,,
checks,1784003731,0.000000,status 200,,,,,,,,default,,,,,,,
checks,1784003731,1.000000,menos de 1000ms,,,,,,,,default,,,,,,,
http_reqs,1784003731,1.000000,,,1429,false,,GET,https://airportgap.com/api/airports,HTTP/2.0,default,,429,,tls1.3,https://airportgap.com/api/airports,,
http_req_duration,1784003731,229.592600,,,1429,false,,GET,https://airportgap.com/api/airports,HTTP/2.0,default,,429,,tls1.3,https://airportgap.com/api/airports,,
http_req_blocked,1784003731,0.000000,,,1429,false,,GET,https://airportgap.com/api/airports,HTTP/2.0,default,,429,,tls1.3,https://airportgap.com/api/airports,,
http_req_connecting,1784003731,0.000000,,,1429,false,,GET,https://airportgap.com/api/airports,HTTP/2.0,default,,429,,tls1.3,https://airportgap.com/api/airports,,
http_req_tls_handshaking,1784003731,0.000000,,,1429,false,,GET,https://airportgap.com/api/airports,HTTP/2.0,default,,429,,tls1.3,https://airportgap.com/api/airports,,
http_req_sending,1784003731,0.000000,,,1429,false,,GET,https://airportgap.com/api/airports,HTTP/2.0,default,,429,,tls1.3,https://airportgap.com/api/airports,,
http_req_waiting,1784003731,229.272000,,,1429,false,,GET,https://airportgap.com/api/airports,HTTP/2.0,default,,429,,tls1.3,https://airportgap.com/api/airports,,
http_req_receiving,1784003731,0.320600,,,1429,false,,GET,https://airportgap.com/api/airports,HTTP/2.0,default,,429,,tls1.3,https://airportgap.com/api/airports,,
http_req_failed,1784003731,1.000000,,,1429,false,,GET,https://airportgap.com/api/airports,HTTP/2.0,default,,429,,tls1.3,https://airportgap.com/api/airports,,
checks,1784003731,0.000000,status 200,,,,,,,,default,,,,,,,
checks,1784003731,1.000000,menos de 1000ms,,,,,,,,default,,,,,,,
http_reqs,1784003731,1.000000,,,1429,false,,GET,https://airportgap.com/api/airports/JFK,HTTP/2.0,default,,429,,tls1.3,https://airportgap.com/api/airports/JFK,,
http_req_duration,1784003731,201.793400,,,1429,false,,GET,https://airportgap.com/api/airports/JFK,HTTP/2.0,default,,429,,tls1.3,https://airportgap.com/api/airports/JFK,,
http_req_blocked,1784003731,0.000000,,,1429,false,,GET,https://airportgap.com/api/airports/JFK,HTTP/2.0,default,,429,,tls1.3,https://airportgap.com/api/airports/JFK,,
http_req_connecting,1784003731,0.000000,,,1429,false,,GET,https://airportgap.com/api/airports/JFK,HTTP/2.0,default,,429,,tls1.3,https://airportgap.com/api/airports/JFK,,
http_req_tls_handshaking,1784003731,0.000000,,,1429,false,,GET,https://airportgap.com/api/airports/JFK,HTTP/2.0,default,,429,,tls1.3,https://airportgap.com/api/airports/JFK,,
http_req_sending,1784003731,0.320600,,,1429,false,,GET,https://airportgap.com/api/airports/JFK,HTTP/2.0,default,,429,,tls1.3,https://airportgap.com/api/airports/JFK,,
http_req_waiting,1784003731,201.472800,,,1429,false,,GET,https://airportgap.com/api/airports/JFK,HTTP/2.0,default,,429,,tls1.3,https://airportgap.com/api/airports/JFK,,
http_req_receiving,1784003731,0.000000,,,1429,false,,GET,https://airportgap.com/api/airports/JFK,HTTP/2.0,default,,429,,tls1.3,https://airportgap.com/api/airports/JFK,,
http_req_failed,1784003731,1.000000,,,1429,false,,GET,https://airportgap.com/api/airports/JFK,HTTP/2.0,default,,429,,tls1.3,https://airportgap.com/api/airports/JFK,,
checks,1784003731,0.000000,JFK status 200,,,,,,,,default,,,,,,,
http_reqs,1784003731,1.000000,,,1429,false,,GET,https://airportgap.com/api/airports/JFK,HTTP/2.0,default,,429,,tls1.3,https://airportgap.com/api/airports/JFK,,
http_req_duration,1784003731,202.756100,,,1429,false,,GET,https://airportgap.com/api/airports/JFK,HTTP/2.0,default,,429,,tls1.3,https://airportgap.com/api/airports/JFK,,
http_req_blocked,1784003731,0.000000,,,1429,false,,GET,https://airportgap.com/api/airports/JFK,HTTP/2.0,default,,429,,tls1.3,https://airportgap.com/api/airports/JFK,,
http_req_connecting,1784003731,0.000000,,,1429,false,,GET,https://airportgap.com/api/airports/JFK,HTTP/2.0,default,,429,,tls1.3,https://airportgap.com/api/airports/JFK,,
http_req_tls_handshaking,1784003731,0.000000,,,1429,false,,GET,https://airportgap.com/api/airports/JFK,HTTP/2.0,default,,429,,tls1.3,https://airportgap.com/api/airports/JFK,,
http_req_sending,1784003731,0.320600,,,1429,false,,GET,https://airportgap.com/api/airports/JFK,HTTP/2.0,default,,429,,tls1.3,https://airportgap.com/api/airports/JFK,,
http_req_waiting,1784003731,202.435500,,,1429,false,,GET,https://airportgap.com/api/airports/JFK,HTTP/2.0,default,,429,,tls1.3,https://airportgap.com/api/airports/JFK,,
http_req_receiving,1784003731,0.000000,,,1429,false,,GET,https://airportgap.com/api/airports/JFK,HTTP/2.0,default,,429,,tls1.3,https://airportgap.com/api/airports/JFK,,
http_req_failed,1784003731,1.000000,,,1429,false,,GET,https://airportgap.com/api/airports/JFK,HTTP/2.0,default,,429,,tls1.3,https://airportgap.com/api/airports/JFK,,
http_reqs,1784003731,1.000000,,,1429,false,,GET,https://airportgap.com/api/airports/JFK,HTTP/2.0,default,,429,,tls1.3,https://airportgap.com/api/airports/JFK,,
http_req_duration,1784003731,203.776400,,,1429,false,,GET,https://airportgap.com/api/airports/JFK,HTTP/2.0,default,,429,,tls1.3,https://airportgap.com/api/airports/JFK,,
http_req_blocked,1784003731,0.000000,,,1429,false,,GET,https://airportgap.com/api/airports/JFK,HTTP/2.0,default,,429,,tls1.3,https://airportgap.com/api/airports/JFK,,
http_req_connecting,1784003731,0.000000,,,1429,false,,GET,https://airportgap.com/api/airports/JFK,HTTP/2.0,default,,429,,tls1.3,https://airportgap.com/api/airports/JFK,,
http_req_tls_handshaking,1784003731,0.000000,,,1429,false,,GET,https://airportgap.com/api/airports/JFK,HTTP/2.0,default,,429,,tls1.3,https://airportgap.com/api/airports/JFK,,
http_req_sending,1784003731,0.000000,,,1429,false,,GET,https://airportgap.com/api/airports/JFK,HTTP/2.0,default,,429,,tls1.3,https://airportgap.com/api/airports/JFK,,
http_req_waiting,1784003731,203.776400,,,1429,false,,GET,https://airportgap.com/api/airports/JFK,HTTP/2.0,default,,429,,tls1.3,https://airportgap.com/api/airports/JFK,,
http_req_receiving,1784003731,0.000000,,,1429,false,,GET,https://airportgap.com/api/airports/JFK,HTTP/2.0,default,,429,,tls1.3,https://airportgap.com/api/airports/JFK,,
http_req_failed,1784003731,1.000000,,,1429,false,,GET,https://airportgap.com/api/airports/JFK,HTTP/2.0,default,,429,,tls1.3,https://airportgap.com/api/airports/JFK,,
http_reqs,1784003731,1.000000,,,1429,false,,GET,https://airportgap.com/api/airports/JFK,HTTP/2.0,default,,429,,tls1.3,https://airportgap.com/api/airports/JFK,,
http_req_duration,1784003731,202.756100,,,1429,false,,GET,https://airportgap.com/api/airports/JFK,HTTP/2.0,default,,429,,tls1.3,https://airportgap.com/api/airports/JFK,,
http_req_blocked,1784003731,0.000000,,,1429,false,,GET,https://airportgap.com/api/airports/JFK,HTTP/2.0,default,,429,,tls1.3,https://airportgap.com/api/airports/JFK,,
http_req_connecting,1784003731,0.000000,,,1429,false,,GET,https://airportgap.com/api/airports/JFK,HTTP/2.0,default,,429,,tls1.3,https://airportgap.com/api/airports/JFK,,
http_req_tls_handshaking,1784003731,0.000000,,,1429,false,,GET,https://airportgap.com/api/airports/JFK,HTTP/2.0,default,,429,,tls1.3,https://airportgap.com/api/airports/JFK,,
http_req_sending,1784003731,0.000000,,,1429,false,,GET,https://airportgap.com/api/airports/JFK,HTTP/2.0,default,,429,,tls1.3,https://airportgap.com/api/airports/JFK,,
http_req_waiting,1784003731,202.756100,,,1429,false,,GET,https://airportgap.com/api/airports/JFK,HTTP/2.0,default,,429,,tls1.3,https://airportgap.com/api/airports/JFK,,
http_req_receiving,1784003731,0.000000,,,1429,false,,GET,https://airportgap.com/api/airports/JFK,HTTP/2.0,default,,429,,tls1.3,https://airportgap.com/api/airports/JFK,,
http_req_failed,1784003731,1.000000,,,1429,false,,GET,https://airportgap.com/api/airports/JFK,HTTP/2.0,default,,429,,tls1.3,https://airportgap.com/api/airports/JFK,,
http_reqs,1784003731,1.000000,,,1429,false,,GET,https://airportgap.com/api/airports/JFK,HTTP/2.0,default,,429,,tls1.3,https://airportgap.com/api/airports/JFK,,
http_req_duration,1784003731,202.756100,,,1429,false,,GET,https://airportgap.com/api/airports/JFK,HTTP/2.0,default,,429,,tls1.3,https://airportgap.com/api/airports/JFK,,
http_req_blocked,1784003731,0.000000,,,1429,false,,GET,https://airportgap.com/api/airports/JFK,HTTP/2.0,default,,429,,tls1.3,https://airportgap.com/api/airports/JFK,,
http_req_connecting,1784003731,0.000000,,,1429,false,,GET,https://airportgap.com/api/airports/JFK,HTTP/2.0,default,,429,,tls1.3,https://airportgap.com/api/airports/JFK,,
http_req_tls_handshaking,1784003731,0.000000,,,1429,false,,GET,https://airportgap.com/api/airports/JFK,HTTP/2.0,default,,429,,tls1.3,https://airportgap.com/api/airports/JFK,,
http_req_sending,1784003731,0.000000,,,1429,false,,GET,https://airportgap.com/api/airports/JFK,HTTP/2.0,default,,429,,tls1.3,https://airportgap.com/api/airports/JFK,,
http_req_waiting,1784003731,202.756100,,,1429,false,,GET,https://airportgap.com/api/airports/JFK,HTTP/2.0,default,,429,,tls1.3,https://airportgap.com/api/airports/JFK,,
http_req_receiving,1784003731,0.000000,,,1429,false,,GET,https://airportgap.com/api/airports/JFK,HTTP/2.0,default,,429,,tls1.3,https://airportgap.com/api/airports/JFK,,
http_req_failed,1784003731,1.000000,,,1429,false,,GET,https://airportgap.com/api/airports/JFK,HTTP/2.0,default,,429,,tls1.3,https://airportgap.com/api/airports/JFK,,
checks,1784003731,0.000000,JFK status 200,,,,,,,,default,,,,,,,
checks,1784003731,0.000000,JFK status 200,,,,,,,,default,,,,,,,
checks,1784003731,0.000000,JFK status 200,,,,,,,,default,,,,,,,
checks,1784003731,0.000000,JFK status 200,,,,,,,,default,,,,,,,
http_reqs,1784003731,1.000000,,,1429,false,,GET,https://airportgap.com/api/airports/JFK,HTTP/2.0,default,,429,,tls1.3,https://airportgap.com/api/airports/JFK,,
http_req_duration,1784003731,203.097700,,,1429,false,,GET,https://airportgap.com/api/airports/JFK,HTTP/2.0,default,,429,,tls1.3,https://airportgap.com/api/airports/JFK,,
http_req_blocked,1784003731,0.000000,,,1429,false,,GET,https://airportgap.com/api/airports/JFK,HTTP/2.0,default,,429,,tls1.3,https://airportgap.com/api/airports/JFK,,
http_req_connecting,1784003731,0.000000,,,1429,false,,GET,https://airportgap.com/api/airports/JFK,HTTP/2.0,default,,429,,tls1.3,https://airportgap.com/api/airports/JFK,,
http_req_tls_handshaking,1784003731,0.000000,,,1429,false,,GET,https://airportgap.com/api/airports/JFK,HTTP/2.0,default,,429,,tls1.3,https://airportgap.com/api/airports/JFK,,
http_req_sending,1784003731,0.000000,,,1429,false,,GET,https://airportgap.com/api/airports/JFK,HTTP/2.0,default,,429,,tls1.3,https://airportgap.com/api/airports/JFK,,
http_req_waiting,1784003731,203.097700,,,1429,false,,GET,https://airportgap.com/api/airports/JFK,HTTP/2.0,default,,429,,tls1.3,https://airportgap.com/api/airports/JFK,,
http_req_receiving,1784003731,0.000000,,,1429,false,,GET,https://airportgap.com/api/airports/JFK,HTTP/2.0,default,,429,,tls1.3,https://airportgap.com/api/airports/JFK,,
http_req_failed,1784003731,1.000000,,,1429,false,,GET,https://airportgap.com/api/airports/JFK,HTTP/2.0,default,,429,,tls1.3,https://airportgap.com/api/airports/JFK,,
http_reqs,1784003731,1.000000,,,1429,false,,GET,https://airportgap.com/api/airports/JFK,HTTP/2.0,default,,429,,tls1.3,https://airportgap.com/api/airports/JFK,,
http_req_duration,1784003731,204.438600,,,1429,false,,GET,https://airportgap.com/api/airports/JFK,HTTP/2.0,default,,429,,tls1.3,https://airportgap.com/api/airports/JFK,,
http_req_blocked,1784003731,0.000000,,,1429,false,,GET,https://airportgap.com/api/airports/JFK,HTTP/2.0,default,,429,,tls1.3,https://airportgap.com/api/airports/JFK,,
http_req_connecting,1784003731,0.000000,,,1429,false,,GET,https://airportgap.com/api/airports/JFK,HTTP/2.0,default,,429,,tls1.3,https://airportgap.com/api/airports/JFK,,
http_req_tls_handshaking,1784003731,0.000000,,,1429,false,,GET,https://airportgap.com/api/airports/JFK,HTTP/2.0,default,,429,,tls1.3,https://airportgap.com/api/airports/JFK,,
http_req_sending,1784003731,0.000000,,,1429,false,,GET,https://airportgap.com/api/airports/JFK,HTTP/2.0,default,,429,,tls1.3,https://airportgap.com/api/airports/JFK,,
http_req_waiting,1784003731,204.438600,,,1429,false,,GET,https://airportgap.com/api/airports/JFK,HTTP/2.0,default,,429,,tls1.3,https://airportgap.com/api/airports/JFK,,
http_req_receiving,1784003731,0.000000,,,1429,false,,GET,https://airportgap.com/api/airports/JFK,HTTP/2.0,default,,429,,tls1.3,https://airportgap.com/api/airports/JFK,,
http_req_failed,1784003731,1.000000,,,1429,false,,GET,https://airportgap.com/api/airports/JFK,HTTP/2.0,default,,429,,tls1.3,https://airportgap.com/api/airports/JFK,,
checks,1784003731,0.000000,JFK status 200,,,,,,,,default,,,,,,,
checks,1784003731,0.000000,JFK status 200,,,,,,,,default,,,,,,,
http_reqs,1784003731,1.000000,,,1429,false,,GET,https://airportgap.com/api/airports/JFK,HTTP/2.0,default,,429,,tls1.3,https://airportgap.com/api/airports/JFK,,
http_req_duration,1784003731,203.097700,,,1429,false,,GET,https://airportgap.com/api/airports/JFK,HTTP/2.0,default,,429,,tls1.3,https://airportgap.com/api/airports/JFK,,
http_req_blocked,1784003731,0.000000,,,1429,false,,GET,https://airportgap.com/api/airports/JFK,HTTP/2.0,default,,429,,tls1.3,https://airportgap.com/api/airports/JFK,,
http_req_connecting,1784003731,0.000000,,,1429,false,,GET,https://airportgap.com/api/airports/JFK,HTTP/2.0,default,,429,,tls1.3,https://airportgap.com/api/airports/JFK,,
http_req_tls_handshaking,1784003731,0.000000,,,1429,false,,GET,https://airportgap.com/api/airports/JFK,HTTP/2.0,default,,429,,tls1.3,https://airportgap.com/api/airports/JFK,,
http_req_sending,1784003731,0.000000,,,1429,false,,GET,https://airportgap.com/api/airports/JFK,HTTP/2.0,default,,429,,tls1.3,https://airportgap.com/api/airports/JFK,,
http_req_waiting,1784003731,203.097700,,,1429,false,,GET,https://airportgap.com/api/airports/JFK,HTTP/2.0,default,,429,,tls1.3,https://airportgap.com/api/airports/JFK,,
http_req_receiving,1784003731,0.000000,,,1429,false,,GET,https://airportgap.com/api/airports/JFK,HTTP/2.0,default,,429,,tls1.3,https://airportgap.com/api/airports/JFK,,
http_req_failed,1784003731,1.000000,,,1429,false,,GET,https://airportgap.com/api/airports/JFK,HTTP/2.0,default,,429,,tls1.3,https://airportgap.com/api/airports/JFK,,
checks,1784003731,0.000000,JFK status 200,,,,,,,,default,,,,,,,
vus,1784003731,10.000000,,,,,,,,,,,,,,,,
vus_max,1784003731,10.000000,,,,,,,,,,,,,,,,
data_sent,1784003731,72.000000,,,,,,,,,default,,,,,,,
data_received,1784003731,263.000000,,,,,,,,,default,,,,,,,
iteration_duration,1784003731,1431.392500,,,,,,,,,default,,,,,,,
iterations,1784003731,1.000000,,,,,,,,,default,,,,,,,
data_sent,1784003732,72.000000,,,,,,,,,default,,,,,,,
data_received,1784003732,286.000000,,,,,,,,,default,,,,,,,
iteration_duration,1784003732,1434.489600,,,,,,,,,default,,,,,,,
iterations,1784003732,1.000000,,,,,,,,,default,,,,,,,
http_reqs,1784003732,1.000000,,,1429,false,,GET,https://airportgap.com/api/airports,HTTP/2.0,default,,429,,tls1.3,https://airportgap.com/api/airports,,
http_req_duration,1784003732,230.756500,,,1429,false,,GET,https://airportgap.com/api/airports,HTTP/2.0,default,,429,,tls1.3,https://airportgap.com/api/airports,,
http_req_blocked,1784003732,0.000000,,,1429,false,,GET,https://airportgap.com/api/airports,HTTP/2.0,default,,429,,tls1.3,https://airportgap.com/api/airports,,
http_req_connecting,1784003732,0.000000,,,1429,false,,GET,https://airportgap.com/api/airports,HTTP/2.0,default,,429,,tls1.3,https://airportgap.com/api/airports,,
http_req_tls_handshaking,1784003732,0.000000,,,1429,false,,GET,https://airportgap.com/api/airports,HTTP/2.0,default,,429,,tls1.3,https://airportgap.com/api/airports,,
http_req_sending,1784003732,0.348800,,,1429,false,,GET,https://airportgap.com/api/airports,HTTP/2.0,default,,429,,tls1.3,https://airportgap.com/api/airports,,
http_req_waiting,1784003732,226.871500,,,1429,false,,GET,https://airportgap.com/api/airports,HTTP/2.0,default,,429,,tls1.3,https://airportgap.com/api/airports,,
http_req_receiving,1784003732,3.536200,,,1429,false,,GET,https://airportgap.com/api/airports,HTTP/2.0,default,,429,,tls1.3,https://airportgap.com/api/airports,,
http_req_failed,1784003732,1.000000,,,1429,false,,GET,https://airportgap.com/api/airports,HTTP/2.0,default,,429,,tls1.3,https://airportgap.com/api/airports,,
checks,1784003732,0.000000,status 200,,,,,,,,default,,,,,,,
checks,1784003732,1.000000,menos de 1000ms,,,,,,,,default,,,,,,,
data_sent,1784003732,72.000000,,,,,,,,,default,,,,,,,
data_received,1784003732,263.000000,,,,,,,,,default,,,,,,,
iteration_duration,1784003732,1432.047300,,,,,,,,,default,,,,,,,
iterations,1784003732,1.000000,,,,,,,,,default,,,,,,,
data_sent,1784003732,72.000000,,,,,,,,,default,,,,,,,
data_received,1784003732,262.000000,,,,,,,,,default,,,,,,,
iteration_duration,1784003732,1434.644300,,,,,,,,,default,,,,,,,
iterations,1784003732,1.000000,,,,,,,,,default,,,,,,,
data_sent,1784003732,72.000000,,,,,,,,,default,,,,,,,
data_received,1784003732,263.000000,,,,,,,,,default,,,,,,,
iteration_duration,1784003732,1434.644300,,,,,,,,,default,,,,,,,
iterations,1784003732,1.000000,,,,,,,,,default,,,,,,,
data_sent,1784003732,72.000000,,,,,,,,,default,,,,,,,
data_received,1784003732,263.000000,,,,,,,,,default,,,,,,,
iteration_duration,1784003732,1434.128300,,,,,,,,,default,,,,,,,
iterations,1784003732,1.000000,,,,,,,,,default,,,,,,,
data_sent,1784003732,72.000000,,,,,,,,,default,,,,,,,
data_received,1784003732,263.000000,,,,,,,,,default,,,,,,,
iteration_duration,1784003732,1434.644300,,,,,,,,,default,,,,,,,
iterations,1784003732,1.000000,,,,,,,,,default,,,,,,,
data_sent,1784003732,72.000000,,,,,,,,,default,,,,,,,
data_received,1784003732,263.000000,,,,,,,,,default,,,,,,,
iteration_duration,1784003732,1434.642100,,,,,,,,,default,,,,,,,
iterations,1784003732,1.000000,,,,,,,,,default,,,,,,,
data_sent,1784003732,72.000000,,,,,,,,,default,,,,,,,
data_received,1784003732,263.000000,,,,,,,,,default,,,,,,,
iteration_duration,1784003732,1434.642100,,,,,,,,,default,,,,,,,
iterations,1784003732,1.000000,,,,,,,,,default,,,,,,,
data_sent,1784003732,72.000000,,,,,,,,,default,,,,,,,
data_received,1784003732,255.000000,,,,,,,,,default,,,,,,,
iteration_duration,1784003732,1434.642100,,,,,,,,,default,,,,,,,
iterations,1784003732,1.000000,,,,,,,,,default,,,,,,,
http_reqs,1784003732,1.000000,,,1429,false,,GET,https://airportgap.com/api/airports,HTTP/2.0,default,,429,,tls1.3,https://airportgap.com/api/airports,,
http_req_duration,1784003732,214.922900,,,1429,false,,GET,https://airportgap.com/api/airports,HTTP/2.0,default,,429,,tls1.3,https://airportgap.com/api/airports,,
http_req_blocked,1784003732,0.000000,,,1429,false,,GET,https://airportgap.com/api/airports,HTTP/2.0,default,,429,,tls1.3,https://airportgap.com/api/airports,,
http_req_connecting,1784003732,0.000000,,,1429,false,,GET,https://airportgap.com/api/airports,HTTP/2.0,default,,429,,tls1.3,https://airportgap.com/api/airports,,
http_req_tls_handshaking,1784003732,0.000000,,,1429,false,,GET,https://airportgap.com/api/airports,HTTP/2.0,default,,429,,tls1.3,https://airportgap.com/api/airports,,
http_req_sending,1784003732,0.616400,,,1429,false,,GET,https://airportgap.com/api/airports,HTTP/2.0,default,,429,,tls1.3,https://airportgap.com/api/airports,,
http_req_waiting,1784003732,214.306500,,,1429,false,,GET,https://airportgap.com/api/airports,HTTP/2.0,default,,429,,tls1.3,https://airportgap.com/api/airports,,
http_req_receiving,1784003732,0.000000,,,1429,false,,GET,https://airportgap.com/api/airports,HTTP/2.0,default,,429,,tls1.3,https://airportgap.com/api/airports,,
http_req_failed,1784003732,1.000000,,,1429,false,,GET,https://airportgap.com/api/airports,HTTP/2.0,default,,429,,tls1.3,https://airportgap.com/api/airports,,
checks,1784003732,0.000000,status 200,,,,,,,,default,,,,,,,
checks,1784003732,1.000000,menos de 1000ms,,,,,,,,default,,,,,,,
http_reqs,1784003732,1.000000,,,1429,false,,GET,https://airportgap.com/api/airports/JFK,HTTP/2.0,default,,429,,tls1.3,https://airportgap.com/api/airports/JFK,,
http_req_duration,1784003732,202.869300,,,1429,false,,GET,https://airportgap.com/api/airports/JFK,HTTP/2.0,default,,429,,tls1.3,https://airportgap.com/api/airports/JFK,,
http_req_blocked,1784003732,0.000000,,,1429,false,,GET,https://airportgap.com/api/airports/JFK,HTTP/2.0,default,,429,,tls1.3,https://airportgap.com/api/airports/JFK,,
http_req_connecting,1784003732,0.000000,,,1429,false,,GET,https://airportgap.com/api/airports/JFK,HTTP/2.0,default,,429,,tls1.3,https://airportgap.com/api/airports/JFK,,
http_req_tls_handshaking,1784003732,0.000000,,,1429,false,,GET,https://airportgap.com/api/airports/JFK,HTTP/2.0,default,,429,,tls1.3,https://airportgap.com/api/airports/JFK,,
http_req_sending,1784003732,0.514100,,,1429,false,,GET,https://airportgap.com/api/airports/JFK,HTTP/2.0,default,,429,,tls1.3,https://airportgap.com/api/airports/JFK,,
http_req_waiting,1784003732,202.355200,,,1429,false,,GET,https://airportgap.com/api/airports/JFK,HTTP/2.0,default,,429,,tls1.3,https://airportgap.com/api/airports/JFK,,
http_req_receiving,1784003732,0.000000,,,1429,false,,GET,https://airportgap.com/api/airports/JFK,HTTP/2.0,default,,429,,tls1.3,https://airportgap.com/api/airports/JFK,,
http_req_failed,1784003732,1.000000,,,1429,false,,GET,https://airportgap.com/api/airports/JFK,HTTP/2.0,default,,429,,tls1.3,https://airportgap.com/api/airports/JFK,,
checks,1784003732,0.000000,JFK status 200,,,,,,,,default,,,,,,,
http_reqs,1784003732,1.000000,,,1429,false,,GET,https://airportgap.com/api/airports/JFK,HTTP/2.0,default,,429,,tls1.3,https://airportgap.com/api/airports/JFK,,
http_req_duration,1784003732,216.405100,,,1429,false,,GET,https://airportgap.com/api/airports/JFK,HTTP/2.0,default,,429,,tls1.3,https://airportgap.com/api/airports/JFK,,
http_req_blocked,1784003732,0.000000,,,1429,false,,GET,https://airportgap.com/api/airports/JFK,HTTP/2.0,default,,429,,tls1.3,https://airportgap.com/api/airports/JFK,,
http_req_connecting,1784003732,0.000000,,,1429,false,,GET,https://airportgap.com/api/airports/JFK,HTTP/2.0,default,,429,,tls1.3,https://airportgap.com/api/airports/JFK,,
http_req_tls_handshaking,1784003732,0.000000,,,1429,false,,GET,https://airportgap.com/api/airports/JFK,HTTP/2.0,default,,429,,tls1.3,https://airportgap.com/api/airports/JFK,,
http_req_sending,1784003732,0.512200,,,1429,false,,GET,https://airportgap.com/api/airports/JFK,HTTP/2.0,default,,429,,tls1.3,https://airportgap.com/api/airports/JFK,,
http_req_waiting,1784003732,215.892900,,,1429,false,,GET,https://airportgap.com/api/airports/JFK,HTTP/2.0,default,,429,,tls1.3,https://airportgap.com/api/airports/JFK,,
http_req_receiving,1784003732,0.000000,,,1429,false,,GET,https://airportgap.com/api/airports/JFK,HTTP/2.0,default,,429,,tls1.3,https://airportgap.com/api/airports/JFK,,
http_req_failed,1784003732,1.000000,,,1429,false,,GET,https://airportgap.com/api/airports/JFK,HTTP/2.0,default,,429,,tls1.3,https://airportgap.com/api/airports/JFK,,
http_reqs,1784003732,1.000000,,,1429,false,,GET,https://airportgap.com/api/airports,HTTP/2.0,default,,429,,tls1.3,https://airportgap.com/api/airports,,
http_req_duration,1784003732,225.916500,,,1429,false,,GET,https://airportgap.com/api/airports,HTTP/2.0,default,,429,,tls1.3,https://airportgap.com/api/airports,,
http_req_blocked,1784003732,0.000000,,,1429,false,,GET,https://airportgap.com/api/airports,HTTP/2.0,default,,429,,tls1.3,https://airportgap.com/api/airports,,
http_req_connecting,1784003732,0.000000,,,1429,false,,GET,https://airportgap.com/api/airports,HTTP/2.0,default,,429,,tls1.3,https://airportgap.com/api/airports,,
http_req_tls_handshaking,1784003732,0.000000,,,1429,false,,GET,https://airportgap.com/api/airports,HTTP/2.0,default,,429,,tls1.3,https://airportgap.com/api/airports,,
http_req_sending,1784003732,0.000000,,,1429,false,,GET,https://airportgap.com/api/airports,HTTP/2.0,default,,429,,tls1.3,https://airportgap.com/api/airports,,
http_req_waiting,1784003732,225.916500,,,1429,false,,GET,https://airportgap.com/api/airports,HTTP/2.0,default,,429,,tls1.3,https://airportgap.com/api/airports,,
http_req_receiving,1784003732,0.000000,,,1429,false,,GET,https://airportgap.com/api/airports,HTTP/2.0,default,,429,,tls1.3,https://airportgap.com/api/airports,,
http_req_failed,1784003732,1.000000,,,1429,false,,GET,https://airportgap.com/api/airports,HTTP/2.0,default,,429,,tls1.3,https://airportgap.com/api/airports,,
checks,1784003732,0.000000,status 200,,,,,,,,default,,,,,,,
checks,1784003732,1.000000,menos de 1000ms,,,,,,,,default,,,,,,,
checks,1784003732,0.000000,JFK status 200,,,,,,,,default,,,,,,,
http_reqs,1784003732,1.000000,,,1429,false,,GET,https://airportgap.com/api/airports,HTTP/2.0,default,,429,,tls1.3,https://airportgap.com/api/airports,,
http_req_duration,1784003732,227.347600,,,1429,false,,GET,https://airportgap.com/api/airports,HTTP/2.0,default,,429,,tls1.3,https://airportgap.com/api/airports,,
http_req_blocked,1784003732,0.000000,,,1429,false,,GET,https://airportgap.com/api/airports,HTTP/2.0,default,,429,,tls1.3,https://airportgap.com/api/airports,,
http_req_connecting,1784003732,0.000000,,,1429,false,,GET,https://airportgap.com/api/airports,HTTP/2.0,default,,429,,tls1.3,https://airportgap.com/api/airports,,
http_req_tls_handshaking,1784003732,0.000000,,,1429,false,,GET,https://airportgap.com/api/airports,HTTP/2.0,default,,429,,tls1.3,https://airportgap.com/api/airports,,
http_req_sending,1784003732,0.513800,,,1429,false,,GET,https://airportgap.com/api/airports,HTTP/2.0,default,,429,,tls1.3,https://airportgap.com/api/airports,,
http_req_waiting,1784003732,225.916500,,,1429,false,,GET,https://airportgap.com/api/airports,HTTP/2.0,default,,429,,tls1.3,https://airportgap.com/api/airports,,
http_req_receiving,1784003732,0.917300,,,1429,false,,GET,https://airportgap.com/api/airports,HTTP/2.0,default,,429,,tls1.3,https://airportgap.com/api/airports,,
http_req_failed,1784003732,1.000000,,,1429,false,,GET,https://airportgap.com/api/airports,HTTP/2.0,default,,429,,tls1.3,https://airportgap.com/api/airports,,
http_reqs,1784003732,1.000000,,,1429,false,,GET,https://airportgap.com/api/airports,HTTP/2.0,default,,429,,tls1.3,https://airportgap.com/api/airports,,
http_req_duration,1784003732,226.833800,,,1429,false,,GET,https://airportgap.com/api/airports,HTTP/2.0,default,,429,,tls1.3,https://airportgap.com/api/airports,,
http_req_blocked,1784003732,0.000000,,,1429,false,,GET,https://airportgap.com/api/airports,HTTP/2.0,default,,429,,tls1.3,https://airportgap.com/api/airports,,
http_req_connecting,1784003732,0.000000,,,1429,false,,GET,https://airportgap.com/api/airports,HTTP/2.0,default,,429,,tls1.3,https://airportgap.com/api/airports,,
http_req_tls_handshaking,1784003732,0.000000,,,1429,false,,GET,https://airportgap.com/api/airports,HTTP/2.0,default,,429,,tls1.3,https://airportgap.com/api/airports,,
http_req_sending,1784003732,0.000000,,,1429,false,,GET,https://airportgap.com/api/airports,HTTP/2.0,default,,429,,tls1.3,https://airportgap.com/api/airports,,
http_req_waiting,1784003732,226.833800,,,1429,false,,GET,https://airportgap.com/api/airports,HTTP/2.0,default,,429,,tls1.3,https://airportgap.com/api/airports,,
http_req_receiving,1784003732,0.000000,,,1429,false,,GET,https://airportgap.com/api/airports,HTTP/2.0,default,,429,,tls1.3,https://airportgap.com/api/airports,,
http_req_failed,1784003732,1.000000,,,1429,false,,GET,https://airportgap.com/api/airports,HTTP/2.0,default,,429,,tls1.3,https://airportgap.com/api/airports,,
http_reqs,1784003732,1.000000,,,1429,false,,GET,https://airportgap.com/api/airports,HTTP/2.0,default,,429,,tls1.3,https://airportgap.com/api/airports,,
http_req_duration,1784003732,226.833800,,,1429,false,,GET,https://airportgap.com/api/airports,HTTP/2.0,default,,429,,tls1.3,https://airportgap.com/api/airports,,
http_req_blocked,1784003732,0.000000,,,1429,false,,GET,https://airportgap.com/api/airports,HTTP/2.0,default,,429,,tls1.3,https://airportgap.com/api/airports,,
http_req_connecting,1784003732,0.000000,,,1429,false,,GET,https://airportgap.com/api/airports,HTTP/2.0,default,,429,,tls1.3,https://airportgap.com/api/airports,,
http_req_tls_handshaking,1784003732,0.000000,,,1429,false,,GET,https://airportgap.com/api/airports,HTTP/2.0,default,,429,,tls1.3,https://airportgap.com/api/airports,,
http_req_sending,1784003732,0.375400,,,1429,false,,GET,https://airportgap.com/api/airports,HTTP/2.0,default,,429,,tls1.3,https://airportgap.com/api/airports,,
http_req_waiting,1784003732,226.458400,,,1429,false,,GET,https://airportgap.com/api/airports,HTTP/2.0,default,,429,,tls1.3,https://airportgap.com/api/airports,,
http_req_receiving,1784003732,0.000000,,,1429,false,,GET,https://airportgap.com/api/airports,HTTP/2.0,default,,429,,tls1.3,https://airportgap.com/api/airports,,
http_req_failed,1784003732,1.000000,,,1429,false,,GET,https://airportgap.com/api/airports,HTTP/2.0,default,,429,,tls1.3,https://airportgap.com/api/airports,,
checks,1784003732,0.000000,status 200,,,,,,,,default,,,,,,,
checks,1784003732,1.000000,menos de 1000ms,,,,,,,,default,,,,,,,
http_reqs,1784003732,1.000000,,,1429,false,,GET,https://airportgap.com/api/airports,HTTP/2.0,default,,429,,tls1.3,https://airportgap.com/api/airports,,
http_req_duration,1784003732,227.347600,,,1429,false,,GET,https://airportgap.com/api/airports,HTTP/2.0,default,,429,,tls1.3,https://airportgap.com/api/airports,,
http_req_blocked,1784003732,0.000000,,,1429,false,,GET,https://airportgap.com/api/airports,HTTP/2.0,default,,429,,tls1.3,https://airportgap.com/api/airports,,
http_req_connecting,1784003732,0.000000,,,1429,false,,GET,https://airportgap.com/api/airports,HTTP/2.0,default,,429,,tls1.3,https://airportgap.com/api/airports,,
http_req_tls_handshaking,1784003732,0.000000,,,1429,false,,GET,https://airportgap.com/api/airports,HTTP/2.0,default,,429,,tls1.3,https://airportgap.com/api/airports,,
http_req_sending,1784003732,0.000000,,,1429,false,,GET,https://airportgap.com/api/airports,HTTP/2.0,default,,429,,tls1.3,https://airportgap.com/api/airports,,
http_req_waiting,1784003732,227.347600,,,1429,false,,GET,https://airportgap.com/api/airports,HTTP/2.0,default,,429,,tls1.3,https://airportgap.com/api/airports,,
http_req_receiving,1784003732,0.000000,,,1429,false,,GET,https://airportgap.com/api/airports,HTTP/2.0,default,,429,,tls1.3,https://airportgap.com/api/airports,,
http_req_failed,1784003732,1.000000,,,1429,false,,GET,https://airportgap.com/api/airports,HTTP/2.0,default,,429,,tls1.3,https://airportgap.com/api/airports,,
checks,1784003732,0.000000,status 200,,,,,,,,default,,,,,,,
checks,1784003732,1.000000,menos de 1000ms,,,,,,,,default,,,,,,,
checks,1784003732,0.000000,status 200,,,,,,,,default,,,,,,,
checks,1784003732,1.000000,menos de 1000ms,,,,,,,,default,,,,,,,
checks,1784003732,0.000000,status 200,,,,,,,,default,,,,,,,
checks,1784003732,1.000000,menos de 1000ms,,,,,,,,default,,,,,,,
http_reqs,1784003732,1.000000,,,1429,false,,GET,https://airportgap.com/api/airports,HTTP/2.0,default,,429,,tls1.3,https://airportgap.com/api/airports,,
http_req_duration,1784003732,227.865400,,,1429,false,,GET,https://airportgap.com/api/airports,HTTP/2.0,default,,429,,tls1.3,https://airportgap.com/api/airports,,
http_req_blocked,1784003732,0.000000,,,1429,false,,GET,https://airportgap.com/api/airports,HTTP/2.0,default,,429,,tls1.3,https://airportgap.com/api/airports,,
http_req_connecting,1784003732,0.000000,,,1429,false,,GET,https://airportgap.com/api/airports,HTTP/2.0,default,,429,,tls1.3,https://airportgap.com/api/airports,,
http_req_tls_handshaking,1784003732,0.000000,,,1429,false,,GET,https://airportgap.com/api/airports,HTTP/2.0,default,,429,,tls1.3,https://airportgap.com/api/airports,,
http_req_sending,1784003732,0.000000,,,1429,false,,GET,https://airportgap.com/api/airports,HTTP/2.0,default,,429,,tls1.3,https://airportgap.com/api/airports,,
http_req_waiting,1784003732,227.865400,,,1429,false,,GET,https://airportgap.com/api/airports,HTTP/2.0,default,,429,,tls1.3,https://airportgap.com/api/airports,,
http_req_receiving,1784003732,0.000000,,,1429,false,,GET,https://airportgap.com/api/airports,HTTP/2.0,default,,429,,tls1.3,https://airportgap.com/api/airports,,
http_req_failed,1784003732,1.000000,,,1429,false,,GET,https://airportgap.com/api/airports,HTTP/2.0,default,,429,,tls1.3,https://airportgap.com/api/airports,,
checks,1784003732,0.000000,status 200,,,,,,,,default,,,,,,,
checks,1784003732,1.000000,menos de 1000ms,,,,,,,,default,,,,,,,
http_reqs,1784003732,1.000000,,,1429,false,,GET,https://airportgap.com/api/airports,HTTP/2.0,default,,429,,tls1.3,https://airportgap.com/api/airports,,
http_req_duration,1784003732,229.946400,,,1429,false,,GET,https://airportgap.com/api/airports,HTTP/2.0,default,,429,,tls1.3,https://airportgap.com/api/airports,,
http_req_blocked,1784003732,0.000000,,,1429,false,,GET,https://airportgap.com/api/airports,HTTP/2.0,default,,429,,tls1.3,https://airportgap.com/api/airports,,
http_req_connecting,1784003732,0.000000,,,1429,false,,GET,https://airportgap.com/api/airports,HTTP/2.0,default,,429,,tls1.3,https://airportgap.com/api/airports,,
http_req_tls_handshaking,1784003732,0.000000,,,1429,false,,GET,https://airportgap.com/api/airports,HTTP/2.0,default,,429,,tls1.3,https://airportgap.com/api/airports,,
http_req_sending,1784003732,0.304600,,,1429,false,,GET,https://airportgap.com/api/airports,HTTP/2.0,default,,429,,tls1.3,https://airportgap.com/api/airports,,
http_req_waiting,1784003732,229.641800,,,1429,false,,GET,https://airportgap.com/api/airports,HTTP/2.0,default,,429,,tls1.3,https://airportgap.com/api/airports,,
http_req_receiving,1784003732,0.000000,,,1429,false,,GET,https://airportgap.com/api/airports,HTTP/2.0,default,,429,,tls1.3,https://airportgap.com/api/airports,,
http_req_failed,1784003732,1.000000,,,1429,false,,GET,https://airportgap.com/api/airports,HTTP/2.0,default,,429,,tls1.3,https://airportgap.com/api/airports,,
checks,1784003732,0.000000,status 200,,,,,,,,default,,,,,,,
checks,1784003732,1.000000,menos de 1000ms,,,,,,,,default,,,,,,,
http_reqs,1784003732,1.000000,,,1429,false,,GET,https://airportgap.com/api/airports,HTTP/2.0,default,,429,,tls1.3,https://airportgap.com/api/airports,,
http_req_duration,1784003732,227.351600,,,1429,false,,GET,https://airportgap.com/api/airports,HTTP/2.0,default,,429,,tls1.3,https://airportgap.com/api/airports,,
http_req_blocked,1784003732,0.000000,,,1429,false,,GET,https://airportgap.com/api/airports,HTTP/2.0,default,,429,,tls1.3,https://airportgap.com/api/airports,,
http_req_connecting,1784003732,0.000000,,,1429,false,,GET,https://airportgap.com/api/airports,HTTP/2.0,default,,429,,tls1.3,https://airportgap.com/api/airports,,
http_req_tls_handshaking,1784003732,0.000000,,,1429,false,,GET,https://airportgap.com/api/airports,HTTP/2.0,default,,429,,tls1.3,https://airportgap.com/api/airports,,
http_req_sending,1784003732,0.000000,,,1429,false,,GET,https://airportgap.com/api/airports,HTTP/2.0,default,,429,,tls1.3,https://airportgap.com/api/airports,,
http_req_waiting,1784003732,227.351600,,,1429,false,,GET,https://airportgap.com/api/airports,HTTP/2.0,default,,429,,tls1.3,https://airportgap.com/api/airports,,
http_req_receiving,1784003732,0.000000,,,1429,false,,GET,https://airportgap.com/api/airports,HTTP/2.0,default,,429,,tls1.3,https://airportgap.com/api/airports,,
http_req_failed,1784003732,1.000000,,,1429,false,,GET,https://airportgap.com/api/airports,HTTP/2.0,default,,429,,tls1.3,https://airportgap.com/api/airports,,
checks,1784003732,0.000000,status 200,,,,,,,,default,,,,,,,
checks,1784003732,1.000000,menos de 1000ms,,,,,,,,default,,,,,,,
vus,1784003732,10.000000,,,,,,,,,,,,,,,,
vus_max,1784003732,10.000000,,,,,,,,,,,,,,,,
http_reqs,1784003732,1.000000,,,1429,false,,GET,https://airportgap.com/api/airports/JFK,HTTP/2.0,default,,429,,tls1.3,https://airportgap.com/api/airports/JFK,,
http_req_duration,1784003732,205.054700,,,1429,false,,GET,https://airportgap.com/api/airports/JFK,HTTP/2.0,default,,429,,tls1.3,https://airportgap.com/api/airports/JFK,,
http_req_blocked,1784003732,0.000000,,,1429,false,,GET,https://airportgap.com/api/airports/JFK,HTTP/2.0,default,,429,,tls1.3,https://airportgap.com/api/airports/JFK,,
http_req_connecting,1784003732,0.000000,,,1429,false,,GET,https://airportgap.com/api/airports/JFK,HTTP/2.0,default,,429,,tls1.3,https://airportgap.com/api/airports/JFK,,
http_req_tls_handshaking,1784003732,0.000000,,,1429,false,,GET,https://airportgap.com/api/airports/JFK,HTTP/2.0,default,,429,,tls1.3,https://airportgap.com/api/airports/JFK,,
http_req_sending,1784003732,0.000000,,,1429,false,,GET,https://airportgap.com/api/airports/JFK,HTTP/2.0,default,,429,,tls1.3,https://airportgap.com/api/airports/JFK,,
http_req_waiting,1784003732,204.543800,,,1429,false,,GET,https://airportgap.com/api/airports/JFK,HTTP/2.0,default,,429,,tls1.3,https://airportgap.com/api/airports/JFK,,
http_req_receiving,1784003732,0.510900,,,1429,false,,GET,https://airportgap.com/api/airports/JFK,HTTP/2.0,default,,429,,tls1.3,https://airportgap.com/api/airports/JFK,,
http_req_failed,1784003732,1.000000,,,1429,false,,GET,https://airportgap.com/api/airports/JFK,HTTP/2.0,default,,429,,tls1.3,https://airportgap.com/api/airports/JFK,,
http_reqs,1784003732,1.000000,,,1429,false,,GET,https://airportgap.com/api/airports/JFK,HTTP/2.0,default,,429,,tls1.3,https://airportgap.com/api/airports/JFK,,
http_req_duration,1784003732,204.436000,,,1429,false,,GET,https://airportgap.com/api/airports/JFK,HTTP/2.0,default,,429,,tls1.3,https://airportgap.com/api/airports/JFK,,
http_req_blocked,1784003732,0.000000,,,1429,false,,GET,https://airportgap.com/api/airports/JFK,HTTP/2.0,default,,429,,tls1.3,https://airportgap.com/api/airports/JFK,,
http_req_connecting,1784003732,0.000000,,,1429,false,,GET,https://airportgap.com/api/airports/JFK,HTTP/2.0,default,,429,,tls1.3,https://airportgap.com/api/airports/JFK,,
http_req_tls_handshaking,1784003732,0.000000,,,1429,false,,GET,https://airportgap.com/api/airports/JFK,HTTP/2.0,default,,429,,tls1.3,https://airportgap.com/api/airports/JFK,,
http_req_sending,1784003732,1.054600,,,1429,false,,GET,https://airportgap.com/api/airports/JFK,HTTP/2.0,default,,429,,tls1.3,https://airportgap.com/api/airports/JFK,,
http_req_waiting,1784003732,203.381400,,,1429,false,,GET,https://airportgap.com/api/airports/JFK,HTTP/2.0,default,,429,,tls1.3,https://airportgap.com/api/airports/JFK,,
http_req_receiving,1784003732,0.000000,,,1429,false,,GET,https://airportgap.com/api/airports/JFK,HTTP/2.0,default,,429,,tls1.3,https://airportgap.com/api/airports/JFK,,
http_req_failed,1784003732,1.000000,,,1429,false,,GET,https://airportgap.com/api/airports/JFK,HTTP/2.0,default,,429,,tls1.3,https://airportgap.com/api/airports/JFK,,
http_reqs,1784003732,1.000000,,,1429,false,,GET,https://airportgap.com/api/airports/JFK,HTTP/2.0,default,,429,,tls1.3,https://airportgap.com/api/airports/JFK,,
http_req_duration,1784003732,205.054700,,,1429,false,,GET,https://airportgap.com/api/airports/JFK,HTTP/2.0,default,,429,,tls1.3,https://airportgap.com/api/airports/JFK,,
http_req_blocked,1784003732,0.000000,,,1429,false,,GET,https://airportgap.com/api/airports/JFK,HTTP/2.0,default,,429,,tls1.3,https://airportgap.com/api/airports/JFK,,
http_req_connecting,1784003732,0.000000,,,1429,false,,GET,https://airportgap.com/api/airports/JFK,HTTP/2.0,default,,429,,tls1.3,https://airportgap.com/api/airports/JFK,,
http_req_tls_handshaking,1784003732,0.000000,,,1429,false,,GET,https://airportgap.com/api/airports/JFK,HTTP/2.0,default,,429,,tls1.3,https://airportgap.com/api/airports/JFK,,
http_req_sending,1784003732,0.000000,,,1429,false,,GET,https://airportgap.com/api/airports/JFK,HTTP/2.0,default,,429,,tls1.3,https://airportgap.com/api/airports/JFK,,
http_req_waiting,1784003732,205.054700,,,1429,false,,GET,https://airportgap.com/api/airports/JFK,HTTP/2.0,default,,429,,tls1.3,https://airportgap.com/api/airports/JFK,,
http_req_receiving,1784003732,0.000000,,,1429,false,,GET,https://airportgap.com/api/airports/JFK,HTTP/2.0,default,,429,,tls1.3,https://airportgap.com/api/airports/JFK,,
http_req_failed,1784003732,1.000000,,,1429,false,,GET,https://airportgap.com/api/airports/JFK,HTTP/2.0,default,,429,,tls1.3,https://airportgap.com/api/airports/JFK,,
checks,1784003732,0.000000,JFK status 200,,,,,,,,default,,,,,,,
checks,1784003732,0.000000,JFK status 200,,,,,,,,default,,,,,,,
http_reqs,1784003732,1.000000,,,1429,false,,GET,https://airportgap.com/api/airports/JFK,HTTP/2.0,default,,429,,tls1.3,https://airportgap.com/api/airports/JFK,,
http_req_duration,1784003732,205.436900,,,1429,false,,GET,https://airportgap.com/api/airports/JFK,HTTP/2.0,default,,429,,tls1.3,https://airportgap.com/api/airports/JFK,,
http_req_blocked,1784003732,0.000000,,,1429,false,,GET,https://airportgap.com/api/airports/JFK,HTTP/2.0,default,,429,,tls1.3,https://airportgap.com/api/airports/JFK,,
http_req_connecting,1784003732,0.000000,,,1429,false,,GET,https://airportgap.com/api/airports/JFK,HTTP/2.0,default,,429,,tls1.3,https://airportgap.com/api/airports/JFK,,
http_req_tls_handshaking,1784003732,0.000000,,,1429,false,,GET,https://airportgap.com/api/airports/JFK,HTTP/2.0,default,,429,,tls1.3,https://airportgap.com/api/airports/JFK,,
http_req_sending,1784003732,0.000000,,,1429,false,,GET,https://airportgap.com/api/airports/JFK,HTTP/2.0,default,,429,,tls1.3,https://airportgap.com/api/airports/JFK,,
http_req_waiting,1784003732,205.436900,,,1429,false,,GET,https://airportgap.com/api/airports/JFK,HTTP/2.0,default,,429,,tls1.3,https://airportgap.com/api/airports/JFK,,
http_req_receiving,1784003732,0.000000,,,1429,false,,GET,https://airportgap.com/api/airports/JFK,HTTP/2.0,default,,429,,tls1.3,https://airportgap.com/api/airports/JFK,,
http_req_failed,1784003732,1.000000,,,1429,false,,GET,https://airportgap.com/api/airports/JFK,HTTP/2.0,default,,429,,tls1.3,https://airportgap.com/api/airports/JFK,,
http_reqs,1784003732,1.000000,,,1429,false,,GET,https://airportgap.com/api/airports/JFK,HTTP/2.0,default,,429,,tls1.3,https://airportgap.com/api/airports/JFK,,
http_req_duration,1784003732,205.436900,,,1429,false,,GET,https://airportgap.com/api/airports/JFK,HTTP/2.0,default,,429,,tls1.3,https://airportgap.com/api/airports/JFK,,
http_req_blocked,1784003732,0.000000,,,1429,false,,GET,https://airportgap.com/api/airports/JFK,HTTP/2.0,default,,429,,tls1.3,https://airportgap.com/api/airports/JFK,,
http_req_connecting,1784003732,0.000000,,,1429,false,,GET,https://airportgap.com/api/airports/JFK,HTTP/2.0,default,,429,,tls1.3,https://airportgap.com/api/airports/JFK,,
http_req_tls_handshaking,1784003732,0.000000,,,1429,false,,GET,https://airportgap.com/api/airports/JFK,HTTP/2.0,default,,429,,tls1.3,https://airportgap.com/api/airports/JFK,,
http_req_sending,1784003732,0.000000,,,1429,false,,GET,https://airportgap.com/api/airports/JFK,HTTP/2.0,default,,429,,tls1.3,https://airportgap.com/api/airports/JFK,,
http_req_waiting,1784003732,205.436900,,,1429,false,,GET,https://airportgap.com/api/airports/JFK,HTTP/2.0,default,,429,,tls1.3,https://airportgap.com/api/airports/JFK,,
http_req_receiving,1784003732,0.000000,,,1429,false,,GET,https://airportgap.com/api/airports/JFK,HTTP/2.0,default,,429,,tls1.3,https://airportgap.com/api/airports/JFK,,
http_req_failed,1784003732,1.000000,,,1429,false,,GET,https://airportgap.com/api/airports/JFK,HTTP/2.0,default,,429,,tls1.3,https://airportgap.com/api/airports/JFK,,
checks,1784003732,0.000000,JFK status 200,,,,,,,,default,,,,,,,
checks,1784003732,0.000000,JFK status 200,,,,,,,,default,,,,,,,
http_reqs,1784003732,1.000000,,,1429,false,,GET,https://airportgap.com/api/airports/JFK,HTTP/2.0,default,,429,,tls1.3,https://airportgap.com/api/airports/JFK,,
http_req_duration,1784003732,205.954700,,,1429,false,,GET,https://airportgap.com/api/airports/JFK,HTTP/2.0,default,,429,,tls1.3,https://airportgap.com/api/airports/JFK,,
http_req_blocked,1784003732,0.000000,,,1429,false,,GET,https://airportgap.com/api/airports/JFK,HTTP/2.0,default,,429,,tls1.3,https://airportgap.com/api/airports/JFK,,
http_req_connecting,1784003732,0.000000,,,1429,false,,GET,https://airportgap.com/api/airports/JFK,HTTP/2.0,default,,429,,tls1.3,https://airportgap.com/api/airports/JFK,,
http_req_tls_handshaking,1784003732,0.000000,,,1429,false,,GET,https://airportgap.com/api/airports/JFK,HTTP/2.0,default,,429,,tls1.3,https://airportgap.com/api/airports/JFK,,
http_req_sending,1784003732,0.000000,,,1429,false,,GET,https://airportgap.com/api/airports/JFK,HTTP/2.0,default,,429,,tls1.3,https://airportgap.com/api/airports/JFK,,
http_req_waiting,1784003732,205.954700,,,1429,false,,GET,https://airportgap.com/api/airports/JFK,HTTP/2.0,default,,429,,tls1.3,https://airportgap.com/api/airports/JFK,,
http_req_receiving,1784003732,0.000000,,,1429,false,,GET,https://airportgap.com/api/airports/JFK,HTTP/2.0,default,,429,,tls1.3,https://airportgap.com/api/airports/JFK,,
http_req_failed,1784003732,1.000000,,,1429,false,,GET,https://airportgap.com/api/airports/JFK,HTTP/2.0,default,,429,,tls1.3,https://airportgap.com/api/airports/JFK,,
checks,1784003732,0.000000,JFK status 200,,,,,,,,default,,,,,,,
http_reqs,1784003732,1.000000,,,1429,false,,GET,https://airportgap.com/api/airports/JFK,HTTP/2.0,default,,429,,tls1.3,https://airportgap.com/api/airports/JFK,,
http_req_duration,1784003732,205.436900,,,1429,false,,GET,https://airportgap.com/api/airports/JFK,HTTP/2.0,default,,429,,tls1.3,https://airportgap.com/api/airports/JFK,,
http_req_blocked,1784003732,0.000000,,,1429,false,,GET,https://airportgap.com/api/airports/JFK,HTTP/2.0,default,,429,,tls1.3,https://airportgap.com/api/airports/JFK,,
http_req_connecting,1784003732,0.000000,,,1429,false,,GET,https://airportgap.com/api/airports/JFK,HTTP/2.0,default,,429,,tls1.3,https://airportgap.com/api/airports/JFK,,
http_req_tls_handshaking,1784003732,0.000000,,,1429,false,,GET,https://airportgap.com/api/airports/JFK,HTTP/2.0,default,,429,,tls1.3,https://airportgap.com/api/airports/JFK,,
http_req_sending,1784003732,0.000000,,,1429,false,,GET,https://airportgap.com/api/airports/JFK,HTTP/2.0,default,,429,,tls1.3,https://airportgap.com/api/airports/JFK,,
http_req_waiting,1784003732,205.436900,,,1429,false,,GET,https://airportgap.com/api/airports/JFK,HTTP/2.0,default,,429,,tls1.3,https://airportgap.com/api/airports/JFK,,
http_req_receiving,1784003732,0.000000,,,1429,false,,GET,https://airportgap.com/api/airports/JFK,HTTP/2.0,default,,429,,tls1.3,https://airportgap.com/api/airports/JFK,,
http_req_failed,1784003732,1.000000,,,1429,false,,GET,https://airportgap.com/api/airports/JFK,HTTP/2.0,default,,429,,tls1.3,https://airportgap.com/api/airports/JFK,,
http_reqs,1784003732,1.000000,,,1429,false,,GET,https://airportgap.com/api/airports/JFK,HTTP/2.0,default,,429,,tls1.3,https://airportgap.com/api/airports/JFK,,
http_req_duration,1784003732,205.436900,,,1429,false,,GET,https://airportgap.com/api/airports/JFK,HTTP/2.0,default,,429,,tls1.3,https://airportgap.com/api/airports/JFK,,
http_req_blocked,1784003732,0.000000,,,1429,false,,GET,https://airportgap.com/api/airports/JFK,HTTP/2.0,default,,429,,tls1.3,https://airportgap.com/api/airports/JFK,,
http_req_connecting,1784003732,0.000000,,,1429,false,,GET,https://airportgap.com/api/airports/JFK,HTTP/2.0,default,,429,,tls1.3,https://airportgap.com/api/airports/JFK,,
http_req_tls_handshaking,1784003732,0.000000,,,1429,false,,GET,https://airportgap.com/api/airports/JFK,HTTP/2.0,default,,429,,tls1.3,https://airportgap.com/api/airports/JFK,,
http_req_sending,1784003732,0.000000,,,1429,false,,GET,https://airportgap.com/api/airports/JFK,HTTP/2.0,default,,429,,tls1.3,https://airportgap.com/api/airports/JFK,,
http_req_waiting,1784003732,205.436900,,,1429,false,,GET,https://airportgap.com/api/airports/JFK,HTTP/2.0,default,,429,,tls1.3,https://airportgap.com/api/airports/JFK,,
http_req_receiving,1784003732,0.000000,,,1429,false,,GET,https://airportgap.com/api/airports/JFK,HTTP/2.0,default,,429,,tls1.3,https://airportgap.com/api/airports/JFK,,
http_req_failed,1784003732,1.000000,,,1429,false,,GET,https://airportgap.com/api/airports/JFK,HTTP/2.0,default,,429,,tls1.3,https://airportgap.com/api/airports/JFK,,
checks,1784003732,0.000000,JFK status 200,,,,,,,,default,,,,,,,
checks,1784003732,0.000000,JFK status 200,,,,,,,,default,,,,,,,
checks,1784003732,0.000000,JFK status 200,,,,,,,,default,,,,,,,
data_sent,1784003733,72.000000,,,,,,,,,default,,,,,,,
data_received,1784003733,263.000000,,,,,,,,,default,,,,,,,
iteration_duration,1784003733,1434.144500,,,,,,,,,default,,,,,,,
iterations,1784003733,1.000000,,,,,,,,,default,,,,,,,
data_sent,1784003733,72.000000,,,,,,,,,default,,,,,,,
data_received,1784003733,263.000000,,,,,,,,,default,,,,,,,
iteration_duration,1784003733,1433.570400,,,,,,,,,default,,,,,,,
iterations,1784003733,1.000000,,,,,,,,,default,,,,,,,
http_reqs,1784003733,1.000000,,,1429,false,,GET,https://airportgap.com/api/airports,HTTP/2.0,default,,429,,tls1.3,https://airportgap.com/api/airports,,
http_req_duration,1784003733,230.107400,,,1429,false,,GET,https://airportgap.com/api/airports,HTTP/2.0,default,,429,,tls1.3,https://airportgap.com/api/airports,,
http_req_blocked,1784003733,0.000000,,,1429,false,,GET,https://airportgap.com/api/airports,HTTP/2.0,default,,429,,tls1.3,https://airportgap.com/api/airports,,
http_req_connecting,1784003733,0.000000,,,1429,false,,GET,https://airportgap.com/api/airports,HTTP/2.0,default,,429,,tls1.3,https://airportgap.com/api/airports,,
http_req_tls_handshaking,1784003733,0.000000,,,1429,false,,GET,https://airportgap.com/api/airports,HTTP/2.0,default,,429,,tls1.3,https://airportgap.com/api/airports,,
http_req_sending,1784003733,0.000000,,,1429,false,,GET,https://airportgap.com/api/airports,HTTP/2.0,default,,429,,tls1.3,https://airportgap.com/api/airports,,
http_req_waiting,1784003733,230.107400,,,1429,false,,GET,https://airportgap.com/api/airports,HTTP/2.0,default,,429,,tls1.3,https://airportgap.com/api/airports,,
http_req_receiving,1784003733,0.000000,,,1429,false,,GET,https://airportgap.com/api/airports,HTTP/2.0,default,,429,,tls1.3,https://airportgap.com/api/airports,,
http_req_failed,1784003733,1.000000,,,1429,false,,GET,https://airportgap.com/api/airports,HTTP/2.0,default,,429,,tls1.3,https://airportgap.com/api/airports,,
checks,1784003733,0.000000,status 200,,,,,,,,default,,,,,,,
checks,1784003733,1.000000,menos de 1000ms,,,,,,,,default,,,,,,,
vus,1784003733,10.000000,,,,,,,,,,,,,,,,
vus_max,1784003733,10.000000,,,,,,,,,,,,,,,,
data_sent,1784003733,72.000000,,,,,,,,,default,,,,,,,
data_received,1784003733,263.000000,,,,,,,,,default,,,,,,,
iteration_duration,1784003733,1432.900500,,,,,,,,,default,,,,,,,
iterations,1784003733,1.000000,,,,,,,,,default,,,,,,,
data_sent,1784003733,72.000000,,,,,,,,,default,,,,,,,
data_received,1784003733,263.000000,,,,,,,,,default,,,,,,,
iteration_duration,1784003733,1435.495300,,,,,,,,,default,,,,,,,
iterations,1784003733,1.000000,,,,,,,,,default,,,,,,,
data_sent,1784003733,72.000000,,,,,,,,,default,,,,,,,
data_received,1784003733,263.000000,,,,,,,,,default,,,,,,,
iteration_duration,1784003733,1432.900500,,,,,,,,,default,,,,,,,
iterations,1784003733,1.000000,,,,,,,,,default,,,,,,,
data_sent,1784003733,72.000000,,,,,,,,,default,,,,,,,
data_received,1784003733,262.000000,,,,,,,,,default,,,,,,,
iteration_duration,1784003733,1433.864600,,,,,,,,,default,,,,,,,
iterations,1784003733,1.000000,,,,,,,,,default,,,,,,,
data_sent,1784003733,72.000000,,,,,,,,,default,,,,,,,
data_received,1784003733,265.000000,,,,,,,,,default,,,,,,,
iteration_duration,1784003733,1433.864600,,,,,,,,,default,,,,,,,
iterations,1784003733,1.000000,,,,,,,,,default,,,,,,,
data_sent,1784003733,72.000000,,,,,,,,,default,,,,,,,
data_received,1784003733,264.000000,,,,,,,,,default,,,,,,,
iteration_duration,1784003733,1433.350800,,,,,,,,,default,,,,,,,
iterations,1784003733,1.000000,,,,,,,,,default,,,,,,,
data_sent,1784003733,72.000000,,,,,,,,,default,,,,,,,
data_received,1784003733,262.000000,,,,,,,,,default,,,,,,,
iteration_duration,1784003733,1433.864600,,,,,,,,,default,,,,,,,
iterations,1784003733,1.000000,,,,,,,,,default,,,,,,,
data_sent,1784003733,72.000000,,,,,,,,,default,,,,,,,
data_received,1784003733,263.000000,,,,,,,,,default,,,,,,,
iteration_duration,1784003733,1433.864600,,,,,,,,,default,,,,,,,
iterations,1784003733,1.000000,,,,,,,,,default,,,,,,,
http_reqs,1784003733,1.000000,,,1429,false,,GET,https://airportgap.com/api/airports,HTTP/2.0,default,,429,,tls1.3,https://airportgap.com/api/airports,,
http_req_duration,1784003733,216.976600,,,1429,false,,GET,https://airportgap.com/api/airports,HTTP/2.0,default,,429,,tls1.3,https://airportgap.com/api/airports,,
http_req_blocked,1784003733,0.000000,,,1429,false,,GET,https://airportgap.com/api/airports,HTTP/2.0,default,,429,,tls1.3,https://airportgap.com/api/airports,,
http_req_connecting,1784003733,0.000000,,,1429,false,,GET,https://airportgap.com/api/airports,HTTP/2.0,default,,429,,tls1.3,https://airportgap.com/api/airports,,
http_req_tls_handshaking,1784003733,0.000000,,,1429,false,,GET,https://airportgap.com/api/airports,HTTP/2.0,default,,429,,tls1.3,https://airportgap.com/api/airports,,
http_req_sending,1784003733,0.498900,,,1429,false,,GET,https://airportgap.com/api/airports,HTTP/2.0,default,,429,,tls1.3,https://airportgap.com/api/airports,,
http_req_waiting,1784003733,216.477700,,,1429,false,,GET,https://airportgap.com/api/airports,HTTP/2.0,default,,429,,tls1.3,https://airportgap.com/api/airports,,
http_req_receiving,1784003733,0.000000,,,1429,false,,GET,https://airportgap.com/api/airports,HTTP/2.0,default,,429,,tls1.3,https://airportgap.com/api/airports,,
http_req_failed,1784003733,1.000000,,,1429,false,,GET,https://airportgap.com/api/airports,HTTP/2.0,default,,429,,tls1.3,https://airportgap.com/api/airports,,
checks,1784003733,0.000000,status 200,,,,,,,,default,,,,,,,
checks,1784003733,1.000000,menos de 1000ms,,,,,,,,default,,,,,,,
http_reqs,1784003733,1.000000,,,1429,false,,GET,https://airportgap.com/api/airports/JFK,HTTP/2.0,default,,429,,tls1.3,https://airportgap.com/api/airports/JFK,,
http_req_duration,1784003733,208.383500,,,1429,false,,GET,https://airportgap.com/api/airports/JFK,HTTP/2.0,default,,429,,tls1.3,https://airportgap.com/api/airports/JFK,,
http_req_blocked,1784003733,0.000000,,,1429,false,,GET,https://airportgap.com/api/airports/JFK,HTTP/2.0,default,,429,,tls1.3,https://airportgap.com/api/airports/JFK,,
http_req_connecting,1784003733,0.000000,,,1429,false,,GET,https://airportgap.com/api/airports/JFK,HTTP/2.0,default,,429,,tls1.3,https://airportgap.com/api/airports/JFK,,
http_req_tls_handshaking,1784003733,0.000000,,,1429,false,,GET,https://airportgap.com/api/airports/JFK,HTTP/2.0,default,,429,,tls1.3,https://airportgap.com/api/airports/JFK,,
http_req_sending,1784003733,0.515200,,,1429,false,,GET,https://airportgap.com/api/airports/JFK,HTTP/2.0,default,,429,,tls1.3,https://airportgap.com/api/airports/JFK,,
http_req_waiting,1784003733,207.868300,,,1429,false,,GET,https://airportgap.com/api/airports/JFK,HTTP/2.0,default,,429,,tls1.3,https://airportgap.com/api/airports/JFK,,
http_req_receiving,1784003733,0.000000,,,1429,false,,GET,https://airportgap.com/api/airports/JFK,HTTP/2.0,default,,429,,tls1.3,https://airportgap.com/api/airports/JFK,,
http_req_failed,1784003733,1.000000,,,1429,false,,GET,https://airportgap.com/api/airports/JFK,HTTP/2.0,default,,429,,tls1.3,https://airportgap.com/api/airports/JFK,,
checks,1784003733,0.000000,JFK status 200,,,,,,,,default,,,,,,,
http_reqs,1784003733,1.000000,,,1429,false,,GET,https://airportgap.com/api/airports/JFK,HTTP/2.0,default,,429,,tls1.3,https://airportgap.com/api/airports/JFK,,
http_req_duration,1784003733,211.424100,,,1429,false,,GET,https://airportgap.com/api/airports/JFK,HTTP/2.0,default,,429,,tls1.3,https://airportgap.com/api/airports/JFK,,
http_req_blocked,1784003733,0.000000,,,1429,false,,GET,https://airportgap.com/api/airports/JFK,HTTP/2.0,default,,429,,tls1.3,https://airportgap.com/api/airports/JFK,,
http_req_connecting,1784003733,0.000000,,,1429,false,,GET,https://airportgap.com/api/airports/JFK,HTTP/2.0,default,,429,,tls1.3,https://airportgap.com/api/airports/JFK,,
http_req_tls_handshaking,1784003733,0.000000,,,1429,false,,GET,https://airportgap.com/api/airports/JFK,HTTP/2.0,default,,429,,tls1.3,https://airportgap.com/api/airports/JFK,,
http_req_sending,1784003733,0.000000,,,1429,false,,GET,https://airportgap.com/api/airports/JFK,HTTP/2.0,default,,429,,tls1.3,https://airportgap.com/api/airports/JFK,,
http_req_waiting,1784003733,211.424100,,,1429,false,,GET,https://airportgap.com/api/airports/JFK,HTTP/2.0,default,,429,,tls1.3,https://airportgap.com/api/airports/JFK,,
http_req_receiving,1784003733,0.000000,,,1429,false,,GET,https://airportgap.com/api/airports/JFK,HTTP/2.0,default,,429,,tls1.3,https://airportgap.com/api/airports/JFK,,
http_req_failed,1784003733,1.000000,,,1429,false,,GET,https://airportgap.com/api/airports/JFK,HTTP/2.0,default,,429,,tls1.3,https://airportgap.com/api/airports/JFK,,
checks,1784003733,0.000000,JFK status 200,,,,,,,,default,,,,,,,
http_reqs,1784003733,1.000000,,,1429,false,,GET,https://airportgap.com/api/airports,HTTP/2.0,default,,429,,tls1.3,https://airportgap.com/api/airports,,
http_req_duration,1784003733,227.638900,,,1429,false,,GET,https://airportgap.com/api/airports,HTTP/2.0,default,,429,,tls1.3,https://airportgap.com/api/airports,,
http_req_blocked,1784003733,0.000000,,,1429,false,,GET,https://airportgap.com/api/airports,HTTP/2.0,default,,429,,tls1.3,https://airportgap.com/api/airports,,
http_req_connecting,1784003733,0.000000,,,1429,false,,GET,https://airportgap.com/api/airports,HTTP/2.0,default,,429,,tls1.3,https://airportgap.com/api/airports,,
http_req_tls_handshaking,1784003733,0.000000,,,1429,false,,GET,https://airportgap.com/api/airports,HTTP/2.0,default,,429,,tls1.3,https://airportgap.com/api/airports,,
http_req_sending,1784003733,0.450300,,,1429,false,,GET,https://airportgap.com/api/airports,HTTP/2.0,default,,429,,tls1.3,https://airportgap.com/api/airports,,
http_req_waiting,1784003733,227.188600,,,1429,false,,GET,https://airportgap.com/api/airports,HTTP/2.0,default,,429,,tls1.3,https://airportgap.com/api/airports,,
http_req_receiving,1784003733,0.000000,,,1429,false,,GET,https://airportgap.com/api/airports,HTTP/2.0,default,,429,,tls1.3,https://airportgap.com/api/airports,,
http_req_failed,1784003733,1.000000,,,1429,false,,GET,https://airportgap.com/api/airports,HTTP/2.0,default,,429,,tls1.3,https://airportgap.com/api/airports,,
checks,1784003733,0.000000,status 200,,,,,,,,default,,,,,,,
checks,1784003733,1.000000,menos de 1000ms,,,,,,,,default,,,,,,,
http_reqs,1784003733,1.000000,,,1429,false,,GET,https://airportgap.com/api/airports,HTTP/2.0,default,,429,,tls1.3,https://airportgap.com/api/airports,,
http_req_duration,1784003733,227.932600,,,1429,false,,GET,https://airportgap.com/api/airports,HTTP/2.0,default,,429,,tls1.3,https://airportgap.com/api/airports,,
http_req_blocked,1784003733,0.000000,,,1429,false,,GET,https://airportgap.com/api/airports,HTTP/2.0,default,,429,,tls1.3,https://airportgap.com/api/airports,,
http_req_connecting,1784003733,0.000000,,,1429,false,,GET,https://airportgap.com/api/airports,HTTP/2.0,default,,429,,tls1.3,https://airportgap.com/api/airports,,
http_req_tls_handshaking,1784003733,0.000000,,,1429,false,,GET,https://airportgap.com/api/airports,HTTP/2.0,default,,429,,tls1.3,https://airportgap.com/api/airports,,
http_req_sending,1784003733,0.000000,,,1429,false,,GET,https://airportgap.com/api/airports,HTTP/2.0,default,,429,,tls1.3,https://airportgap.com/api/airports,,
http_req_waiting,1784003733,227.188600,,,1429,false,,GET,https://airportgap.com/api/airports,HTTP/2.0,default,,429,,tls1.3,https://airportgap.com/api/airports,,
http_req_receiving,1784003733,0.744000,,,1429,false,,GET,https://airportgap.com/api/airports,HTTP/2.0,default,,429,,tls1.3,https://airportgap.com/api/airports,,
http_req_failed,1784003733,1.000000,,,1429,false,,GET,https://airportgap.com/api/airports,HTTP/2.0,default,,429,,tls1.3,https://airportgap.com/api/airports,,
checks,1784003733,0.000000,status 200,,,,,,,,default,,,,,,,
checks,1784003733,1.000000,menos de 1000ms,,,,,,,,default,,,,,,,
http_reqs,1784003733,1.000000,,,1429,false,,GET,https://airportgap.com/api/airports,HTTP/2.0,default,,429,,tls1.3,https://airportgap.com/api/airports,,
http_req_duration,1784003733,228.382900,,,1429,false,,GET,https://airportgap.com/api/airports,HTTP/2.0,default,,429,,tls1.3,https://airportgap.com/api/airports,,
http_req_blocked,1784003733,0.000000,,,1429,false,,GET,https://airportgap.com/api/airports,HTTP/2.0,default,,429,,tls1.3,https://airportgap.com/api/airports,,
http_req_connecting,1784003733,0.000000,,,1429,false,,GET,https://airportgap.com/api/airports,HTTP/2.0,default,,429,,tls1.3,https://airportgap.com/api/airports,,
http_req_tls_handshaking,1784003733,0.000000,,,1429,false,,GET,https://airportgap.com/api/airports,HTTP/2.0,default,,429,,tls1.3,https://airportgap.com/api/airports,,
http_req_sending,1784003733,0.450300,,,1429,false,,GET,https://airportgap.com/api/airports,HTTP/2.0,default,,429,,tls1.3,https://airportgap.com/api/airports,,
http_req_waiting,1784003733,227.932600,,,1429,false,,GET,https://airportgap.com/api/airports,HTTP/2.0,default,,429,,tls1.3,https://airportgap.com/api/airports,,
http_req_receiving,1784003733,0.000000,,,1429,false,,GET,https://airportgap.com/api/airports,HTTP/2.0,default,,429,,tls1.3,https://airportgap.com/api/airports,,
http_req_failed,1784003733,1.000000,,,1429,false,,GET,https://airportgap.com/api/airports,HTTP/2.0,default,,429,,tls1.3,https://airportgap.com/api/airports,,
http_reqs,1784003733,1.000000,,,1429,false,,GET,https://airportgap.com/api/airports,HTTP/2.0,default,,429,,tls1.3,https://airportgap.com/api/airports,,
http_req_duration,1784003733,227.932600,,,1429,false,,GET,https://airportgap.com/api/airports,HTTP/2.0,default,,429,,tls1.3,https://airportgap.com/api/airports,,
http_req_blocked,1784003733,0.000000,,,1429,false,,GET,https://airportgap.com/api/airports,HTTP/2.0,default,,429,,tls1.3,https://airportgap.com/api/airports,,
http_req_connecting,1784003733,0.000000,,,1429,false,,GET,https://airportgap.com/api/airports,HTTP/2.0,default,,429,,tls1.3,https://airportgap.com/api/airports,,
http_req_tls_handshaking,1784003733,0.000000,,,1429,false,,GET,https://airportgap.com/api/airports,HTTP/2.0,default,,429,,tls1.3,https://airportgap.com/api/airports,,
http_req_sending,1784003733,0.000000,,,1429,false,,GET,https://airportgap.com/api/airports,HTTP/2.0,default,,429,,tls1.3,https://airportgap.com/api/airports,,
http_req_waiting,1784003733,227.932600,,,1429,false,,GET,https://airportgap.com/api/airports,HTTP/2.0,default,,429,,tls1.3,https://airportgap.com/api/airports,,
http_req_receiving,1784003733,0.000000,,,1429,false,,GET,https://airportgap.com/api/airports,HTTP/2.0,default,,429,,tls1.3,https://airportgap.com/api/airports,,
http_req_failed,1784003733,1.000000,,,1429,false,,GET,https://airportgap.com/api/airports,HTTP/2.0,default,,429,,tls1.3,https://airportgap.com/api/airports,,
http_reqs,1784003733,1.000000,,,1429,false,,GET,https://airportgap.com/api/airports,HTTP/2.0,default,,429,,tls1.3,https://airportgap.com/api/airports,,
http_req_duration,1784003733,227.932600,,,1429,false,,GET,https://airportgap.com/api/airports,HTTP/2.0,default,,429,,tls1.3,https://airportgap.com/api/airports,,
http_req_blocked,1784003733,0.000000,,,1429,false,,GET,https://airportgap.com/api/airports,HTTP/2.0,default,,429,,tls1.3,https://airportgap.com/api/airports,,
http_req_connecting,1784003733,0.000000,,,1429,false,,GET,https://airportgap.com/api/airports,HTTP/2.0,default,,429,,tls1.3,https://airportgap.com/api/airports,,
http_req_tls_handshaking,1784003733,0.000000,,,1429,false,,GET,https://airportgap.com/api/airports,HTTP/2.0,default,,429,,tls1.3,https://airportgap.com/api/airports,,
http_req_sending,1784003733,0.522500,,,1429,false,,GET,https://airportgap.com/api/airports,HTTP/2.0,default,,429,,tls1.3,https://airportgap.com/api/airports,,
http_req_waiting,1784003733,227.410100,,,1429,false,,GET,https://airportgap.com/api/airports,HTTP/2.0,default,,429,,tls1.3,https://airportgap.com/api/airports,,
http_req_receiving,1784003733,0.000000,,,1429,false,,GET,https://airportgap.com/api/airports,HTTP/2.0,default,,429,,tls1.3,https://airportgap.com/api/airports,,
http_req_failed,1784003733,1.000000,,,1429,false,,GET,https://airportgap.com/api/airports,HTTP/2.0,default,,429,,tls1.3,https://airportgap.com/api/airports,,
checks,1784003733,0.000000,status 200,,,,,,,,default,,,,,,,
checks,1784003733,1.000000,menos de 1000ms,,,,,,,,default,,,,,,,
checks,1784003733,0.000000,status 200,,,,,,,,default,,,,,,,
checks,1784003733,0.000000,status 200,,,,,,,,default,,,,,,,
checks,1784003733,1.000000,menos de 1000ms,,,,,,,,default,,,,,,,
http_reqs,1784003733,1.000000,,,1429,false,,GET,https://airportgap.com/api/airports,HTTP/2.0,default,,429,,tls1.3,https://airportgap.com/api/airports,,
http_req_duration,1784003733,227.932600,,,1429,false,,GET,https://airportgap.com/api/airports,HTTP/2.0,default,,429,,tls1.3,https://airportgap.com/api/airports,,
http_req_blocked,1784003733,0.000000,,,1429,false,,GET,https://airportgap.com/api/airports,HTTP/2.0,default,,429,,tls1.3,https://airportgap.com/api/airports,,
http_req_connecting,1784003733,0.000000,,,1429,false,,GET,https://airportgap.com/api/airports,HTTP/2.0,default,,429,,tls1.3,https://airportgap.com/api/airports,,
http_req_tls_handshaking,1784003733,0.000000,,,1429,false,,GET,https://airportgap.com/api/airports,HTTP/2.0,default,,429,,tls1.3,https://airportgap.com/api/airports,,
http_req_sending,1784003733,0.000000,,,1429,false,,GET,https://airportgap.com/api/airports,HTTP/2.0,default,,429,,tls1.3,https://airportgap.com/api/airports,,
http_req_waiting,1784003733,227.932600,,,1429,false,,GET,https://airportgap.com/api/airports,HTTP/2.0,default,,429,,tls1.3,https://airportgap.com/api/airports,,
http_req_receiving,1784003733,0.000000,,,1429,false,,GET,https://airportgap.com/api/airports,HTTP/2.0,default,,429,,tls1.3,https://airportgap.com/api/airports,,
http_req_failed,1784003733,1.000000,,,1429,false,,GET,https://airportgap.com/api/airports,HTTP/2.0,default,,429,,tls1.3,https://airportgap.com/api/airports,,
checks,1784003733,1.000000,menos de 1000ms,,,,,,,,default,,,,,,,
http_reqs,1784003733,1.000000,,,1429,false,,GET,https://airportgap.com/api/airports,HTTP/2.0,default,,429,,tls1.3,https://airportgap.com/api/airports,,
http_req_duration,1784003733,227.932600,,,1429,false,,GET,https://airportgap.com/api/airports,HTTP/2.0,default,,429,,tls1.3,https://airportgap.com/api/airports,,
http_req_blocked,1784003733,0.000000,,,1429,false,,GET,https://airportgap.com/api/airports,HTTP/2.0,default,,429,,tls1.3,https://airportgap.com/api/airports,,
http_req_connecting,1784003733,0.000000,,,1429,false,,GET,https://airportgap.com/api/airports,HTTP/2.0,default,,429,,tls1.3,https://airportgap.com/api/airports,,
http_req_tls_handshaking,1784003733,0.000000,,,1429,false,,GET,https://airportgap.com/api/airports,HTTP/2.0,default,,429,,tls1.3,https://airportgap.com/api/airports,,
http_req_sending,1784003733,0.000000,,,1429,false,,GET,https://airportgap.com/api/airports,HTTP/2.0,default,,429,,tls1.3,https://airportgap.com/api/airports,,
http_req_waiting,1784003733,227.932600,,,1429,false,,GET,https://airportgap.com/api/airports,HTTP/2.0,default,,429,,tls1.3,https://airportgap.com/api/airports,,
http_req_receiving,1784003733,0.000000,,,1429,false,,GET,https://airportgap.com/api/airports,HTTP/2.0,default,,429,,tls1.3,https://airportgap.com/api/airports,,
http_req_failed,1784003733,1.000000,,,1429,false,,GET,https://airportgap.com/api/airports,HTTP/2.0,default,,429,,tls1.3,https://airportgap.com/api/airports,,
http_reqs,1784003733,1.000000,,,1429,false,,GET,https://airportgap.com/api/airports,HTTP/2.0,default,,429,,tls1.3,https://airportgap.com/api/airports,,
http_req_duration,1784003733,228.947300,,,1429,false,,GET,https://airportgap.com/api/airports,HTTP/2.0,default,,429,,tls1.3,https://airportgap.com/api/airports,,
http_req_blocked,1784003733,0.000000,,,1429,false,,GET,https://airportgap.com/api/airports,HTTP/2.0,default,,429,,tls1.3,https://airportgap.com/api/airports,,
http_req_connecting,1784003733,0.000000,,,1429,false,,GET,https://airportgap.com/api/airports,HTTP/2.0,default,,429,,tls1.3,https://airportgap.com/api/airports,,
http_req_tls_handshaking,1784003733,0.000000,,,1429,false,,GET,https://airportgap.com/api/airports,HTTP/2.0,default,,429,,tls1.3,https://airportgap.com/api/airports,,
http_req_sending,1784003733,0.522500,,,1429,false,,GET,https://airportgap.com/api/airports,HTTP/2.0,default,,429,,tls1.3,https://airportgap.com/api/airports,,
http_req_waiting,1784003733,227.410100,,,1429,false,,GET,https://airportgap.com/api/airports,HTTP/2.0,default,,429,,tls1.3,https://airportgap.com/api/airports,,
http_req_receiving,1784003733,1.014700,,,1429,false,,GET,https://airportgap.com/api/airports,HTTP/2.0,default,,429,,tls1.3,https://airportgap.com/api/airports,,
http_req_failed,1784003733,1.000000,,,1429,false,,GET,https://airportgap.com/api/airports,HTTP/2.0,default,,429,,tls1.3,https://airportgap.com/api/airports,,
checks,1784003733,0.000000,status 200,,,,,,,,default,,,,,,,
checks,1784003733,1.000000,menos de 1000ms,,,,,,,,default,,,,,,,
checks,1784003733,0.000000,status 200,,,,,,,,default,,,,,,,
checks,1784003733,1.000000,menos de 1000ms,,,,,,,,default,,,,,,,
checks,1784003733,0.000000,status 200,,,,,,,,default,,,,,,,
checks,1784003733,1.000000,menos de 1000ms,,,,,,,,default,,,,,,,
http_reqs,1784003734,1.000000,,,1429,false,,GET,https://airportgap.com/api/airports/JFK,HTTP/2.0,default,,429,,tls1.3,https://airportgap.com/api/airports/JFK,,
http_req_duration,1784003734,203.833000,,,1429,false,,GET,https://airportgap.com/api/airports/JFK,HTTP/2.0,default,,429,,tls1.3,https://airportgap.com/api/airports/JFK,,
http_req_blocked,1784003734,0.000000,,,1429,false,,GET,https://airportgap.com/api/airports/JFK,HTTP/2.0,default,,429,,tls1.3,https://airportgap.com/api/airports/JFK,,
http_req_connecting,1784003734,0.000000,,,1429,false,,GET,https://airportgap.com/api/airports/JFK,HTTP/2.0,default,,429,,tls1.3,https://airportgap.com/api/airports/JFK,,
http_req_tls_handshaking,1784003734,0.000000,,,1429,false,,GET,https://airportgap.com/api/airports/JFK,HTTP/2.0,default,,429,,tls1.3,https://airportgap.com/api/airports/JFK,,
http_req_sending,1784003734,0.000000,,,1429,false,,GET,https://airportgap.com/api/airports/JFK,HTTP/2.0,default,,429,,tls1.3,https://airportgap.com/api/airports/JFK,,
http_req_waiting,1784003734,203.217600,,,1429,false,,GET,https://airportgap.com/api/airports/JFK,HTTP/2.0,default,,429,,tls1.3,https://airportgap.com/api/airports/JFK,,
http_req_receiving,1784003734,0.615400,,,1429,false,,GET,https://airportgap.com/api/airports/JFK,HTTP/2.0,default,,429,,tls1.3,https://airportgap.com/api/airports/JFK,,
http_req_failed,1784003734,1.000000,,,1429,false,,GET,https://airportgap.com/api/airports/JFK,HTTP/2.0,default,,429,,tls1.3,https://airportgap.com/api/airports/JFK,,
checks,1784003734,0.000000,JFK status 200,,,,,,,,default,,,,,,,
http_reqs,1784003734,1.000000,,,1429,false,,GET,https://airportgap.com/api/airports/JFK,HTTP/2.0,default,,429,,tls1.3,https://airportgap.com/api/airports/JFK,,
http_req_duration,1784003734,204.980000,,,1429,false,,GET,https://airportgap.com/api/airports/JFK,HTTP/2.0,default,,429,,tls1.3,https://airportgap.com/api/airports/JFK,,
http_req_blocked,1784003734,0.000000,,,1429,false,,GET,https://airportgap.com/api/airports/JFK,HTTP/2.0,default,,429,,tls1.3,https://airportgap.com/api/airports/JFK,,
http_req_connecting,1784003734,0.000000,,,1429,false,,GET,https://airportgap.com/api/airports/JFK,HTTP/2.0,default,,429,,tls1.3,https://airportgap.com/api/airports/JFK,,
http_req_tls_handshaking,1784003734,0.000000,,,1429,false,,GET,https://airportgap.com/api/airports/JFK,HTTP/2.0,default,,429,,tls1.3,https://airportgap.com/api/airports/JFK,,
http_req_sending,1784003734,0.000000,,,1429,false,,GET,https://airportgap.com/api/airports/JFK,HTTP/2.0,default,,429,,tls1.3,https://airportgap.com/api/airports/JFK,,
http_req_waiting,1784003734,203.833000,,,1429,false,,GET,https://airportgap.com/api/airports/JFK,HTTP/2.0,default,,429,,tls1.3,https://airportgap.com/api/airports/JFK,,
http_req_receiving,1784003734,1.147000,,,1429,false,,GET,https://airportgap.com/api/airports/JFK,HTTP/2.0,default,,429,,tls1.3,https://airportgap.com/api/airports/JFK,,
http_req_failed,1784003734,1.000000,,,1429,false,,GET,https://airportgap.com/api/airports/JFK,HTTP/2.0,default,,429,,tls1.3,https://airportgap.com/api/airports/JFK,,
http_reqs,1784003734,1.000000,,,1429,false,,GET,https://airportgap.com/api/airports/JFK,HTTP/2.0,default,,429,,tls1.3,https://airportgap.com/api/airports/JFK,,
http_req_duration,1784003734,204.980000,,,1429,false,,GET,https://airportgap.com/api/airports/JFK,HTTP/2.0,default,,429,,tls1.3,https://airportgap.com/api/airports/JFK,,
http_req_blocked,1784003734,0.000000,,,1429,false,,GET,https://airportgap.com/api/airports/JFK,HTTP/2.0,default,,429,,tls1.3,https://airportgap.com/api/airports/JFK,,
http_req_connecting,1784003734,0.000000,,,1429,false,,GET,https://airportgap.com/api/airports/JFK,HTTP/2.0,default,,429,,tls1.3,https://airportgap.com/api/airports/JFK,,
http_req_tls_handshaking,1784003734,0.000000,,,1429,false,,GET,https://airportgap.com/api/airports/JFK,HTTP/2.0,default,,429,,tls1.3,https://airportgap.com/api/airports/JFK,,
http_req_sending,1784003734,0.000000,,,1429,false,,GET,https://airportgap.com/api/airports/JFK,HTTP/2.0,default,,429,,tls1.3,https://airportgap.com/api/airports/JFK,,
http_req_waiting,1784003734,204.980000,,,1429,false,,GET,https://airportgap.com/api/airports/JFK,HTTP/2.0,default,,429,,tls1.3,https://airportgap.com/api/airports/JFK,,
http_req_receiving,1784003734,0.000000,,,1429,false,,GET,https://airportgap.com/api/airports/JFK,HTTP/2.0,default,,429,,tls1.3,https://airportgap.com/api/airports/JFK,,
http_req_failed,1784003734,1.000000,,,1429,false,,GET,https://airportgap.com/api/airports/JFK,HTTP/2.0,default,,429,,tls1.3,https://airportgap.com/api/airports/JFK,,
checks,1784003734,0.000000,JFK status 200,,,,,,,,default,,,,,,,
checks,1784003734,0.000000,JFK status 200,,,,,,,,default,,,,,,,
http_reqs,1784003734,1.000000,,,1429,false,,GET,https://airportgap.com/api/airports/JFK,HTTP/2.0,default,,429,,tls1.3,https://airportgap.com/api/airports/JFK,,
http_req_duration,1784003734,203.965300,,,1429,false,,GET,https://airportgap.com/api/airports/JFK,HTTP/2.0,default,,429,,tls1.3,https://airportgap.com/api/airports/JFK,,
http_req_blocked,1784003734,0.000000,,,1429,false,,GET,https://airportgap.com/api/airports/JFK,HTTP/2.0,default,,429,,tls1.3,https://airportgap.com/api/airports/JFK,,
http_req_connecting,1784003734,0.000000,,,1429,false,,GET,https://airportgap.com/api/airports/JFK,HTTP/2.0,default,,429,,tls1.3,https://airportgap.com/api/airports/JFK,,
http_req_tls_handshaking,1784003734,0.000000,,,1429,false,,GET,https://airportgap.com/api/airports/JFK,HTTP/2.0,default,,429,,tls1.3,https://airportgap.com/api/airports/JFK,,
http_req_sending,1784003734,0.000000,,,1429,false,,GET,https://airportgap.com/api/airports/JFK,HTTP/2.0,default,,429,,tls1.3,https://airportgap.com/api/airports/JFK,,
http_req_waiting,1784003734,203.965300,,,1429,false,,GET,https://airportgap.com/api/airports/JFK,HTTP/2.0,default,,429,,tls1.3,https://airportgap.com/api/airports/JFK,,
http_req_receiving,1784003734,0.000000,,,1429,false,,GET,https://airportgap.com/api/airports/JFK,HTTP/2.0,default,,429,,tls1.3,https://airportgap.com/api/airports/JFK,,
http_req_failed,1784003734,1.000000,,,1429,false,,GET,https://airportgap.com/api/airports/JFK,HTTP/2.0,default,,429,,tls1.3,https://airportgap.com/api/airports/JFK,,
checks,1784003734,0.000000,JFK status 200,,,,,,,,default,,,,,,,
http_reqs,1784003734,1.000000,,,1429,false,,GET,https://airportgap.com/api/airports/JFK,HTTP/2.0,default,,429,,tls1.3,https://airportgap.com/api/airports/JFK,,
http_req_duration,1784003734,203.965300,,,1429,false,,GET,https://airportgap.com/api/airports/JFK,HTTP/2.0,default,,429,,tls1.3,https://airportgap.com/api/airports/JFK,,
http_req_blocked,1784003734,0.000000,,,1429,false,,GET,https://airportgap.com/api/airports/JFK,HTTP/2.0,default,,429,,tls1.3,https://airportgap.com/api/airports/JFK,,
http_req_connecting,1784003734,0.000000,,,1429,false,,GET,https://airportgap.com/api/airports/JFK,HTTP/2.0,default,,429,,tls1.3,https://airportgap.com/api/airports/JFK,,
http_req_tls_handshaking,1784003734,0.000000,,,1429,false,,GET,https://airportgap.com/api/airports/JFK,HTTP/2.0,default,,429,,tls1.3,https://airportgap.com/api/airports/JFK,,
http_req_sending,1784003734,0.000000,,,1429,false,,GET,https://airportgap.com/api/airports/JFK,HTTP/2.0,default,,429,,tls1.3,https://airportgap.com/api/airports/JFK,,
http_req_waiting,1784003734,203.965300,,,1429,false,,GET,https://airportgap.com/api/airports/JFK,HTTP/2.0,default,,429,,tls1.3,https://airportgap.com/api/airports/JFK,,
http_req_receiving,1784003734,0.000000,,,1429,false,,GET,https://airportgap.com/api/airports/JFK,HTTP/2.0,default,,429,,tls1.3,https://airportgap.com/api/airports/JFK,,
http_req_failed,1784003734,1.000000,,,1429,false,,GET,https://airportgap.com/api/airports/JFK,HTTP/2.0,default,,429,,tls1.3,https://airportgap.com/api/airports/JFK,,
http_reqs,1784003734,1.000000,,,1429,false,,GET,https://airportgap.com/api/airports/JFK,HTTP/2.0,default,,429,,tls1.3,https://airportgap.com/api/airports/JFK,,
http_req_duration,1784003734,203.965300,,,1429,false,,GET,https://airportgap.com/api/airports/JFK,HTTP/2.0,default,,429,,tls1.3,https://airportgap.com/api/airports/JFK,,
http_req_blocked,1784003734,0.000000,,,1429,false,,GET,https://airportgap.com/api/airports/JFK,HTTP/2.0,default,,429,,tls1.3,https://airportgap.com/api/airports/JFK,,
http_req_connecting,1784003734,0.000000,,,1429,false,,GET,https://airportgap.com/api/airports/JFK,HTTP/2.0,default,,429,,tls1.3,https://airportgap.com/api/airports/JFK,,
http_req_tls_handshaking,1784003734,0.000000,,,1429,false,,GET,https://airportgap.com/api/airports/JFK,HTTP/2.0,default,,429,,tls1.3,https://airportgap.com/api/airports/JFK,,
http_req_sending,1784003734,0.000000,,,1429,false,,GET,https://airportgap.com/api/airports/JFK,HTTP/2.0,default,,429,,tls1.3,https://airportgap.com/api/airports/JFK,,
http_req_waiting,1784003734,203.965300,,,1429,false,,GET,https://airportgap.com/api/airports/JFK,HTTP/2.0,default,,429,,tls1.3,https://airportgap.com/api/airports/JFK,,
http_req_receiving,1784003734,0.000000,,,1429,false,,GET,https://airportgap.com/api/airports/JFK,HTTP/2.0,default,,429,,tls1.3,https://airportgap.com/api/airports/JFK,,
http_req_failed,1784003734,1.000000,,,1429,false,,GET,https://airportgap.com/api/airports/JFK,HTTP/2.0,default,,429,,tls1.3,https://airportgap.com/api/airports/JFK,,
checks,1784003734,0.000000,JFK status 200,,,,,,,,default,,,,,,,
checks,1784003734,0.000000,JFK status 200,,,,,,,,default,,,,,,,
http_reqs,1784003734,1.000000,,,1429,false,,GET,https://airportgap.com/api/airports/JFK,HTTP/2.0,default,,429,,tls1.3,https://airportgap.com/api/airports/JFK,,
http_req_duration,1784003734,203.965300,,,1429,false,,GET,https://airportgap.com/api/airports/JFK,HTTP/2.0,default,,429,,tls1.3,https://airportgap.com/api/airports/JFK,,
http_req_blocked,1784003734,0.000000,,,1429,false,,GET,https://airportgap.com/api/airports/JFK,HTTP/2.0,default,,429,,tls1.3,https://airportgap.com/api/airports/JFK,,
http_req_connecting,1784003734,0.000000,,,1429,false,,GET,https://airportgap.com/api/airports/JFK,HTTP/2.0,default,,429,,tls1.3,https://airportgap.com/api/airports/JFK,,
http_req_tls_handshaking,1784003734,0.000000,,,1429,false,,GET,https://airportgap.com/api/airports/JFK,HTTP/2.0,default,,429,,tls1.3,https://airportgap.com/api/airports/JFK,,
http_req_sending,1784003734,0.000000,,,1429,false,,GET,https://airportgap.com/api/airports/JFK,HTTP/2.0,default,,429,,tls1.3,https://airportgap.com/api/airports/JFK,,
http_req_waiting,1784003734,203.965300,,,1429,false,,GET,https://airportgap.com/api/airports/JFK,HTTP/2.0,default,,429,,tls1.3,https://airportgap.com/api/airports/JFK,,
http_req_receiving,1784003734,0.000000,,,1429,false,,GET,https://airportgap.com/api/airports/JFK,HTTP/2.0,default,,429,,tls1.3,https://airportgap.com/api/airports/JFK,,
http_req_failed,1784003734,1.000000,,,1429,false,,GET,https://airportgap.com/api/airports/JFK,HTTP/2.0,default,,429,,tls1.3,https://airportgap.com/api/airports/JFK,,
http_reqs,1784003734,1.000000,,,1429,false,,GET,https://airportgap.com/api/airports/JFK,HTTP/2.0,default,,429,,tls1.3,https://airportgap.com/api/airports/JFK,,
http_req_duration,1784003734,204.980000,,,1429,false,,GET,https://airportgap.com/api/airports/JFK,HTTP/2.0,default,,429,,tls1.3,https://airportgap.com/api/airports/JFK,,
http_req_blocked,1784003734,0.000000,,,1429,false,,GET,https://airportgap.com/api/airports/JFK,HTTP/2.0,default,,429,,tls1.3,https://airportgap.com/api/airports/JFK,,
http_req_connecting,1784003734,0.000000,,,1429,false,,GET,https://airportgap.com/api/airports/JFK,HTTP/2.0,default,,429,,tls1.3,https://airportgap.com/api/airports/JFK,,
http_req_tls_handshaking,1784003734,0.000000,,,1429,false,,GET,https://airportgap.com/api/airports/JFK,HTTP/2.0,default,,429,,tls1.3,https://airportgap.com/api/airports/JFK,,
http_req_sending,1784003734,0.000000,,,1429,false,,GET,https://airportgap.com/api/airports/JFK,HTTP/2.0,default,,429,,tls1.3,https://airportgap.com/api/airports/JFK,,
http_req_waiting,1784003734,204.980000,,,1429,false,,GET,https://airportgap.com/api/airports/JFK,HTTP/2.0,default,,429,,tls1.3,https://airportgap.com/api/airports/JFK,,
http_req_receiving,1784003734,0.000000,,,1429,false,,GET,https://airportgap.com/api/airports/JFK,HTTP/2.0,default,,429,,tls1.3,https://airportgap.com/api/airports/JFK,,
http_req_failed,1784003734,1.000000,,,1429,false,,GET,https://airportgap.com/api/airports/JFK,HTTP/2.0,default,,429,,tls1.3,https://airportgap.com/api/airports/JFK,,
checks,1784003734,0.000000,JFK status 200,,,,,,,,default,,,,,,,
checks,1784003734,0.000000,JFK status 200,,,,,,,,default,,,,,,,
vus,1784003734,10.000000,,,,,,,,,,,,,,,,
vus_max,1784003734,10.000000,,,,,,,,,,,,,,,,
data_sent,1784003734,72.000000,,,,,,,,,default,,,,,,,
data_received,1784003734,263.000000,,,,,,,,,default,,,,,,,
iteration_duration,1784003734,1439.468000,,,,,,,,,default,,,,,,,
iterations,1784003734,1.000000,,,,,,,,,default,,,,,,,
data_sent,1784003734,72.000000,,,,,,,,,default,,,,,,,
data_received,1784003734,287.000000,,,,,,,,,default,,,,,,,
iteration_duration,1784003734,1433.530300,,,,,,,,,default,,,,,,,
iterations,1784003734,1.000000,,,,,,,,,default,,,,,,,
http_reqs,1784003734,1.000000,,,1429,false,,GET,https://airportgap.com/api/airports,HTTP/2.0,default,,429,,tls1.3,https://airportgap.com/api/airports,,
http_req_duration,1784003734,221.879900,,,1429,false,,GET,https://airportgap.com/api/airports,HTTP/2.0,default,,429,,tls1.3,https://airportgap.com/api/airports,,
http_req_blocked,1784003734,0.000000,,,1429,false,,GET,https://airportgap.com/api/airports,HTTP/2.0,default,,429,,tls1.3,https://airportgap.com/api/airports,,
http_req_connecting,1784003734,0.000000,,,1429,false,,GET,https://airportgap.com/api/airports,HTTP/2.0,default,,429,,tls1.3,https://airportgap.com/api/airports,,
http_req_tls_handshaking,1784003734,0.000000,,,1429,false,,GET,https://airportgap.com/api/airports,HTTP/2.0,default,,429,,tls1.3,https://airportgap.com/api/airports,,
http_req_sending,1784003734,0.309500,,,1429,false,,GET,https://airportgap.com/api/airports,HTTP/2.0,default,,429,,tls1.3,https://airportgap.com/api/airports,,
http_req_waiting,1784003734,221.570400,,,1429,false,,GET,https://airportgap.com/api/airports,HTTP/2.0,default,,429,,tls1.3,https://airportgap.com/api/airports,,
http_req_receiving,1784003734,0.000000,,,1429,false,,GET,https://airportgap.com/api/airports,HTTP/2.0,default,,429,,tls1.3,https://airportgap.com/api/airports,,
http_req_failed,1784003734,1.000000,,,1429,false,,GET,https://airportgap.com/api/airports,HTTP/2.0,default,,429,,tls1.3,https://airportgap.com/api/airports,,
checks,1784003734,0.000000,status 200,,,,,,,,default,,,,,,,
checks,1784003734,1.000000,menos de 1000ms,,,,,,,,default,,,,,,,
data_sent,1784003735,72.000000,,,,,,,,,default,,,,,,,
data_received,1784003735,255.000000,,,,,,,,,default,,,,,,,
iteration_duration,1784003735,1432.658800,,,,,,,,,default,,,,,,,
iterations,1784003735,1.000000,,,,,,,,,default,,,,,,,
data_sent,1784003735,72.000000,,,,,,,,,default,,,,,,,
data_received,1784003735,264.000000,,,,,,,,,default,,,,,,,
iteration_duration,1784003735,1434.280100,,,,,,,,,default,,,,,,,
iterations,1784003735,1.000000,,,,,,,,,default,,,,,,,
data_sent,1784003735,72.000000,,,,,,,,,default,,,,,,,
data_received,1784003735,264.000000,,,,,,,,,default,,,,,,,
iteration_duration,1784003735,1434.280100,,,,,,,,,default,,,,,,,
iterations,1784003735,1.000000,,,,,,,,,default,,,,,,,
data_sent,1784003735,72.000000,,,,,,,,,default,,,,,,,
data_received,1784003735,264.000000,,,,,,,,,default,,,,,,,
iteration_duration,1784003735,1434.280100,,,,,,,,,default,,,,,,,
iterations,1784003735,1.000000,,,,,,,,,default,,,,,,,
data_sent,1784003735,72.000000,,,,,,,,,default,,,,,,,
data_received,1784003735,264.000000,,,,,,,,,default,,,,,,,
iteration_duration,1784003735,1434.730400,,,,,,,,,default,,,,,,,
iterations,1784003735,1.000000,,,,,,,,,default,,,,,,,
data_sent,1784003735,72.000000,,,,,,,,,default,,,,,,,
data_received,1784003735,265.000000,,,,,,,,,default,,,,,,,
iteration_duration,1784003735,1434.280100,,,,,,,,,default,,,,,,,
iterations,1784003735,1.000000,,,,,,,,,default,,,,,,,
data_sent,1784003735,72.000000,,,,,,,,,default,,,,,,,
data_received,1784003735,264.000000,,,,,,,,,default,,,,,,,
iteration_duration,1784003735,1434.794000,,,,,,,,,default,,,,,,,
iterations,1784003735,1.000000,,,,,,,,,default,,,,,,,
data_sent,1784003735,72.000000,,,,,,,,,default,,,,,,,
data_received,1784003735,264.000000,,,,,,,,,default,,,,,,,
iteration_duration,1784003735,1435.244300,,,,,,,,,default,,,,,,,
iterations,1784003735,1.000000,,,,,,,,,default,,,,,,,
http_reqs,1784003735,1.000000,,,1429,false,,GET,https://airportgap.com/api/airports,HTTP/2.0,default,,429,,tls1.3,https://airportgap.com/api/airports,,
http_req_duration,1784003735,217.562300,,,1429,false,,GET,https://airportgap.com/api/airports,HTTP/2.0,default,,429,,tls1.3,https://airportgap.com/api/airports,,
http_req_blocked,1784003735,0.000000,,,1429,false,,GET,https://airportgap.com/api/airports,HTTP/2.0,default,,429,,tls1.3,https://airportgap.com/api/airports,,
http_req_connecting,1784003735,0.000000,,,1429,false,,GET,https://airportgap.com/api/airports,HTTP/2.0,default,,429,,tls1.3,https://airportgap.com/api/airports,,
http_req_tls_handshaking,1784003735,0.000000,,,1429,false,,GET,https://airportgap.com/api/airports,HTTP/2.0,default,,429,,tls1.3,https://airportgap.com/api/airports,,
http_req_sending,1784003735,0.303700,,,1429,false,,GET,https://airportgap.com/api/airports,HTTP/2.0,default,,429,,tls1.3,https://airportgap.com/api/airports,,
http_req_waiting,1784003735,217.258600,,,1429,false,,GET,https://airportgap.com/api/airports,HTTP/2.0,default,,429,,tls1.3,https://airportgap.com/api/airports,,
http_req_receiving,1784003735,0.000000,,,1429,false,,GET,https://airportgap.com/api/airports,HTTP/2.0,default,,429,,tls1.3,https://airportgap.com/api/airports,,
http_req_failed,1784003735,1.000000,,,1429,false,,GET,https://airportgap.com/api/airports,HTTP/2.0,default,,429,,tls1.3,https://airportgap.com/api/airports,,
checks,1784003735,0.000000,status 200,,,,,,,,default,,,,,,,
http_reqs,1784003735,1.000000,,,1429,false,,GET,https://airportgap.com/api/airports/JFK,HTTP/2.0,default,,429,,tls1.3,https://airportgap.com/api/airports/JFK,,
http_req_duration,1784003735,206.834400,,,1429,false,,GET,https://airportgap.com/api/airports/JFK,HTTP/2.0,default,,429,,tls1.3,https://airportgap.com/api/airports/JFK,,
http_req_blocked,1784003735,0.000000,,,1429,false,,GET,https://airportgap.com/api/airports/JFK,HTTP/2.0,default,,429,,tls1.3,https://airportgap.com/api/airports/JFK,,
http_req_connecting,1784003735,0.000000,,,1429,false,,GET,https://airportgap.com/api/airports/JFK,HTTP/2.0,default,,429,,tls1.3,https://airportgap.com/api/airports/JFK,,
http_req_tls_handshaking,1784003735,0.000000,,,1429,false,,GET,https://airportgap.com/api/airports/JFK,HTTP/2.0,default,,429,,tls1.3,https://airportgap.com/api/airports/JFK,,
http_req_sending,1784003735,0.000000,,,1429,false,,GET,https://airportgap.com/api/airports/JFK,HTTP/2.0,default,,429,,tls1.3,https://airportgap.com/api/airports/JFK,,
http_req_waiting,1784003735,206.834400,,,1429,false,,GET,https://airportgap.com/api/airports/JFK,HTTP/2.0,default,,429,,tls1.3,https://airportgap.com/api/airports/JFK,,
http_req_receiving,1784003735,0.000000,,,1429,false,,GET,https://airportgap.com/api/airports/JFK,HTTP/2.0,default,,429,,tls1.3,https://airportgap.com/api/airports/JFK,,
http_req_failed,1784003735,1.000000,,,1429,false,,GET,https://airportgap.com/api/airports/JFK,HTTP/2.0,default,,429,,tls1.3,https://airportgap.com/api/airports/JFK,,
checks,1784003735,1.000000,menos de 1000ms,,,,,,,,default,,,,,,,
checks,1784003735,0.000000,JFK status 200,,,,,,,,default,,,,,,,
http_reqs,1784003735,1.000000,,,1429,false,,GET,https://airportgap.com/api/airports/JFK,HTTP/2.0,default,,429,,tls1.3,https://airportgap.com/api/airports/JFK,,
http_req_duration,1784003735,213.505400,,,1429,false,,GET,https://airportgap.com/api/airports/JFK,HTTP/2.0,default,,429,,tls1.3,https://airportgap.com/api/airports/JFK,,
http_req_blocked,1784003735,0.000000,,,1429,false,,GET,https://airportgap.com/api/airports/JFK,HTTP/2.0,default,,429,,tls1.3,https://airportgap.com/api/airports/JFK,,
http_req_connecting,1784003735,0.000000,,,1429,false,,GET,https://airportgap.com/api/airports/JFK,HTTP/2.0,default,,429,,tls1.3,https://airportgap.com/api/airports/JFK,,
http_req_tls_handshaking,1784003735,0.000000,,,1429,false,,GET,https://airportgap.com/api/airports/JFK,HTTP/2.0,default,,429,,tls1.3,https://airportgap.com/api/airports/JFK,,
http_req_sending,1784003735,0.514600,,,1429,false,,GET,https://airportgap.com/api/airports/JFK,HTTP/2.0,default,,429,,tls1.3,https://airportgap.com/api/airports/JFK,,
http_req_waiting,1784003735,212.990800,,,1429,false,,GET,https://airportgap.com/api/airports/JFK,HTTP/2.0,default,,429,,tls1.3,https://airportgap.com/api/airports/JFK,,
http_req_receiving,1784003735,0.000000,,,1429,false,,GET,https://airportgap.com/api/airports/JFK,HTTP/2.0,default,,429,,tls1.3,https://airportgap.com/api/airports/JFK,,
http_req_failed,1784003735,1.000000,,,1429,false,,GET,https://airportgap.com/api/airports/JFK,HTTP/2.0,default,,429,,tls1.3,https://airportgap.com/api/airports/JFK,,
checks,1784003735,0.000000,JFK status 200,,,,,,,,default,,,,,,,
http_reqs,1784003735,1.000000,,,1429,false,,GET,https://airportgap.com/api/airports,HTTP/2.0,default,,429,,tls1.3,https://airportgap.com/api/airports,,
http_req_duration,1784003735,225.996200,,,1429,false,,GET,https://airportgap.com/api/airports,HTTP/2.0,default,,429,,tls1.3,https://airportgap.com/api/airports,,
http_req_blocked,1784003735,0.000000,,,1429,false,,GET,https://airportgap.com/api/airports,HTTP/2.0,default,,429,,tls1.3,https://airportgap.com/api/airports,,
http_req_connecting,1784003735,0.000000,,,1429,false,,GET,https://airportgap.com/api/airports,HTTP/2.0,default,,429,,tls1.3,https://airportgap.com/api/airports,,
http_req_tls_handshaking,1784003735,0.000000,,,1429,false,,GET,https://airportgap.com/api/airports,HTTP/2.0,default,,429,,tls1.3,https://airportgap.com/api/airports,,
http_req_sending,1784003735,0.513900,,,1429,false,,GET,https://airportgap.com/api/airports,HTTP/2.0,default,,429,,tls1.3,https://airportgap.com/api/airports,,
http_req_waiting,1784003735,225.482300,,,1429,false,,GET,https://airportgap.com/api/airports,HTTP/2.0,default,,429,,tls1.3,https://airportgap.com/api/airports,,
http_req_receiving,1784003735,0.000000,,,1429,false,,GET,https://airportgap.com/api/airports,HTTP/2.0,default,,429,,tls1.3,https://airportgap.com/api/airports,,
http_req_failed,1784003735,1.000000,,,1429,false,,GET,https://airportgap.com/api/airports,HTTP/2.0,default,,429,,tls1.3,https://airportgap.com/api/airports,,
checks,1784003735,0.000000,status 200,,,,,,,,default,,,,,,,
checks,1784003735,1.000000,menos de 1000ms,,,,,,,,default,,,,,,,
http_reqs,1784003735,1.000000,,,1429,false,,GET,https://airportgap.com/api/airports,HTTP/2.0,default,,429,,tls1.3,https://airportgap.com/api/airports,,
http_req_duration,1784003735,225.482300,,,1429,false,,GET,https://airportgap.com/api/airports,HTTP/2.0,default,,429,,tls1.3,https://airportgap.com/api/airports,,
http_req_blocked,1784003735,0.000000,,,1429,false,,GET,https://airportgap.com/api/airports,HTTP/2.0,default,,429,,tls1.3,https://airportgap.com/api/airports,,
http_req_connecting,1784003735,0.000000,,,1429,false,,GET,https://airportgap.com/api/airports,HTTP/2.0,default,,429,,tls1.3,https://airportgap.com/api/airports,,
http_req_tls_handshaking,1784003735,0.000000,,,1429,false,,GET,https://airportgap.com/api/airports,HTTP/2.0,default,,429,,tls1.3,https://airportgap.com/api/airports,,
http_req_sending,1784003735,0.000000,,,1429,false,,GET,https://airportgap.com/api/airports,HTTP/2.0,default,,429,,tls1.3,https://airportgap.com/api/airports,,
http_req_waiting,1784003735,225.482300,,,1429,false,,GET,https://airportgap.com/api/airports,HTTP/2.0,default,,429,,tls1.3,https://airportgap.com/api/airports,,
http_req_receiving,1784003735,0.000000,,,1429,false,,GET,https://airportgap.com/api/airports,HTTP/2.0,default,,429,,tls1.3,https://airportgap.com/api/airports,,
http_req_failed,1784003735,1.000000,,,1429,false,,GET,https://airportgap.com/api/airports,HTTP/2.0,default,,429,,tls1.3,https://airportgap.com/api/airports,,
http_reqs,1784003735,1.000000,,,1429,false,,GET,https://airportgap.com/api/airports,HTTP/2.0,default,,429,,tls1.3,https://airportgap.com/api/airports,,
http_req_duration,1784003735,226.584000,,,1429,false,,GET,https://airportgap.com/api/airports,HTTP/2.0,default,,429,,tls1.3,https://airportgap.com/api/airports,,
http_req_blocked,1784003735,0.000000,,,1429,false,,GET,https://airportgap.com/api/airports,HTTP/2.0,default,,429,,tls1.3,https://airportgap.com/api/airports,,
http_req_connecting,1784003735,0.000000,,,1429,false,,GET,https://airportgap.com/api/airports,HTTP/2.0,default,,429,,tls1.3,https://airportgap.com/api/airports,,
http_req_tls_handshaking,1784003735,0.000000,,,1429,false,,GET,https://airportgap.com/api/airports,HTTP/2.0,default,,429,,tls1.3,https://airportgap.com/api/airports,,
http_req_sending,1784003735,0.000000,,,1429,false,,GET,https://airportgap.com/api/airports,HTTP/2.0,default,,429,,tls1.3,https://airportgap.com/api/airports,,
http_req_waiting,1784003735,226.584000,,,1429,false,,GET,https://airportgap.com/api/airports,HTTP/2.0,default,,429,,tls1.3,https://airportgap.com/api/airports,,
http_req_receiving,1784003735,0.000000,,,1429,false,,GET,https://airportgap.com/api/airports,HTTP/2.0,default,,429,,tls1.3,https://airportgap.com/api/airports,,
http_req_failed,1784003735,1.000000,,,1429,false,,GET,https://airportgap.com/api/airports,HTTP/2.0,default,,429,,tls1.3,https://airportgap.com/api/airports,,
checks,1784003735,0.000000,status 200,,,,,,,,default,,,,,,,
checks,1784003735,1.000000,menos de 1000ms,,,,,,,,default,,,,,,,
checks,1784003735,0.000000,status 200,,,,,,,,default,,,,,,,
checks,1784003735,1.000000,menos de 1000ms,,,,,,,,default,,,,,,,
http_reqs,1784003735,1.000000,,,1429,false,,GET,https://airportgap.com/api/airports,HTTP/2.0,default,,429,,tls1.3,https://airportgap.com/api/airports,,
http_req_duration,1784003735,227.030400,,,1429,false,,GET,https://airportgap.com/api/airports,HTTP/2.0,default,,429,,tls1.3,https://airportgap.com/api/airports,,
http_req_blocked,1784003735,0.000000,,,1429,false,,GET,https://airportgap.com/api/airports,HTTP/2.0,default,,429,,tls1.3,https://airportgap.com/api/airports,,
http_req_connecting,1784003735,0.000000,,,1429,false,,GET,https://airportgap.com/api/airports,HTTP/2.0,default,,429,,tls1.3,https://airportgap.com/api/airports,,
http_req_tls_handshaking,1784003735,0.000000,,,1429,false,,GET,https://airportgap.com/api/airports,HTTP/2.0,default,,429,,tls1.3,https://airportgap.com/api/airports,,
http_req_sending,1784003735,0.000000,,,1429,false,,GET,https://airportgap.com/api/airports,HTTP/2.0,default,,429,,tls1.3,https://airportgap.com/api/airports,,
http_req_waiting,1784003735,226.584000,,,1429,false,,GET,https://airportgap.com/api/airports,HTTP/2.0,default,,429,,tls1.3,https://airportgap.com/api/airports,,
http_req_receiving,1784003735,0.446400,,,1429,false,,GET,https://airportgap.com/api/airports,HTTP/2.0,default,,429,,tls1.3,https://airportgap.com/api/airports,,
http_req_failed,1784003735,1.000000,,,1429,false,,GET,https://airportgap.com/api/airports,HTTP/2.0,default,,429,,tls1.3,https://airportgap.com/api/airports,,
checks,1784003735,0.000000,status 200,,,,,,,,default,,,,,,,
checks,1784003735,1.000000,menos de 1000ms,,,,,,,,default,,,,,,,
http_reqs,1784003735,1.000000,,,1429,false,,GET,https://airportgap.com/api/airports,HTTP/2.0,default,,429,,tls1.3,https://airportgap.com/api/airports,,
http_req_duration,1784003735,226.516500,,,1429,false,,GET,https://airportgap.com/api/airports,HTTP/2.0,default,,429,,tls1.3,https://airportgap.com/api/airports,,
http_req_blocked,1784003735,0.000000,,,1429,false,,GET,https://airportgap.com/api/airports,HTTP/2.0,default,,429,,tls1.3,https://airportgap.com/api/airports,,
http_req_connecting,1784003735,0.000000,,,1429,false,,GET,https://airportgap.com/api/airports,HTTP/2.0,default,,429,,tls1.3,https://airportgap.com/api/airports,,
http_req_tls_handshaking,1784003735,0.000000,,,1429,false,,GET,https://airportgap.com/api/airports,HTTP/2.0,default,,429,,tls1.3,https://airportgap.com/api/airports,,
http_req_sending,1784003735,0.000000,,,1429,false,,GET,https://airportgap.com/api/airports,HTTP/2.0,default,,429,,tls1.3,https://airportgap.com/api/airports,,
http_req_waiting,1784003735,226.516500,,,1429,false,,GET,https://airportgap.com/api/airports,HTTP/2.0,default,,429,,tls1.3,https://airportgap.com/api/airports,,
http_req_receiving,1784003735,0.000000,,,1429,false,,GET,https://airportgap.com/api/airports,HTTP/2.0,default,,429,,tls1.3,https://airportgap.com/api/airports,,
http_req_failed,1784003735,1.000000,,,1429,false,,GET,https://airportgap.com/api/airports,HTTP/2.0,default,,429,,tls1.3,https://airportgap.com/api/airports,,
checks,1784003735,0.000000,status 200,,,,,,,,default,,,,,,,
checks,1784003735,1.000000,menos de 1000ms,,,,,,,,default,,,,,,,
http_reqs,1784003735,1.000000,,,1429,false,,GET,https://airportgap.com/api/airports,HTTP/2.0,default,,429,,tls1.3,https://airportgap.com/api/airports,,
http_req_duration,1784003735,229.102000,,,1429,false,,GET,https://airportgap.com/api/airports,HTTP/2.0,default,,429,,tls1.3,https://airportgap.com/api/airports,,
http_req_blocked,1784003735,0.000000,,,1429,false,,GET,https://airportgap.com/api/airports,HTTP/2.0,default,,429,,tls1.3,https://airportgap.com/api/airports,,
http_req_connecting,1784003735,0.000000,,,1429,false,,GET,https://airportgap.com/api/airports,HTTP/2.0,default,,429,,tls1.3,https://airportgap.com/api/airports,,
http_req_tls_handshaking,1784003735,0.000000,,,1429,false,,GET,https://airportgap.com/api/airports,HTTP/2.0,default,,429,,tls1.3,https://airportgap.com/api/airports,,
http_req_sending,1784003735,0.000000,,,1429,false,,GET,https://airportgap.com/api/airports,HTTP/2.0,default,,429,,tls1.3,https://airportgap.com/api/airports,,
http_req_waiting,1784003735,229.102000,,,1429,false,,GET,https://airportgap.com/api/airports,HTTP/2.0,default,,429,,tls1.3,https://airportgap.com/api/airports,,
http_req_receiving,1784003735,0.000000,,,1429,false,,GET,https://airportgap.com/api/airports,HTTP/2.0,default,,429,,tls1.3,https://airportgap.com/api/airports,,
http_req_failed,1784003735,1.000000,,,1429,false,,GET,https://airportgap.com/api/airports,HTTP/2.0,default,,429,,tls1.3,https://airportgap.com/api/airports,,
http_reqs,1784003735,1.000000,,,1429,false,,GET,https://airportgap.com/api/airports,HTTP/2.0,default,,429,,tls1.3,https://airportgap.com/api/airports,,
http_req_duration,1784003735,227.030400,,,1429,false,,GET,https://airportgap.com/api/airports,HTTP/2.0,default,,429,,tls1.3,https://airportgap.com/api/airports,,
http_req_blocked,1784003735,0.000000,,,1429,false,,GET,https://airportgap.com/api/airports,HTTP/2.0,default,,429,,tls1.3,https://airportgap.com/api/airports,,
http_req_connecting,1784003735,0.000000,,,1429,false,,GET,https://airportgap.com/api/airports,HTTP/2.0,default,,429,,tls1.3,https://airportgap.com/api/airports,,
http_req_tls_handshaking,1784003735,0.000000,,,1429,false,,GET,https://airportgap.com/api/airports,HTTP/2.0,default,,429,,tls1.3,https://airportgap.com/api/airports,,
http_req_sending,1784003735,0.513900,,,1429,false,,GET,https://airportgap.com/api/airports,HTTP/2.0,default,,429,,tls1.3,https://airportgap.com/api/airports,,
http_req_waiting,1784003735,226.516500,,,1429,false,,GET,https://airportgap.com/api/airports,HTTP/2.0,default,,429,,tls1.3,https://airportgap.com/api/airports,,
http_req_receiving,1784003735,0.000000,,,1429,false,,GET,https://airportgap.com/api/airports,HTTP/2.0,default,,429,,tls1.3,https://airportgap.com/api/airports,,
http_req_failed,1784003735,1.000000,,,1429,false,,GET,https://airportgap.com/api/airports,HTTP/2.0,default,,429,,tls1.3,https://airportgap.com/api/airports,,
checks,1784003735,0.000000,status 200,,,,,,,,default,,,,,,,
checks,1784003735,1.000000,menos de 1000ms,,,,,,,,default,,,,,,,
checks,1784003735,0.000000,status 200,,,,,,,,default,,,,,,,
checks,1784003735,1.000000,menos de 1000ms,,,,,,,,default,,,,,,,
http_reqs,1784003735,1.000000,,,1429,false,,GET,https://airportgap.com/api/airports,HTTP/2.0,default,,429,,tls1.3,https://airportgap.com/api/airports,,
http_req_duration,1784003735,227.541900,,,1429,false,,GET,https://airportgap.com/api/airports,HTTP/2.0,default,,429,,tls1.3,https://airportgap.com/api/airports,,
http_req_blocked,1784003735,0.000000,,,1429,false,,GET,https://airportgap.com/api/airports,HTTP/2.0,default,,429,,tls1.3,https://airportgap.com/api/airports,,
http_req_connecting,1784003735,0.000000,,,1429,false,,GET,https://airportgap.com/api/airports,HTTP/2.0,default,,429,,tls1.3,https://airportgap.com/api/airports,,
http_req_tls_handshaking,1784003735,0.000000,,,1429,false,,GET,https://airportgap.com/api/airports,HTTP/2.0,default,,429,,tls1.3,https://airportgap.com/api/airports,,
http_req_sending,1784003735,0.513900,,,1429,false,,GET,https://airportgap.com/api/airports,HTTP/2.0,default,,429,,tls1.3,https://airportgap.com/api/airports,,
http_req_waiting,1784003735,226.516500,,,1429,false,,GET,https://airportgap.com/api/airports,HTTP/2.0,default,,429,,tls1.3,https://airportgap.com/api/airports,,
http_req_receiving,1784003735,0.511500,,,1429,false,,GET,https://airportgap.com/api/airports,HTTP/2.0,default,,429,,tls1.3,https://airportgap.com/api/airports,,
http_req_failed,1784003735,1.000000,,,1429,false,,GET,https://airportgap.com/api/airports,HTTP/2.0,default,,429,,tls1.3,https://airportgap.com/api/airports,,
checks,1784003735,0.000000,status 200,,,,,,,,default,,,,,,,
checks,1784003735,1.000000,menos de 1000ms,,,,,,,,default,,,,,,,
http_reqs,1784003735,1.000000,,,1429,false,,GET,https://airportgap.com/api/airports/JFK,HTTP/2.0,default,,429,,tls1.3,https://airportgap.com/api/airports/JFK,,
http_req_duration,1784003735,203.225000,,,1429,false,,GET,https://airportgap.com/api/airports/JFK,HTTP/2.0,default,,429,,tls1.3,https://airportgap.com/api/airports/JFK,,
http_req_blocked,1784003735,0.000000,,,1429,false,,GET,https://airportgap.com/api/airports/JFK,HTTP/2.0,default,,429,,tls1.3,https://airportgap.com/api/airports/JFK,,
http_req_connecting,1784003735,0.000000,,,1429,false,,GET,https://airportgap.com/api/airports/JFK,HTTP/2.0,default,,429,,tls1.3,https://airportgap.com/api/airports/JFK,,
http_req_tls_handshaking,1784003735,0.000000,,,1429,false,,GET,https://airportgap.com/api/airports/JFK,HTTP/2.0,default,,429,,tls1.3,https://airportgap.com/api/airports/JFK,,
http_req_sending,1784003735,0.000000,,,1429,false,,GET,https://airportgap.com/api/airports/JFK,HTTP/2.0,default,,429,,tls1.3,https://airportgap.com/api/airports/JFK,,
http_req_waiting,1784003735,203.225000,,,1429,false,,GET,https://airportgap.com/api/airports/JFK,HTTP/2.0,default,,429,,tls1.3,https://airportgap.com/api/airports/JFK,,
http_req_receiving,1784003735,0.000000,,,1429,false,,GET,https://airportgap.com/api/airports/JFK,HTTP/2.0,default,,429,,tls1.3,https://airportgap.com/api/airports/JFK,,
http_req_failed,1784003735,1.000000,,,1429,false,,GET,https://airportgap.com/api/airports/JFK,HTTP/2.0,default,,429,,tls1.3,https://airportgap.com/api/airports/JFK,,
checks,1784003735,0.000000,JFK status 200,,,,,,,,default,,,,,,,
http_reqs,1784003735,1.000000,,,1429,false,,GET,https://airportgap.com/api/airports/JFK,HTTP/2.0,default,,429,,tls1.3,https://airportgap.com/api/airports/JFK,,
http_req_duration,1784003735,203.681600,,,1429,false,,GET,https://airportgap.com/api/airports/JFK,HTTP/2.0,default,,429,,tls1.3,https://airportgap.com/api/airports/JFK,,
http_req_blocked,1784003735,0.000000,,,1429,false,,GET,https://airportgap.com/api/airports/JFK,HTTP/2.0,default,,429,,tls1.3,https://airportgap.com/api/airports/JFK,,
http_req_connecting,1784003735,0.000000,,,1429,false,,GET,https://airportgap.com/api/airports/JFK,HTTP/2.0,default,,429,,tls1.3,https://airportgap.com/api/airports/JFK,,
http_req_tls_handshaking,1784003735,0.000000,,,1429,false,,GET,https://airportgap.com/api/airports/JFK,HTTP/2.0,default,,429,,tls1.3,https://airportgap.com/api/airports/JFK,,
http_req_sending,1784003735,0.000000,,,1429,false,,GET,https://airportgap.com/api/airports/JFK,HTTP/2.0,default,,429,,tls1.3,https://airportgap.com/api/airports/JFK,,
http_req_waiting,1784003735,203.022900,,,1429,false,,GET,https://airportgap.com/api/airports/JFK,HTTP/2.0,default,,429,,tls1.3,https://airportgap.com/api/airports/JFK,,
http_req_receiving,1784003735,0.658700,,,1429,false,,GET,https://airportgap.com/api/airports/JFK,HTTP/2.0,default,,429,,tls1.3,https://airportgap.com/api/airports/JFK,,
http_req_failed,1784003735,1.000000,,,1429,false,,GET,https://airportgap.com/api/airports/JFK,HTTP/2.0,default,,429,,tls1.3,https://airportgap.com/api/airports/JFK,,
checks,1784003735,0.000000,JFK status 200,,,,,,,,default,,,,,,,
http_reqs,1784003735,1.000000,,,1429,false,,GET,https://airportgap.com/api/airports/JFK,HTTP/2.0,default,,429,,tls1.3,https://airportgap.com/api/airports/JFK,,
http_req_duration,1784003735,204.193100,,,1429,false,,GET,https://airportgap.com/api/airports/JFK,HTTP/2.0,default,,429,,tls1.3,https://airportgap.com/api/airports/JFK,,
http_req_blocked,1784003735,0.000000,,,1429,false,,GET,https://airportgap.com/api/airports/JFK,HTTP/2.0,default,,429,,tls1.3,https://airportgap.com/api/airports/JFK,,
http_req_connecting,1784003735,0.000000,,,1429,false,,GET,https://airportgap.com/api/airports/JFK,HTTP/2.0,default,,429,,tls1.3,https://airportgap.com/api/airports/JFK,,
http_req_tls_handshaking,1784003735,0.000000,,,1429,false,,GET,https://airportgap.com/api/airports/JFK,HTTP/2.0,default,,429,,tls1.3,https://airportgap.com/api/airports/JFK,,
http_req_sending,1784003735,0.000000,,,1429,false,,GET,https://airportgap.com/api/airports/JFK,HTTP/2.0,default,,429,,tls1.3,https://airportgap.com/api/airports/JFK,,
http_req_waiting,1784003735,204.193100,,,1429,false,,GET,https://airportgap.com/api/airports/JFK,HTTP/2.0,default,,429,,tls1.3,https://airportgap.com/api/airports/JFK,,
http_req_receiving,1784003735,0.000000,,,1429,false,,GET,https://airportgap.com/api/airports/JFK,HTTP/2.0,default,,429,,tls1.3,https://airportgap.com/api/airports/JFK,,
http_req_failed,1784003735,1.000000,,,1429,false,,GET,https://airportgap.com/api/airports/JFK,HTTP/2.0,default,,429,,tls1.3,https://airportgap.com/api/airports/JFK,,
http_reqs,1784003735,1.000000,,,1429,false,,GET,https://airportgap.com/api/airports/JFK,HTTP/2.0,default,,429,,tls1.3,https://airportgap.com/api/airports/JFK,,
http_req_duration,1784003735,204.193100,,,1429,false,,GET,https://airportgap.com/api/airports/JFK,HTTP/2.0,default,,429,,tls1.3,https://airportgap.com/api/airports/JFK,,
http_req_blocked,1784003735,0.000000,,,1429,false,,GET,https://airportgap.com/api/airports/JFK,HTTP/2.0,default,,429,,tls1.3,https://airportgap.com/api/airports/JFK,,
http_req_connecting,1784003735,0.000000,,,1429,false,,GET,https://airportgap.com/api/airports/JFK,HTTP/2.0,default,,429,,tls1.3,https://airportgap.com/api/airports/JFK,,
http_req_tls_handshaking,1784003735,0.000000,,,1429,false,,GET,https://airportgap.com/api/airports/JFK,HTTP/2.0,default,,429,,tls1.3,https://airportgap.com/api/airports/JFK,,
http_req_sending,1784003735,0.000000,,,1429,false,,GET,https://airportgap.com/api/airports/JFK,HTTP/2.0,default,,429,,tls1.3,https://airportgap.com/api/airports/JFK,,
http_req_waiting,1784003735,203.534400,,,1429,false,,GET,https://airportgap.com/api/airports/JFK,HTTP/2.0,default,,429,,tls1.3,https://airportgap.com/api/airports/JFK,,
http_req_receiving,1784003735,0.658700,,,1429,false,,GET,https://airportgap.com/api/airports/JFK,HTTP/2.0,default,,429,,tls1.3,https://airportgap.com/api/airports/JFK,,
http_req_failed,1784003735,1.000000,,,1429,false,,GET,https://airportgap.com/api/airports/JFK,HTTP/2.0,default,,429,,tls1.3,https://airportgap.com/api/airports/JFK,,
checks,1784003735,0.000000,JFK status 200,,,,,,,,default,,,,,,,
http_reqs,1784003735,1.000000,,,1429,false,,GET,https://airportgap.com/api/airports/JFK,HTTP/2.0,default,,429,,tls1.3,https://airportgap.com/api/airports/JFK,,
http_req_duration,1784003735,204.193100,,,1429,false,,GET,https://airportgap.com/api/airports/JFK,HTTP/2.0,default,,429,,tls1.3,https://airportgap.com/api/airports/JFK,,
http_req_blocked,1784003735,0.000000,,,1429,false,,GET,https://airportgap.com/api/airports/JFK,HTTP/2.0,default,,429,,tls1.3,https://airportgap.com/api/airports/JFK,,
http_req_connecting,1784003735,0.000000,,,1429,false,,GET,https://airportgap.com/api/airports/JFK,HTTP/2.0,default,,429,,tls1.3,https://airportgap.com/api/airports/JFK,,
http_req_tls_handshaking,1784003735,0.000000,,,1429,false,,GET,https://airportgap.com/api/airports/JFK,HTTP/2.0,default,,429,,tls1.3,https://airportgap.com/api/airports/JFK,,
http_req_sending,1784003735,0.511500,,,1429,false,,GET,https://airportgap.com/api/airports/JFK,HTTP/2.0,default,,429,,tls1.3,https://airportgap.com/api/airports/JFK,,
http_req_waiting,1784003735,203.681600,,,1429,false,,GET,https://airportgap.com/api/airports/JFK,HTTP/2.0,default,,429,,tls1.3,https://airportgap.com/api/airports/JFK,,
http_req_receiving,1784003735,0.000000,,,1429,false,,GET,https://airportgap.com/api/airports/JFK,HTTP/2.0,default,,429,,tls1.3,https://airportgap.com/api/airports/JFK,,
http_req_failed,1784003735,1.000000,,,1429,false,,GET,https://airportgap.com/api/airports/JFK,HTTP/2.0,default,,429,,tls1.3,https://airportgap.com/api/airports/JFK,,
http_reqs,1784003735,1.000000,,,1429,false,,GET,https://airportgap.com/api/airports/JFK,HTTP/2.0,default,,429,,tls1.3,https://airportgap.com/api/airports/JFK,,
http_req_duration,1784003735,204.639500,,,1429,false,,GET,https://airportgap.com/api/airports/JFK,HTTP/2.0,default,,429,,tls1.3,https://airportgap.com/api/airports/JFK,,
http_req_blocked,1784003735,0.000000,,,1429,false,,GET,https://airportgap.com/api/airports/JFK,HTTP/2.0,default,,429,,tls1.3,https://airportgap.com/api/airports/JFK,,
http_req_connecting,1784003735,0.000000,,,1429,false,,GET,https://airportgap.com/api/airports/JFK,HTTP/2.0,default,,429,,tls1.3,https://airportgap.com/api/airports/JFK,,
http_req_tls_handshaking,1784003735,0.000000,,,1429,false,,GET,https://airportgap.com/api/airports/JFK,HTTP/2.0,default,,429,,tls1.3,https://airportgap.com/api/airports/JFK,,
http_req_sending,1784003735,0.446400,,,1429,false,,GET,https://airportgap.com/api/airports/JFK,HTTP/2.0,default,,429,,tls1.3,https://airportgap.com/api/airports/JFK,,
http_req_waiting,1784003735,204.193100,,,1429,false,,GET,https://airportgap.com/api/airports/JFK,HTTP/2.0,default,,429,,tls1.3,https://airportgap.com/api/airports/JFK,,
http_req_receiving,1784003735,0.000000,,,1429,false,,GET,https://airportgap.com/api/airports/JFK,HTTP/2.0,default,,429,,tls1.3,https://airportgap.com/api/airports/JFK,,
http_req_failed,1784003735,1.000000,,,1429,false,,GET,https://airportgap.com/api/airports/JFK,HTTP/2.0,default,,429,,tls1.3,https://airportgap.com/api/airports/JFK,,
checks,1784003735,0.000000,JFK status 200,,,,,,,,default,,,,,,,
http_reqs,1784003735,1.000000,,,1429,false,,GET,https://airportgap.com/api/airports/JFK,HTTP/2.0,default,,429,,tls1.3,https://airportgap.com/api/airports/JFK,,
http_req_duration,1784003735,204.193100,,,1429,false,,GET,https://airportgap.com/api/airports/JFK,HTTP/2.0,default,,429,,tls1.3,https://airportgap.com/api/airports/JFK,,
http_req_blocked,1784003735,0.000000,,,1429,false,,GET,https://airportgap.com/api/airports/JFK,HTTP/2.0,default,,429,,tls1.3,https://airportgap.com/api/airports/JFK,,
http_req_connecting,1784003735,0.000000,,,1429,false,,GET,https://airportgap.com/api/airports/JFK,HTTP/2.0,default,,429,,tls1.3,https://airportgap.com/api/airports/JFK,,
http_req_tls_handshaking,1784003735,0.000000,,,1429,false,,GET,https://airportgap.com/api/airports/JFK,HTTP/2.0,default,,429,,tls1.3,https://airportgap.com/api/airports/JFK,,
http_req_sending,1784003735,0.511500,,,1429,false,,GET,https://airportgap.com/api/airports/JFK,HTTP/2.0,default,,429,,tls1.3,https://airportgap.com/api/airports/JFK,,
http_req_waiting,1784003735,203.681600,,,1429,false,,GET,https://airportgap.com/api/airports/JFK,HTTP/2.0,default,,429,,tls1.3,https://airportgap.com/api/airports/JFK,,
http_req_receiving,1784003735,0.000000,,,1429,false,,GET,https://airportgap.com/api/airports/JFK,HTTP/2.0,default,,429,,tls1.3,https://airportgap.com/api/airports/JFK,,
http_req_failed,1784003735,1.000000,,,1429,false,,GET,https://airportgap.com/api/airports/JFK,HTTP/2.0,default,,429,,tls1.3,https://airportgap.com/api/airports/JFK,,
checks,1784003735,0.000000,JFK status 200,,,,,,,,default,,,,,,,
checks,1784003735,0.000000,JFK status 200,,,,,,,,default,,,,,,,
http_reqs,1784003735,1.000000,,,1429,false,,GET,https://airportgap.com/api/airports/JFK,HTTP/2.0,default,,429,,tls1.3,https://airportgap.com/api/airports/JFK,,
http_req_duration,1784003735,203.681600,,,1429,false,,GET,https://airportgap.com/api/airports/JFK,HTTP/2.0,default,,429,,tls1.3,https://airportgap.com/api/airports/JFK,,
http_req_blocked,1784003735,0.000000,,,1429,false,,GET,https://airportgap.com/api/airports/JFK,HTTP/2.0,default,,429,,tls1.3,https://airportgap.com/api/airports/JFK,,
http_req_connecting,1784003735,0.000000,,,1429,false,,GET,https://airportgap.com/api/airports/JFK,HTTP/2.0,default,,429,,tls1.3,https://airportgap.com/api/airports/JFK,,
http_req_tls_handshaking,1784003735,0.000000,,,1429,false,,GET,https://airportgap.com/api/airports/JFK,HTTP/2.0,default,,429,,tls1.3,https://airportgap.com/api/airports/JFK,,
http_req_sending,1784003735,0.000000,,,1429,false,,GET,https://airportgap.com/api/airports/JFK,HTTP/2.0,default,,429,,tls1.3,https://airportgap.com/api/airports/JFK,,
http_req_waiting,1784003735,203.681600,,,1429,false,,GET,https://airportgap.com/api/airports/JFK,HTTP/2.0,default,,429,,tls1.3,https://airportgap.com/api/airports/JFK,,
http_req_receiving,1784003735,0.000000,,,1429,false,,GET,https://airportgap.com/api/airports/JFK,HTTP/2.0,default,,429,,tls1.3,https://airportgap.com/api/airports/JFK,,
http_req_failed,1784003735,1.000000,,,1429,false,,GET,https://airportgap.com/api/airports/JFK,HTTP/2.0,default,,429,,tls1.3,https://airportgap.com/api/airports/JFK,,
checks,1784003735,0.000000,JFK status 200,,,,,,,,default,,,,,,,
checks,1784003735,0.000000,JFK status 200,,,,,,,,default,,,,,,,
vus,1784003735,10.000000,,,,,,,,,,,,,,,,
vus_max,1784003735,10.000000,,,,,,,,,,,,,,,,
data_sent,1784003736,72.000000,,,,,,,,,default,,,,,,,
data_received,1784003736,264.000000,,,,,,,,,default,,,,,,,
iteration_duration,1784003736,1429.822000,,,,,,,,,default,,,,,,,
iterations,1784003736,1.000000,,,,,,,,,default,,,,,,,
http_reqs,1784003736,1.000000,,,1429,false,,GET,https://airportgap.com/api/airports,HTTP/2.0,default,,429,,tls1.3,https://airportgap.com/api/airports,,
http_req_duration,1784003736,136.300500,,,1429,false,,GET,https://airportgap.com/api/airports,HTTP/2.0,default,,429,,tls1.3,https://airportgap.com/api/airports,,
http_req_blocked,1784003736,0.000000,,,1429,false,,GET,https://airportgap.com/api/airports,HTTP/2.0,default,,429,,tls1.3,https://airportgap.com/api/airports,,
http_req_connecting,1784003736,0.000000,,,1429,false,,GET,https://airportgap.com/api/airports,HTTP/2.0,default,,429,,tls1.3,https://airportgap.com/api/airports,,
http_req_tls_handshaking,1784003736,0.000000,,,1429,false,,GET,https://airportgap.com/api/airports,HTTP/2.0,default,,429,,tls1.3,https://airportgap.com/api/airports,,
http_req_sending,1784003736,0.460000,,,1429,false,,GET,https://airportgap.com/api/airports,HTTP/2.0,default,,429,,tls1.3,https://airportgap.com/api/airports,,
http_req_waiting,1784003736,135.840500,,,1429,false,,GET,https://airportgap.com/api/airports,HTTP/2.0,default,,429,,tls1.3,https://airportgap.com/api/airports,,
http_req_receiving,1784003736,0.000000,,,1429,false,,GET,https://airportgap.com/api/airports,HTTP/2.0,default,,429,,tls1.3,https://airportgap.com/api/airports,,
http_req_failed,1784003736,1.000000,,,1429,false,,GET,https://airportgap.com/api/airports,HTTP/2.0,default,,429,,tls1.3,https://airportgap.com/api/airports,,
checks,1784003736,0.000000,status 200,,,,,,,,default,,,,,,,
checks,1784003736,1.000000,menos de 1000ms,,,,,,,,default,,,,,,,
data_sent,1784003736,72.000000,,,,,,,,,default,,,,,,,
data_received,1784003736,264.000000,,,,,,,,,default,,,,,,,
iteration_duration,1784003736,1431.733200,,,,,,,,,default,,,,,,,
iterations,1784003736,1.000000,,,,,,,,,default,,,,,,,
http_reqs,1784003736,1.000000,,,1429,false,,GET,https://airportgap.com/api/airports/JFK,HTTP/2.0,default,,429,,tls1.3,https://airportgap.com/api/airports/JFK,,
http_req_duration,1784003736,204.615900,,,1429,false,,GET,https://airportgap.com/api/airports/JFK,HTTP/2.0,default,,429,,tls1.3,https://airportgap.com/api/airports/JFK,,
http_req_blocked,1784003736,0.000000,,,1429,false,,GET,https://airportgap.com/api/airports/JFK,HTTP/2.0,default,,429,,tls1.3,https://airportgap.com/api/airports/JFK,,
http_req_connecting,1784003736,0.000000,,,1429,false,,GET,https://airportgap.com/api/airports/JFK,HTTP/2.0,default,,429,,tls1.3,https://airportgap.com/api/airports/JFK,,
http_req_tls_handshaking,1784003736,0.000000,,,1429,false,,GET,https://airportgap.com/api/airports/JFK,HTTP/2.0,default,,429,,tls1.3,https://airportgap.com/api/airports/JFK,,
http_req_sending,1784003736,0.772000,,,1429,false,,GET,https://airportgap.com/api/airports/JFK,HTTP/2.0,default,,429,,tls1.3,https://airportgap.com/api/airports/JFK,,
http_req_waiting,1784003736,203.331000,,,1429,false,,GET,https://airportgap.com/api/airports/JFK,HTTP/2.0,default,,429,,tls1.3,https://airportgap.com/api/airports/JFK,,
http_req_receiving,1784003736,0.512900,,,1429,false,,GET,https://airportgap.com/api/airports/JFK,HTTP/2.0,default,,429,,tls1.3,https://airportgap.com/api/airports/JFK,,
http_req_failed,1784003736,1.000000,,,1429,false,,GET,https://airportgap.com/api/airports/JFK,HTTP/2.0,default,,429,,tls1.3,https://airportgap.com/api/airports/JFK,,
checks,1784003736,0.000000,JFK status 200,,,,,,,,default,,,,,,,
http_reqs,1784003736,1.000000,,,1429,false,,GET,https://airportgap.com/api/airports,HTTP/2.0,default,,429,,tls1.3,https://airportgap.com/api/airports,,
http_req_duration,1784003736,128.826000,,,1429,false,,GET,https://airportgap.com/api/airports,HTTP/2.0,default,,429,,tls1.3,https://airportgap.com/api/airports,,
http_req_blocked,1784003736,0.000000,,,1429,false,,GET,https://airportgap.com/api/airports,HTTP/2.0,default,,429,,tls1.3,https://airportgap.com/api/airports,,
http_req_connecting,1784003736,0.000000,,,1429,false,,GET,https://airportgap.com/api/airports,HTTP/2.0,default,,429,,tls1.3,https://airportgap.com/api/airports,,
http_req_tls_handshaking,1784003736,0.000000,,,1429,false,,GET,https://airportgap.com/api/airports,HTTP/2.0,default,,429,,tls1.3,https://airportgap.com/api/airports,,
http_req_sending,1784003736,0.000000,,,1429,false,,GET,https://airportgap.com/api/airports,HTTP/2.0,default,,429,,tls1.3,https://airportgap.com/api/airports,,
http_req_waiting,1784003736,128.826000,,,1429,false,,GET,https://airportgap.com/api/airports,HTTP/2.0,default,,429,,tls1.3,https://airportgap.com/api/airports,,
http_req_receiving,1784003736,0.000000,,,1429,false,,GET,https://airportgap.com/api/airports,HTTP/2.0,default,,429,,tls1.3,https://airportgap.com/api/airports,,
http_req_failed,1784003736,1.000000,,,1429,false,,GET,https://airportgap.com/api/airports,HTTP/2.0,default,,429,,tls1.3,https://airportgap.com/api/airports,,
checks,1784003736,0.000000,status 200,,,,,,,,default,,,,,,,
checks,1784003736,1.000000,menos de 1000ms,,,,,,,,default,,,,,,,
data_sent,1784003736,72.000000,,,,,,,,,default,,,,,,,
data_received,1784003736,265.000000,,,,,,,,,default,,,,,,,
iteration_duration,1784003736,1430.618100,,,,,,,,,default,,,,,,,
iterations,1784003736,1.000000,,,,,,,,,default,,,,,,,
data_sent,1784003736,72.000000,,,,,,,,,default,,,,,,,
data_received,1784003736,265.000000,,,,,,,,,default,,,,,,,
iteration_duration,1784003736,1434.015600,,,,,,,,,default,,,,,,,
iterations,1784003736,1.000000,,,,,,,,,default,,,,,,,
data_sent,1784003736,72.000000,,,,,,,,,default,,,,,,,
data_received,1784003736,264.000000,,,,,,,,,default,,,,,,,
iteration_duration,1784003736,1431.430100,,,,,,,,,default,,,,,,,
iterations,1784003736,1.000000,,,,,,,,,default,,,,,,,
data_sent,1784003736,72.000000,,,,,,,,,default,,,,,,,
data_received,1784003736,264.000000,,,,,,,,,default,,,,,,,
iteration_duration,1784003736,1431.944000,,,,,,,,,default,,,,,,,
iterations,1784003736,1.000000,,,,,,,,,default,,,,,,,
data_sent,1784003736,72.000000,,,,,,,,,default,,,,,,,
data_received,1784003736,264.000000,,,,,,,,,default,,,,,,,
iteration_duration,1784003736,1431.944000,,,,,,,,,default,,,,,,,
iterations,1784003736,1.000000,,,,,,,,,default,,,,,,,
data_sent,1784003736,72.000000,,,,,,,,,default,,,,,,,
data_received,1784003736,265.000000,,,,,,,,,default,,,,,,,
iteration_duration,1784003736,1431.944000,,,,,,,,,default,,,,,,,
iterations,1784003736,1.000000,,,,,,,,,default,,,,,,,
data_sent,1784003736,72.000000,,,,,,,,,default,,,,,,,
data_received,1784003736,264.000000,,,,,,,,,default,,,,,,,
iteration_duration,1784003736,1431.944000,,,,,,,,,default,,,,,,,
iterations,1784003736,1.000000,,,,,,,,,default,,,,,,,
data_sent,1784003736,72.000000,,,,,,,,,default,,,,,,,
data_received,1784003736,264.000000,,,,,,,,,default,,,,,,,
iteration_duration,1784003736,1432.642500,,,,,,,,,default,,,,,,,
iterations,1784003736,1.000000,,,,,,,,,default,,,,,,,
vus,1784003736,10.000000,,,,,,,,,,,,,,,,
vus_max,1784003736,10.000000,,,,,,,,,,,,,,,,
http_reqs,1784003736,1.000000,,,1429,false,,GET,https://airportgap.com/api/airports/JFK,HTTP/2.0,default,,429,,tls1.3,https://airportgap.com/api/airports/JFK,,
http_req_duration,1784003736,203.485500,,,1429,false,,GET,https://airportgap.com/api/airports/JFK,HTTP/2.0,default,,429,,tls1.3,https://airportgap.com/api/airports/JFK,,
http_req_blocked,1784003736,0.000000,,,1429,false,,GET,https://airportgap.com/api/airports/JFK,HTTP/2.0,default,,429,,tls1.3,https://airportgap.com/api/airports/JFK,,
http_req_connecting,1784003736,0.000000,,,1429,false,,GET,https://airportgap.com/api/airports/JFK,HTTP/2.0,default,,429,,tls1.3,https://airportgap.com/api/airports/JFK,,
http_req_tls_handshaking,1784003736,0.000000,,,1429,false,,GET,https://airportgap.com/api/airports/JFK,HTTP/2.0,default,,429,,tls1.3,https://airportgap.com/api/airports/JFK,,
http_req_sending,1784003736,0.000000,,,1429,false,,GET,https://airportgap.com/api/airports/JFK,HTTP/2.0,default,,429,,tls1.3,https://airportgap.com/api/airports/JFK,,
http_req_waiting,1784003736,203.485500,,,1429,false,,GET,https://airportgap.com/api/airports/JFK,HTTP/2.0,default,,429,,tls1.3,https://airportgap.com/api/airports/JFK,,
http_req_receiving,1784003736,0.000000,,,1429,false,,GET,https://airportgap.com/api/airports/JFK,HTTP/2.0,default,,429,,tls1.3,https://airportgap.com/api/airports/JFK,,
http_req_failed,1784003736,1.000000,,,1429,false,,GET,https://airportgap.com/api/airports/JFK,HTTP/2.0,default,,429,,tls1.3,https://airportgap.com/api/airports/JFK,,
checks,1784003736,0.000000,JFK status 200,,,,,,,,default,,,,,,,
http_reqs,1784003736,1.000000,,,1429,false,,GET,https://airportgap.com/api/airports,HTTP/2.0,default,,429,,tls1.3,https://airportgap.com/api/airports,,
http_req_duration,1784003736,140.347400,,,1429,false,,GET,https://airportgap.com/api/airports,HTTP/2.0,default,,429,,tls1.3,https://airportgap.com/api/airports,,
http_req_blocked,1784003736,0.000000,,,1429,false,,GET,https://airportgap.com/api/airports,HTTP/2.0,default,,429,,tls1.3,https://airportgap.com/api/airports,,
http_req_connecting,1784003736,0.000000,,,1429,false,,GET,https://airportgap.com/api/airports,HTTP/2.0,default,,429,,tls1.3,https://airportgap.com/api/airports,,
http_req_tls_handshaking,1784003736,0.000000,,,1429,false,,GET,https://airportgap.com/api/airports,HTTP/2.0,default,,429,,tls1.3,https://airportgap.com/api/airports,,
http_req_sending,1784003736,0.000000,,,1429,false,,GET,https://airportgap.com/api/airports,HTTP/2.0,default,,429,,tls1.3,https://airportgap.com/api/airports,,
http_req_waiting,1784003736,139.948200,,,1429,false,,GET,https://airportgap.com/api/airports,HTTP/2.0,default,,429,,tls1.3,https://airportgap.com/api/airports,,
http_req_receiving,1784003736,0.399200,,,1429,false,,GET,https://airportgap.com/api/airports,HTTP/2.0,default,,429,,tls1.3,https://airportgap.com/api/airports,,
http_req_failed,1784003736,1.000000,,,1429,false,,GET,https://airportgap.com/api/airports,HTTP/2.0,default,,429,,tls1.3,https://airportgap.com/api/airports,,
checks,1784003736,0.000000,status 200,,,,,,,,default,,,,,,,
checks,1784003736,1.000000,menos de 1000ms,,,,,,,,default,,,,,,,
http_reqs,1784003736,1.000000,,,1429,false,,GET,https://airportgap.com/api/airports,HTTP/2.0,default,,429,,tls1.3,https://airportgap.com/api/airports,,
http_req_duration,1784003736,140.347400,,,1429,false,,GET,https://airportgap.com/api/airports,HTTP/2.0,default,,429,,tls1.3,https://airportgap.com/api/airports,,
http_req_blocked,1784003736,0.000000,,,1429,false,,GET,https://airportgap.com/api/airports,HTTP/2.0,default,,429,,tls1.3,https://airportgap.com/api/airports,,
http_req_connecting,1784003736,0.000000,,,1429,false,,GET,https://airportgap.com/api/airports,HTTP/2.0,default,,429,,tls1.3,https://airportgap.com/api/airports,,
http_req_tls_handshaking,1784003736,0.000000,,,1429,false,,GET,https://airportgap.com/api/airports,HTTP/2.0,default,,429,,tls1.3,https://airportgap.com/api/airports,,
http_req_sending,1784003736,0.000000,,,1429,false,,GET,https://airportgap.com/api/airports,HTTP/2.0,default,,429,,tls1.3,https://airportgap.com/api/airports,,
http_req_waiting,1784003736,140.347400,,,1429,false,,GET,https://airportgap.com/api/airports,HTTP/2.0,default,,429,,tls1.3,https://airportgap.com/api/airports,,
http_req_receiving,1784003736,0.000000,,,1429,false,,GET,https://airportgap.com/api/airports,HTTP/2.0,default,,429,,tls1.3,https://airportgap.com/api/airports,,
http_req_failed,1784003736,1.000000,,,1429,false,,GET,https://airportgap.com/api/airports,HTTP/2.0,default,,429,,tls1.3,https://airportgap.com/api/airports,,
checks,1784003736,0.000000,status 200,,,,,,,,default,,,,,,,
checks,1784003736,1.000000,menos de 1000ms,,,,,,,,default,,,,,,,
http_reqs,1784003736,1.000000,,,1429,false,,GET,https://airportgap.com/api/airports,HTTP/2.0,default,,429,,tls1.3,https://airportgap.com/api/airports,,
http_req_duration,1784003736,141.355800,,,1429,false,,GET,https://airportgap.com/api/airports,HTTP/2.0,default,,429,,tls1.3,https://airportgap.com/api/airports,,
http_req_blocked,1784003736,0.000000,,,1429,false,,GET,https://airportgap.com/api/airports,HTTP/2.0,default,,429,,tls1.3,https://airportgap.com/api/airports,,
http_req_connecting,1784003736,0.000000,,,1429,false,,GET,https://airportgap.com/api/airports,HTTP/2.0,default,,429,,tls1.3,https://airportgap.com/api/airports,,
http_req_tls_handshaking,1784003736,0.000000,,,1429,false,,GET,https://airportgap.com/api/airports,HTTP/2.0,default,,429,,tls1.3,https://airportgap.com/api/airports,,
http_req_sending,1784003736,0.000000,,,1429,false,,GET,https://airportgap.com/api/airports,HTTP/2.0,default,,429,,tls1.3,https://airportgap.com/api/airports,,
http_req_waiting,1784003736,140.347400,,,1429,false,,GET,https://airportgap.com/api/airports,HTTP/2.0,default,,429,,tls1.3,https://airportgap.com/api/airports,,
http_req_receiving,1784003736,1.008400,,,1429,false,,GET,https://airportgap.com/api/airports,HTTP/2.0,default,,429,,tls1.3,https://airportgap.com/api/airports,,
http_req_failed,1784003736,1.000000,,,1429,false,,GET,https://airportgap.com/api/airports,HTTP/2.0,default,,429,,tls1.3,https://airportgap.com/api/airports,,
checks,1784003736,0.000000,status 200,,,,,,,,default,,,,,,,
checks,1784003736,1.000000,menos de 1000ms,,,,,,,,default,,,,,,,
http_reqs,1784003736,1.000000,,,1429,false,,GET,https://airportgap.com/api/airports,HTTP/2.0,default,,429,,tls1.3,https://airportgap.com/api/airports,,
http_req_duration,1784003736,142.137300,,,1429,false,,GET,https://airportgap.com/api/airports,HTTP/2.0,default,,429,,tls1.3,https://airportgap.com/api/airports,,
http_req_blocked,1784003736,0.000000,,,1429,false,,GET,https://airportgap.com/api/airports,HTTP/2.0,default,,429,,tls1.3,https://airportgap.com/api/airports,,
http_req_connecting,1784003736,0.000000,,,1429,false,,GET,https://airportgap.com/api/airports,HTTP/2.0,default,,429,,tls1.3,https://airportgap.com/api/airports,,
http_req_tls_handshaking,1784003736,0.000000,,,1429,false,,GET,https://airportgap.com/api/airports,HTTP/2.0,default,,429,,tls1.3,https://airportgap.com/api/airports,,
http_req_sending,1784003736,0.000000,,,1429,false,,GET,https://airportgap.com/api/airports,HTTP/2.0,default,,429,,tls1.3,https://airportgap.com/api/airports,,
http_req_waiting,1784003736,142.137300,,,1429,false,,GET,https://airportgap.com/api/airports,HTTP/2.0,default,,429,,tls1.3,https://airportgap.com/api/airports,,
http_req_receiving,1784003736,0.000000,,,1429,false,,GET,https://airportgap.com/api/airports,HTTP/2.0,default,,429,,tls1.3,https://airportgap.com/api/airports,,
http_req_failed,1784003736,1.000000,,,1429,false,,GET,https://airportgap.com/api/airports,HTTP/2.0,default,,429,,tls1.3,https://airportgap.com/api/airports,,
checks,1784003736,0.000000,status 200,,,,,,,,default,,,,,,,
checks,1784003736,1.000000,menos de 1000ms,,,,,,,,default,,,,,,,
http_reqs,1784003736,1.000000,,,1429,false,,GET,https://airportgap.com/api/airports,HTTP/2.0,default,,429,,tls1.3,https://airportgap.com/api/airports,,
http_req_duration,1784003736,144.154900,,,1429,false,,GET,https://airportgap.com/api/airports,HTTP/2.0,default,,429,,tls1.3,https://airportgap.com/api/airports,,
http_req_blocked,1784003736,0.000000,,,1429,false,,GET,https://airportgap.com/api/airports,HTTP/2.0,default,,429,,tls1.3,https://airportgap.com/api/airports,,
http_req_connecting,1784003736,0.000000,,,1429,false,,GET,https://airportgap.com/api/airports,HTTP/2.0,default,,429,,tls1.3,https://airportgap.com/api/airports,,
http_req_tls_handshaking,1784003736,0.000000,,,1429,false,,GET,https://airportgap.com/api/airports,HTTP/2.0,default,,429,,tls1.3,https://airportgap.com/api/airports,,
http_req_sending,1784003736,0.812000,,,1429,false,,GET,https://airportgap.com/api/airports,HTTP/2.0,default,,429,,tls1.3,https://airportgap.com/api/airports,,
http_req_waiting,1784003736,143.342900,,,1429,false,,GET,https://airportgap.com/api/airports,HTTP/2.0,default,,429,,tls1.3,https://airportgap.com/api/airports,,
http_req_receiving,1784003736,0.000000,,,1429,false,,GET,https://airportgap.com/api/airports,HTTP/2.0,default,,429,,tls1.3,https://airportgap.com/api/airports,,
http_req_failed,1784003736,1.000000,,,1429,false,,GET,https://airportgap.com/api/airports,HTTP/2.0,default,,429,,tls1.3,https://airportgap.com/api/airports,,
checks,1784003736,0.000000,status 200,,,,,,,,default,,,,,,,
checks,1784003736,1.000000,menos de 1000ms,,,,,,,,default,,,,,,,
http_reqs,1784003736,1.000000,,,1429,false,,GET,https://airportgap.com/api/airports,HTTP/2.0,default,,429,,tls1.3,https://airportgap.com/api/airports,,
http_req_duration,1784003736,144.504800,,,1429,false,,GET,https://airportgap.com/api/airports,HTTP/2.0,default,,429,,tls1.3,https://airportgap.com/api/airports,,
http_req_blocked,1784003736,0.000000,,,1429,false,,GET,https://airportgap.com/api/airports,HTTP/2.0,default,,429,,tls1.3,https://airportgap.com/api/airports,,
http_req_connecting,1784003736,0.000000,,,1429,false,,GET,https://airportgap.com/api/airports,HTTP/2.0,default,,429,,tls1.3,https://airportgap.com/api/airports,,
http_req_tls_handshaking,1784003736,0.000000,,,1429,false,,GET,https://airportgap.com/api/airports,HTTP/2.0,default,,429,,tls1.3,https://airportgap.com/api/airports,,
http_req_sending,1784003736,0.000000,,,1429,false,,GET,https://airportgap.com/api/airports,HTTP/2.0,default,,429,,tls1.3,https://airportgap.com/api/airports,,
http_req_waiting,1784003736,143.936800,,,1429,false,,GET,https://airportgap.com/api/airports,HTTP/2.0,default,,429,,tls1.3,https://airportgap.com/api/airports,,
http_req_receiving,1784003736,0.568000,,,1429,false,,GET,https://airportgap.com/api/airports,HTTP/2.0,default,,429,,tls1.3,https://airportgap.com/api/airports,,
http_req_failed,1784003736,1.000000,,,1429,false,,GET,https://airportgap.com/api/airports,HTTP/2.0,default,,429,,tls1.3,https://airportgap.com/api/airports,,
checks,1784003736,0.000000,status 200,,,,,,,,default,,,,,,,
checks,1784003736,1.000000,menos de 1000ms,,,,,,,,default,,,,,,,
http_reqs,1784003736,1.000000,,,1429,false,,GET,https://airportgap.com/api/airports,HTTP/2.0,default,,429,,tls1.3,https://airportgap.com/api/airports,,
http_req_duration,1784003736,145.476100,,,1429,false,,GET,https://airportgap.com/api/airports,HTTP/2.0,default,,429,,tls1.3,https://airportgap.com/api/airports,,
http_req_blocked,1784003736,0.000000,,,1429,false,,GET,https://airportgap.com/api/airports,HTTP/2.0,default,,429,,tls1.3,https://airportgap.com/api/airports,,
http_req_connecting,1784003736,0.000000,,,1429,false,,GET,https://airportgap.com/api/airports,HTTP/2.0,default,,429,,tls1.3,https://airportgap.com/api/airports,,
http_req_tls_handshaking,1784003736,0.000000,,,1429,false,,GET,https://airportgap.com/api/airports,HTTP/2.0,default,,429,,tls1.3,https://airportgap.com/api/airports,,
http_req_sending,1784003736,0.000000,,,1429,false,,GET,https://airportgap.com/api/airports,HTTP/2.0,default,,429,,tls1.3,https://airportgap.com/api/airports,,
http_req_waiting,1784003736,144.339300,,,1429,false,,GET,https://airportgap.com/api/airports,HTTP/2.0,default,,429,,tls1.3,https://airportgap.com/api/airports,,
http_req_receiving,1784003736,1.136800,,,1429,false,,GET,https://airportgap.com/api/airports,HTTP/2.0,default,,429,,tls1.3,https://airportgap.com/api/airports,,
http_req_failed,1784003736,1.000000,,,1429,false,,GET,https://airportgap.com/api/airports,HTTP/2.0,default,,429,,tls1.3,https://airportgap.com/api/airports,,
checks,1784003736,0.000000,status 200,,,,,,,,default,,,,,,,
checks,1784003736,1.000000,menos de 1000ms,,,,,,,,default,,,,,,,
http_reqs,1784003736,1.000000,,,1429,false,,GET,https://airportgap.com/api/airports,HTTP/2.0,default,,429,,tls1.3,https://airportgap.com/api/airports,,
http_req_duration,1784003736,146.780800,,,1429,false,,GET,https://airportgap.com/api/airports,HTTP/2.0,default,,429,,tls1.3,https://airportgap.com/api/airports,,
http_req_blocked,1784003736,0.000000,,,1429,false,,GET,https://airportgap.com/api/airports,HTTP/2.0,default,,429,,tls1.3,https://airportgap.com/api/airports,,
http_req_connecting,1784003736,0.000000,,,1429,false,,GET,https://airportgap.com/api/airports,HTTP/2.0,default,,429,,tls1.3,https://airportgap.com/api/airports,,
http_req_tls_handshaking,1784003736,0.000000,,,1429,false,,GET,https://airportgap.com/api/airports,HTTP/2.0,default,,429,,tls1.3,https://airportgap.com/api/airports,,
http_req_sending,1784003736,0.000000,,,1429,false,,GET,https://airportgap.com/api/airports,HTTP/2.0,default,,429,,tls1.3,https://airportgap.com/api/airports,,
http_req_waiting,1784003736,146.271900,,,1429,false,,GET,https://airportgap.com/api/airports,HTTP/2.0,default,,429,,tls1.3,https://airportgap.com/api/airports,,
http_req_receiving,1784003736,0.508900,,,1429,false,,GET,https://airportgap.com/api/airports,HTTP/2.0,default,,429,,tls1.3,https://airportgap.com/api/airports,,
http_req_failed,1784003736,1.000000,,,1429,false,,GET,https://airportgap.com/api/airports,HTTP/2.0,default,,429,,tls1.3,https://airportgap.com/api/airports,,
checks,1784003736,0.000000,status 200,,,,,,,,default,,,,,,,
checks,1784003736,1.000000,menos de 1000ms,,,,,,,,default,,,,,,,
http_reqs,1784003736,1.000000,,,1429,false,,GET,https://airportgap.com/api/airports/JFK,HTTP/2.0,default,,429,,tls1.3,https://airportgap.com/api/airports/JFK,,
http_req_duration,1784003736,188.977200,,,1429,false,,GET,https://airportgap.com/api/airports/JFK,HTTP/2.0,default,,429,,tls1.3,https://airportgap.com/api/airports/JFK,,
http_req_blocked,1784003736,0.000000,,,1429,false,,GET,https://airportgap.com/api/airports/JFK,HTTP/2.0,default,,429,,tls1.3,https://airportgap.com/api/airports/JFK,,
http_req_connecting,1784003736,0.000000,,,1429,false,,GET,https://airportgap.com/api/airports/JFK,HTTP/2.0,default,,429,,tls1.3,https://airportgap.com/api/airports/JFK,,
http_req_tls_handshaking,1784003736,0.000000,,,1429,false,,GET,https://airportgap.com/api/airports/JFK,HTTP/2.0,default,,429,,tls1.3,https://airportgap.com/api/airports/JFK,,
http_req_sending,1784003736,0.000000,,,1429,false,,GET,https://airportgap.com/api/airports/JFK,HTTP/2.0,default,,429,,tls1.3,https://airportgap.com/api/airports/JFK,,
http_req_waiting,1784003736,188.977200,,,1429,false,,GET,https://airportgap.com/api/airports/JFK,HTTP/2.0,default,,429,,tls1.3,https://airportgap.com/api/airports/JFK,,
http_req_receiving,1784003736,0.000000,,,1429,false,,GET,https://airportgap.com/api/airports/JFK,HTTP/2.0,default,,429,,tls1.3,https://airportgap.com/api/airports/JFK,,
http_req_failed,1784003736,1.000000,,,1429,false,,GET,https://airportgap.com/api/airports/JFK,HTTP/2.0,default,,429,,tls1.3,https://airportgap.com/api/airports/JFK,,
checks,1784003736,0.000000,JFK status 200,,,,,,,,default,,,,,,,
http_reqs,1784003736,1.000000,,,1429,false,,GET,https://airportgap.com/api/airports/JFK,HTTP/2.0,default,,429,,tls1.3,https://airportgap.com/api/airports/JFK,,
http_req_duration,1784003736,187.073900,,,1429,false,,GET,https://airportgap.com/api/airports/JFK,HTTP/2.0,default,,429,,tls1.3,https://airportgap.com/api/airports/JFK,,
http_req_blocked,1784003736,0.000000,,,1429,false,,GET,https://airportgap.com/api/airports/JFK,HTTP/2.0,default,,429,,tls1.3,https://airportgap.com/api/airports/JFK,,
http_req_connecting,1784003736,0.000000,,,1429,false,,GET,https://airportgap.com/api/airports/JFK,HTTP/2.0,default,,429,,tls1.3,https://airportgap.com/api/airports/JFK,,
http_req_tls_handshaking,1784003736,0.000000,,,1429,false,,GET,https://airportgap.com/api/airports/JFK,HTTP/2.0,default,,429,,tls1.3,https://airportgap.com/api/airports/JFK,,
http_req_sending,1784003736,0.000000,,,1429,false,,GET,https://airportgap.com/api/airports/JFK,HTTP/2.0,default,,429,,tls1.3,https://airportgap.com/api/airports/JFK,,
http_req_waiting,1784003736,187.073900,,,1429,false,,GET,https://airportgap.com/api/airports/JFK,HTTP/2.0,default,,429,,tls1.3,https://airportgap.com/api/airports/JFK,,
http_req_receiving,1784003736,0.000000,,,1429,false,,GET,https://airportgap.com/api/airports/JFK,HTTP/2.0,default,,429,,tls1.3,https://airportgap.com/api/airports/JFK,,
http_req_failed,1784003736,1.000000,,,1429,false,,GET,https://airportgap.com/api/airports/JFK,HTTP/2.0,default,,429,,tls1.3,https://airportgap.com/api/airports/JFK,,
checks,1784003736,0.000000,JFK status 200,,,,,,,,default,,,,,,,
http_reqs,1784003736,1.000000,,,1429,false,,GET,https://airportgap.com/api/airports/JFK,HTTP/2.0,default,,429,,tls1.3,https://airportgap.com/api/airports/JFK,,
http_req_duration,1784003736,186.566800,,,1429,false,,GET,https://airportgap.com/api/airports/JFK,HTTP/2.0,default,,429,,tls1.3,https://airportgap.com/api/airports/JFK,,
http_req_blocked,1784003736,0.000000,,,1429,false,,GET,https://airportgap.com/api/airports/JFK,HTTP/2.0,default,,429,,tls1.3,https://airportgap.com/api/airports/JFK,,
http_req_connecting,1784003736,0.000000,,,1429,false,,GET,https://airportgap.com/api/airports/JFK,HTTP/2.0,default,,429,,tls1.3,https://airportgap.com/api/airports/JFK,,
http_req_tls_handshaking,1784003736,0.000000,,,1429,false,,GET,https://airportgap.com/api/airports/JFK,HTTP/2.0,default,,429,,tls1.3,https://airportgap.com/api/airports/JFK,,
http_req_sending,1784003736,0.593900,,,1429,false,,GET,https://airportgap.com/api/airports/JFK,HTTP/2.0,default,,429,,tls1.3,https://airportgap.com/api/airports/JFK,,
http_req_waiting,1784003736,185.972900,,,1429,false,,GET,https://airportgap.com/api/airports/JFK,HTTP/2.0,default,,429,,tls1.3,https://airportgap.com/api/airports/JFK,,
http_req_receiving,1784003736,0.000000,,,1429,false,,GET,https://airportgap.com/api/airports/JFK,HTTP/2.0,default,,429,,tls1.3,https://airportgap.com/api/airports/JFK,,
http_req_failed,1784003736,1.000000,,,1429,false,,GET,https://airportgap.com/api/airports/JFK,HTTP/2.0,default,,429,,tls1.3,https://airportgap.com/api/airports/JFK,,
http_reqs,1784003736,1.000000,,,1429,false,,GET,https://airportgap.com/api/airports/JFK,HTTP/2.0,default,,429,,tls1.3,https://airportgap.com/api/airports/JFK,,
http_req_duration,1784003736,188.002800,,,1429,false,,GET,https://airportgap.com/api/airports/JFK,HTTP/2.0,default,,429,,tls1.3,https://airportgap.com/api/airports/JFK,,
http_req_blocked,1784003736,0.000000,,,1429,false,,GET,https://airportgap.com/api/airports/JFK,HTTP/2.0,default,,429,,tls1.3,https://airportgap.com/api/airports/JFK,,
http_req_connecting,1784003736,0.000000,,,1429,false,,GET,https://airportgap.com/api/airports/JFK,HTTP/2.0,default,,429,,tls1.3,https://airportgap.com/api/airports/JFK,,
http_req_tls_handshaking,1784003736,0.000000,,,1429,false,,GET,https://airportgap.com/api/airports/JFK,HTTP/2.0,default,,429,,tls1.3,https://airportgap.com/api/airports/JFK,,
http_req_sending,1784003736,0.000000,,,1429,false,,GET,https://airportgap.com/api/airports/JFK,HTTP/2.0,default,,429,,tls1.3,https://airportgap.com/api/airports/JFK,,
http_req_waiting,1784003736,188.002800,,,1429,false,,GET,https://airportgap.com/api/airports/JFK,HTTP/2.0,default,,429,,tls1.3,https://airportgap.com/api/airports/JFK,,
http_req_receiving,1784003736,0.000000,,,1429,false,,GET,https://airportgap.com/api/airports/JFK,HTTP/2.0,default,,429,,tls1.3,https://airportgap.com/api/airports/JFK,,
http_req_failed,1784003736,1.000000,,,1429,false,,GET,https://airportgap.com/api/airports/JFK,HTTP/2.0,default,,429,,tls1.3,https://airportgap.com/api/airports/JFK,,
checks,1784003736,0.000000,JFK status 200,,,,,,,,default,,,,,,,
checks,1784003736,0.000000,JFK status 200,,,,,,,,default,,,,,,,
http_reqs,1784003736,1.000000,,,1429,false,,GET,https://airportgap.com/api/airports/JFK,HTTP/2.0,default,,429,,tls1.3,https://airportgap.com/api/airports/JFK,,
http_req_duration,1784003736,189.562300,,,1429,false,,GET,https://airportgap.com/api/airports/JFK,HTTP/2.0,default,,429,,tls1.3,https://airportgap.com/api/airports/JFK,,
http_req_blocked,1784003736,0.000000,,,1429,false,,GET,https://airportgap.com/api/airports/JFK,HTTP/2.0,default,,429,,tls1.3,https://airportgap.com/api/airports/JFK,,
http_req_connecting,1784003736,0.000000,,,1429,false,,GET,https://airportgap.com/api/airports/JFK,HTTP/2.0,default,,429,,tls1.3,https://airportgap.com/api/airports/JFK,,
http_req_tls_handshaking,1784003736,0.000000,,,1429,false,,GET,https://airportgap.com/api/airports/JFK,HTTP/2.0,default,,429,,tls1.3,https://airportgap.com/api/airports/JFK,,
http_req_sending,1784003736,0.000000,,,1429,false,,GET,https://airportgap.com/api/airports/JFK,HTTP/2.0,default,,429,,tls1.3,https://airportgap.com/api/airports/JFK,,
http_req_waiting,1784003736,189.562300,,,1429,false,,GET,https://airportgap.com/api/airports/JFK,HTTP/2.0,default,,429,,tls1.3,https://airportgap.com/api/airports/JFK,,
http_req_receiving,1784003736,0.000000,,,1429,false,,GET,https://airportgap.com/api/airports/JFK,HTTP/2.0,default,,429,,tls1.3,https://airportgap.com/api/airports/JFK,,
http_req_failed,1784003736,1.000000,,,1429,false,,GET,https://airportgap.com/api/airports/JFK,HTTP/2.0,default,,429,,tls1.3,https://airportgap.com/api/airports/JFK,,
checks,1784003736,0.000000,JFK status 200,,,,,,,,default,,,,,,,
http_reqs,1784003736,1.000000,,,1429,false,,GET,https://airportgap.com/api/airports/JFK,HTTP/2.0,default,,429,,tls1.3,https://airportgap.com/api/airports/JFK,,
http_req_duration,1784003736,182.430400,,,1429,false,,GET,https://airportgap.com/api/airports/JFK,HTTP/2.0,default,,429,,tls1.3,https://airportgap.com/api/airports/JFK,,
http_req_blocked,1784003736,0.000000,,,1429,false,,GET,https://airportgap.com/api/airports/JFK,HTTP/2.0,default,,429,,tls1.3,https://airportgap.com/api/airports/JFK,,
http_req_connecting,1784003736,0.000000,,,1429,false,,GET,https://airportgap.com/api/airports/JFK,HTTP/2.0,default,,429,,tls1.3,https://airportgap.com/api/airports/JFK,,
http_req_tls_handshaking,1784003736,0.000000,,,1429,false,,GET,https://airportgap.com/api/airports/JFK,HTTP/2.0,default,,429,,tls1.3,https://airportgap.com/api/airports/JFK,,
http_req_sending,1784003736,0.000000,,,1429,false,,GET,https://airportgap.com/api/airports/JFK,HTTP/2.0,default,,429,,tls1.3,https://airportgap.com/api/airports/JFK,,
http_req_waiting,1784003736,182.430400,,,1429,false,,GET,https://airportgap.com/api/airports/JFK,HTTP/2.0,default,,429,,tls1.3,https://airportgap.com/api/airports/JFK,,
http_req_receiving,1784003736,0.000000,,,1429,false,,GET,https://airportgap.com/api/airports/JFK,HTTP/2.0,default,,429,,tls1.3,https://airportgap.com/api/airports/JFK,,
http_req_failed,1784003736,1.000000,,,1429,false,,GET,https://airportgap.com/api/airports/JFK,HTTP/2.0,default,,429,,tls1.3,https://airportgap.com/api/airports/JFK,,
http_reqs,1784003736,1.000000,,,1429,false,,GET,https://airportgap.com/api/airports/JFK,HTTP/2.0,default,,429,,tls1.3,https://airportgap.com/api/airports/JFK,,
http_req_duration,1784003736,182.939300,,,1429,false,,GET,https://airportgap.com/api/airports/JFK,HTTP/2.0,default,,429,,tls1.3,https://airportgap.com/api/airports/JFK,,
http_req_blocked,1784003736,0.000000,,,1429,false,,GET,https://airportgap.com/api/airports/JFK,HTTP/2.0,default,,429,,tls1.3,https://airportgap.com/api/airports/JFK,,
http_req_connecting,1784003736,0.000000,,,1429,false,,GET,https://airportgap.com/api/airports/JFK,HTTP/2.0,default,,429,,tls1.3,https://airportgap.com/api/airports/JFK,,
http_req_tls_handshaking,1784003736,0.000000,,,1429,false,,GET,https://airportgap.com/api/airports/JFK,HTTP/2.0,default,,429,,tls1.3,https://airportgap.com/api/airports/JFK,,
http_req_sending,1784003736,0.000000,,,1429,false,,GET,https://airportgap.com/api/airports/JFK,HTTP/2.0,default,,429,,tls1.3,https://airportgap.com/api/airports/JFK,,
http_req_waiting,1784003736,182.939300,,,1429,false,,GET,https://airportgap.com/api/airports/JFK,HTTP/2.0,default,,429,,tls1.3,https://airportgap.com/api/airports/JFK,,
http_req_receiving,1784003736,0.000000,,,1429,false,,GET,https://airportgap.com/api/airports/JFK,HTTP/2.0,default,,429,,tls1.3,https://airportgap.com/api/airports/JFK,,
http_req_failed,1784003736,1.000000,,,1429,false,,GET,https://airportgap.com/api/airports/JFK,HTTP/2.0,default,,429,,tls1.3,https://airportgap.com/api/airports/JFK,,
checks,1784003736,0.000000,JFK status 200,,,,,,,,default,,,,,,,
checks,1784003736,0.000000,JFK status 200,,,,,,,,default,,,,,,,
http_reqs,1784003736,1.000000,,,1429,false,,GET,https://airportgap.com/api/airports/JFK,HTTP/2.0,default,,429,,tls1.3,https://airportgap.com/api/airports/JFK,,
http_req_duration,1784003736,185.404900,,,1429,false,,GET,https://airportgap.com/api/airports/JFK,HTTP/2.0,default,,429,,tls1.3,https://airportgap.com/api/airports/JFK,,
http_req_blocked,1784003736,0.000000,,,1429,false,,GET,https://airportgap.com/api/airports/JFK,HTTP/2.0,default,,429,,tls1.3,https://airportgap.com/api/airports/JFK,,
http_req_connecting,1784003736,0.000000,,,1429,false,,GET,https://airportgap.com/api/airports/JFK,HTTP/2.0,default,,429,,tls1.3,https://airportgap.com/api/airports/JFK,,
http_req_tls_handshaking,1784003736,0.000000,,,1429,false,,GET,https://airportgap.com/api/airports/JFK,HTTP/2.0,default,,429,,tls1.3,https://airportgap.com/api/airports/JFK,,
http_req_sending,1784003736,0.000000,,,1429,false,,GET,https://airportgap.com/api/airports/JFK,HTTP/2.0,default,,429,,tls1.3,https://airportgap.com/api/airports/JFK,,
http_req_waiting,1784003736,185.404900,,,1429,false,,GET,https://airportgap.com/api/airports/JFK,HTTP/2.0,default,,429,,tls1.3,https://airportgap.com/api/airports/JFK,,
http_req_receiving,1784003736,0.000000,,,1429,false,,GET,https://airportgap.com/api/airports/JFK,HTTP/2.0,default,,429,,tls1.3,https://airportgap.com/api/airports/JFK,,
http_req_failed,1784003736,1.000000,,,1429,false,,GET,https://airportgap.com/api/airports/JFK,HTTP/2.0,default,,429,,tls1.3,https://airportgap.com/api/airports/JFK,,
checks,1784003736,0.000000,JFK status 200,,,,,,,,default,,,,,,,
data_sent,1784003737,72.000000,,,,,,,,,default,,,,,,,
data_received,1784003737,286.000000,,,,,,,,,default,,,,,,,
iteration_duration,1784003737,1342.395400,,,,,,,,,default,,,,,,,
iterations,1784003737,1.000000,,,,,,,,,default,,,,,,,
vus,1784003737,10.000000,,,,,,,,,,,,,,,,
vus_max,1784003737,10.000000,,,,,,,,,,,,,,,,
data_sent,1784003737,72.000000,,,,,,,,,default,,,,,,,
data_received,1784003737,286.000000,,,,,,,,,default,,,,,,,
iteration_duration,1784003737,1332.918800,,,,,,,,,default,,,,,,,
iterations,1784003737,1.000000,,,,,,,,,default,,,,,,,
http_reqs,1784003737,1.000000,,,1429,false,,GET,https://airportgap.com/api/airports,HTTP/2.0,default,,429,,tls1.3,https://airportgap.com/api/airports,,
http_req_duration,1784003737,216.559400,,,1429,false,,GET,https://airportgap.com/api/airports,HTTP/2.0,default,,429,,tls1.3,https://airportgap.com/api/airports,,
http_req_blocked,1784003737,0.000000,,,1429,false,,GET,https://airportgap.com/api/airports,HTTP/2.0,default,,429,,tls1.3,https://airportgap.com/api/airports,,
http_req_connecting,1784003737,0.000000,,,1429,false,,GET,https://airportgap.com/api/airports,HTTP/2.0,default,,429,,tls1.3,https://airportgap.com/api/airports,,
http_req_tls_handshaking,1784003737,0.000000,,,1429,false,,GET,https://airportgap.com/api/airports,HTTP/2.0,default,,429,,tls1.3,https://airportgap.com/api/airports,,
http_req_sending,1784003737,0.396200,,,1429,false,,GET,https://airportgap.com/api/airports,HTTP/2.0,default,,429,,tls1.3,https://airportgap.com/api/airports,,
http_req_waiting,1784003737,212.527200,,,1429,false,,GET,https://airportgap.com/api/airports,HTTP/2.0,default,,429,,tls1.3,https://airportgap.com/api/airports,,
http_req_receiving,1784003737,3.636000,,,1429,false,,GET,https://airportgap.com/api/airports,HTTP/2.0,default,,429,,tls1.3,https://airportgap.com/api/airports,,
http_req_failed,1784003737,1.000000,,,1429,false,,GET,https://airportgap.com/api/airports,HTTP/2.0,default,,429,,tls1.3,https://airportgap.com/api/airports,,
checks,1784003737,0.000000,status 200,,,,,,,,default,,,,,,,
checks,1784003737,1.000000,menos de 1000ms,,,,,,,,default,,,,,,,
data_sent,1784003737,72.000000,,,,,,,,,default,,,,,,,
data_received,1784003737,310.000000,,,,,,,,,default,,,,,,,
iteration_duration,1784003737,1329.821900,,,,,,,,,default,,,,,,,
iterations,1784003737,1.000000,,,,,,,,,default,,,,,,,
data_sent,1784003737,72.000000,,,,,,,,,default,,,,,,,
data_received,1784003737,310.000000,,,,,,,,,default,,,,,,,
iteration_duration,1784003737,1331.901900,,,,,,,,,default,,,,,,,
iterations,1784003737,1.000000,,,,,,,,,default,,,,,,,
data_sent,1784003737,72.000000,,,,,,,,,default,,,,,,,
data_received,1784003737,310.000000,,,,,,,,,default,,,,,,,
iteration_duration,1784003737,1332.713900,,,,,,,,,default,,,,,,,
iterations,1784003737,1.000000,,,,,,,,,default,,,,,,,
data_sent,1784003737,72.000000,,,,,,,,,default,,,,,,,
data_received,1784003737,311.000000,,,,,,,,,default,,,,,,,
iteration_duration,1784003737,1331.203400,,,,,,,,,default,,,,,,,
iterations,1784003737,1.000000,,,,,,,,,default,,,,,,,
data_sent,1784003737,72.000000,,,,,,,,,default,,,,,,,
data_received,1784003737,310.000000,,,,,,,,,default,,,,,,,
iteration_duration,1784003737,1331.901900,,,,,,,,,default,,,,,,,
iterations,1784003737,1.000000,,,,,,,,,default,,,,,,,
data_sent,1784003737,72.000000,,,,,,,,,default,,,,,,,
data_received,1784003737,310.000000,,,,,,,,,default,,,,,,,
iteration_duration,1784003737,1331.901900,,,,,,,,,default,,,,,,,
iterations,1784003737,1.000000,,,,,,,,,default,,,,,,,
data_sent,1784003737,72.000000,,,,,,,,,default,,,,,,,
data_received,1784003737,310.000000,,,,,,,,,default,,,,,,,
iteration_duration,1784003737,1331.901900,,,,,,,,,default,,,,,,,
iterations,1784003737,1.000000,,,,,,,,,default,,,,,,,
data_sent,1784003737,72.000000,,,,,,,,,default,,,,,,,
data_received,1784003737,310.000000,,,,,,,,,default,,,,,,,
iteration_duration,1784003737,1331.203400,,,,,,,,,default,,,,,,,
iterations,1784003737,1.000000,,,,,,,,,default,,,,,,,
http_reqs,1784003737,1.000000,,,1429,false,,GET,https://airportgap.com/api/airports,HTTP/2.0,default,,429,,tls1.3,https://airportgap.com/api/airports,,
http_req_duration,1784003737,216.084600,,,1429,false,,GET,https://airportgap.com/api/airports,HTTP/2.0,default,,429,,tls1.3,https://airportgap.com/api/airports,,
http_req_blocked,1784003737,0.000000,,,1429,false,,GET,https://airportgap.com/api/airports,HTTP/2.0,default,,429,,tls1.3,https://airportgap.com/api/airports,,
http_req_connecting,1784003737,0.000000,,,1429,false,,GET,https://airportgap.com/api/airports,HTTP/2.0,default,,429,,tls1.3,https://airportgap.com/api/airports,,
http_req_tls_handshaking,1784003737,0.000000,,,1429,false,,GET,https://airportgap.com/api/airports,HTTP/2.0,default,,429,,tls1.3,https://airportgap.com/api/airports,,
http_req_sending,1784003737,0.367900,,,1429,false,,GET,https://airportgap.com/api/airports,HTTP/2.0,default,,429,,tls1.3,https://airportgap.com/api/airports,,
http_req_waiting,1784003737,215.716700,,,1429,false,,GET,https://airportgap.com/api/airports,HTTP/2.0,default,,429,,tls1.3,https://airportgap.com/api/airports,,
http_req_receiving,1784003737,0.000000,,,1429,false,,GET,https://airportgap.com/api/airports,HTTP/2.0,default,,429,,tls1.3,https://airportgap.com/api/airports,,
http_req_failed,1784003737,1.000000,,,1429,false,,GET,https://airportgap.com/api/airports,HTTP/2.0,default,,429,,tls1.3,https://airportgap.com/api/airports,,
http_reqs,1784003737,1.000000,,,1429,false,,GET,https://airportgap.com/api/airports/JFK,HTTP/2.0,default,,429,,tls1.3,https://airportgap.com/api/airports/JFK,,
http_req_duration,1784003737,203.111800,,,1429,false,,GET,https://airportgap.com/api/airports/JFK,HTTP/2.0,default,,429,,tls1.3,https://airportgap.com/api/airports/JFK,,
http_req_blocked,1784003737,0.000000,,,1429,false,,GET,https://airportgap.com/api/airports/JFK,HTTP/2.0,default,,429,,tls1.3,https://airportgap.com/api/airports/JFK,,
http_req_connecting,1784003737,0.000000,,,1429,false,,GET,https://airportgap.com/api/airports/JFK,HTTP/2.0,default,,429,,tls1.3,https://airportgap.com/api/airports/JFK,,
http_req_tls_handshaking,1784003737,0.000000,,,1429,false,,GET,https://airportgap.com/api/airports/JFK,HTTP/2.0,default,,429,,tls1.3,https://airportgap.com/api/airports/JFK,,
http_req_sending,1784003737,0.000000,,,1429,false,,GET,https://airportgap.com/api/airports/JFK,HTTP/2.0,default,,429,,tls1.3,https://airportgap.com/api/airports/JFK,,
http_req_waiting,1784003737,203.111800,,,1429,false,,GET,https://airportgap.com/api/airports/JFK,HTTP/2.0,default,,429,,tls1.3,https://airportgap.com/api/airports/JFK,,
http_req_receiving,1784003737,0.000000,,,1429,false,,GET,https://airportgap.com/api/airports/JFK,HTTP/2.0,default,,429,,tls1.3,https://airportgap.com/api/airports/JFK,,
http_req_failed,1784003737,1.000000,,,1429,false,,GET,https://airportgap.com/api/airports/JFK,HTTP/2.0,default,,429,,tls1.3,https://airportgap.com/api/airports/JFK,,
checks,1784003737,0.000000,status 200,,,,,,,,default,,,,,,,
checks,1784003737,1.000000,menos de 1000ms,,,,,,,,default,,,,,,,
checks,1784003737,0.000000,JFK status 200,,,,,,,,default,,,,,,,
http_reqs,1784003738,1.000000,,,1429,false,,GET,https://airportgap.com/api/airports/JFK,HTTP/2.0,default,,429,,tls1.3,https://airportgap.com/api/airports/JFK,,
http_req_duration,1784003738,216.254100,,,1429,false,,GET,https://airportgap.com/api/airports/JFK,HTTP/2.0,default,,429,,tls1.3,https://airportgap.com/api/airports/JFK,,
http_req_blocked,1784003738,0.000000,,,1429,false,,GET,https://airportgap.com/api/airports/JFK,HTTP/2.0,default,,429,,tls1.3,https://airportgap.com/api/airports/JFK,,
http_req_connecting,1784003738,0.000000,,,1429,false,,GET,https://airportgap.com/api/airports/JFK,HTTP/2.0,default,,429,,tls1.3,https://airportgap.com/api/airports/JFK,,
http_req_tls_handshaking,1784003738,0.000000,,,1429,false,,GET,https://airportgap.com/api/airports/JFK,HTTP/2.0,default,,429,,tls1.3,https://airportgap.com/api/airports/JFK,,
http_req_sending,1784003738,1.436600,,,1429,false,,GET,https://airportgap.com/api/airports/JFK,HTTP/2.0,default,,429,,tls1.3,https://airportgap.com/api/airports/JFK,,
http_req_waiting,1784003738,214.124300,,,1429,false,,GET,https://airportgap.com/api/airports/JFK,HTTP/2.0,default,,429,,tls1.3,https://airportgap.com/api/airports/JFK,,
http_req_receiving,1784003738,0.693200,,,1429,false,,GET,https://airportgap.com/api/airports/JFK,HTTP/2.0,default,,429,,tls1.3,https://airportgap.com/api/airports/JFK,,
http_req_failed,1784003738,1.000000,,,1429,false,,GET,https://airportgap.com/api/airports/JFK,HTTP/2.0,default,,429,,tls1.3,https://airportgap.com/api/airports/JFK,,
checks,1784003738,0.000000,JFK status 200,,,,,,,,default,,,,,,,
http_reqs,1784003738,1.000000,,,1429,false,,GET,https://airportgap.com/api/airports,HTTP/2.0,default,,429,,tls1.3,https://airportgap.com/api/airports,,
http_req_duration,1784003738,226.676200,,,1429,false,,GET,https://airportgap.com/api/airports,HTTP/2.0,default,,429,,tls1.3,https://airportgap.com/api/airports,,
http_req_blocked,1784003738,0.000000,,,1429,false,,GET,https://airportgap.com/api/airports,HTTP/2.0,default,,429,,tls1.3,https://airportgap.com/api/airports,,
http_req_connecting,1784003738,0.000000,,,1429,false,,GET,https://airportgap.com/api/airports,HTTP/2.0,default,,429,,tls1.3,https://airportgap.com/api/airports,,
http_req_tls_handshaking,1784003738,0.000000,,,1429,false,,GET,https://airportgap.com/api/airports,HTTP/2.0,default,,429,,tls1.3,https://airportgap.com/api/airports,,
http_req_sending,1784003738,0.688000,,,1429,false,,GET,https://airportgap.com/api/airports,HTTP/2.0,default,,429,,tls1.3,https://airportgap.com/api/airports,,
http_req_waiting,1784003738,225.988200,,,1429,false,,GET,https://airportgap.com/api/airports,HTTP/2.0,default,,429,,tls1.3,https://airportgap.com/api/airports,,
http_req_receiving,1784003738,0.000000,,,1429,false,,GET,https://airportgap.com/api/airports,HTTP/2.0,default,,429,,tls1.3,https://airportgap.com/api/airports,,
http_req_failed,1784003738,1.000000,,,1429,false,,GET,https://airportgap.com/api/airports,HTTP/2.0,default,,429,,tls1.3,https://airportgap.com/api/airports,,
checks,1784003738,0.000000,status 200,,,,,,,,default,,,,,,,
checks,1784003738,1.000000,menos de 1000ms,,,,,,,,default,,,,,,,
http_reqs,1784003738,1.000000,,,1429,false,,GET,https://airportgap.com/api/airports,HTTP/2.0,default,,429,,tls1.3,https://airportgap.com/api/airports,,
http_req_duration,1784003738,227.198000,,,1429,false,,GET,https://airportgap.com/api/airports,HTTP/2.0,default,,429,,tls1.3,https://airportgap.com/api/airports,,
http_req_blocked,1784003738,0.000000,,,1429,false,,GET,https://airportgap.com/api/airports,HTTP/2.0,default,,429,,tls1.3,https://airportgap.com/api/airports,,
http_req_connecting,1784003738,0.000000,,,1429,false,,GET,https://airportgap.com/api/airports,HTTP/2.0,default,,429,,tls1.3,https://airportgap.com/api/airports,,
http_req_tls_handshaking,1784003738,0.000000,,,1429,false,,GET,https://airportgap.com/api/airports,HTTP/2.0,default,,429,,tls1.3,https://airportgap.com/api/airports,,
http_req_sending,1784003738,0.000000,,,1429,false,,GET,https://airportgap.com/api/airports,HTTP/2.0,default,,429,,tls1.3,https://airportgap.com/api/airports,,
http_req_waiting,1784003738,227.198000,,,1429,false,,GET,https://airportgap.com/api/airports,HTTP/2.0,default,,429,,tls1.3,https://airportgap.com/api/airports,,
http_req_receiving,1784003738,0.000000,,,1429,false,,GET,https://airportgap.com/api/airports,HTTP/2.0,default,,429,,tls1.3,https://airportgap.com/api/airports,,
http_req_failed,1784003738,1.000000,,,1429,false,,GET,https://airportgap.com/api/airports,HTTP/2.0,default,,429,,tls1.3,https://airportgap.com/api/airports,,
http_reqs,1784003738,1.000000,,,1429,false,,GET,https://airportgap.com/api/airports,HTTP/2.0,default,,429,,tls1.3,https://airportgap.com/api/airports,,
http_req_duration,1784003738,227.198000,,,1429,false,,GET,https://airportgap.com/api/airports,HTTP/2.0,default,,429,,tls1.3,https://airportgap.com/api/airports,,
http_req_blocked,1784003738,0.000000,,,1429,false,,GET,https://airportgap.com/api/airports,HTTP/2.0,default,,429,,tls1.3,https://airportgap.com/api/airports,,
http_req_connecting,1784003738,0.000000,,,1429,false,,GET,https://airportgap.com/api/airports,HTTP/2.0,default,,429,,tls1.3,https://airportgap.com/api/airports,,
http_req_tls_handshaking,1784003738,0.000000,,,1429,false,,GET,https://airportgap.com/api/airports,HTTP/2.0,default,,429,,tls1.3,https://airportgap.com/api/airports,,
http_req_sending,1784003738,0.000000,,,1429,false,,GET,https://airportgap.com/api/airports,HTTP/2.0,default,,429,,tls1.3,https://airportgap.com/api/airports,,
http_req_waiting,1784003738,227.198000,,,1429,false,,GET,https://airportgap.com/api/airports,HTTP/2.0,default,,429,,tls1.3,https://airportgap.com/api/airports,,
http_req_receiving,1784003738,0.000000,,,1429,false,,GET,https://airportgap.com/api/airports,HTTP/2.0,default,,429,,tls1.3,https://airportgap.com/api/airports,,
http_req_failed,1784003738,1.000000,,,1429,false,,GET,https://airportgap.com/api/airports,HTTP/2.0,default,,429,,tls1.3,https://airportgap.com/api/airports,,
checks,1784003738,0.000000,status 200,,,,,,,,default,,,,,,,
checks,1784003738,1.000000,menos de 1000ms,,,,,,,,default,,,,,,,
http_reqs,1784003738,1.000000,,,1429,false,,GET,https://airportgap.com/api/airports,HTTP/2.0,default,,429,,tls1.3,https://airportgap.com/api/airports,,
http_req_duration,1784003738,227.198000,,,1429,false,,GET,https://airportgap.com/api/airports,HTTP/2.0,default,,429,,tls1.3,https://airportgap.com/api/airports,,
http_req_blocked,1784003738,0.000000,,,1429,false,,GET,https://airportgap.com/api/airports,HTTP/2.0,default,,429,,tls1.3,https://airportgap.com/api/airports,,
http_req_connecting,1784003738,0.000000,,,1429,false,,GET,https://airportgap.com/api/airports,HTTP/2.0,default,,429,,tls1.3,https://airportgap.com/api/airports,,
http_req_tls_handshaking,1784003738,0.000000,,,1429,false,,GET,https://airportgap.com/api/airports,HTTP/2.0,default,,429,,tls1.3,https://airportgap.com/api/airports,,
http_req_sending,1784003738,0.000000,,,1429,false,,GET,https://airportgap.com/api/airports,HTTP/2.0,default,,429,,tls1.3,https://airportgap.com/api/airports,,
http_req_waiting,1784003738,227.198000,,,1429,false,,GET,https://airportgap.com/api/airports,HTTP/2.0,default,,429,,tls1.3,https://airportgap.com/api/airports,,
http_req_receiving,1784003738,0.000000,,,1429,false,,GET,https://airportgap.com/api/airports,HTTP/2.0,default,,429,,tls1.3,https://airportgap.com/api/airports,,
http_req_failed,1784003738,1.000000,,,1429,false,,GET,https://airportgap.com/api/airports,HTTP/2.0,default,,429,,tls1.3,https://airportgap.com/api/airports,,
checks,1784003738,0.000000,status 200,,,,,,,,default,,,,,,,
checks,1784003738,1.000000,menos de 1000ms,,,,,,,,default,,,,,,,
checks,1784003738,0.000000,status 200,,,,,,,,default,,,,,,,
checks,1784003738,1.000000,menos de 1000ms,,,,,,,,default,,,,,,,
http_reqs,1784003738,1.000000,,,1429,false,,GET,https://airportgap.com/api/airports,HTTP/2.0,default,,429,,tls1.3,https://airportgap.com/api/airports,,
http_req_duration,1784003738,230.013300,,,1429,false,,GET,https://airportgap.com/api/airports,HTTP/2.0,default,,429,,tls1.3,https://airportgap.com/api/airports,,
http_req_blocked,1784003738,0.000000,,,1429,false,,GET,https://airportgap.com/api/airports,HTTP/2.0,default,,429,,tls1.3,https://airportgap.com/api/airports,,
http_req_connecting,1784003738,0.000000,,,1429,false,,GET,https://airportgap.com/api/airports,HTTP/2.0,default,,429,,tls1.3,https://airportgap.com/api/airports,,
http_req_tls_handshaking,1784003738,0.000000,,,1429,false,,GET,https://airportgap.com/api/airports,HTTP/2.0,default,,429,,tls1.3,https://airportgap.com/api/airports,,
http_req_sending,1784003738,0.000000,,,1429,false,,GET,https://airportgap.com/api/airports,HTTP/2.0,default,,429,,tls1.3,https://airportgap.com/api/airports,,
http_req_waiting,1784003738,229.278000,,,1429,false,,GET,https://airportgap.com/api/airports,HTTP/2.0,default,,429,,tls1.3,https://airportgap.com/api/airports,,
http_req_receiving,1784003738,0.735300,,,1429,false,,GET,https://airportgap.com/api/airports,HTTP/2.0,default,,429,,tls1.3,https://airportgap.com/api/airports,,
http_req_failed,1784003738,1.000000,,,1429,false,,GET,https://airportgap.com/api/airports,HTTP/2.0,default,,429,,tls1.3,https://airportgap.com/api/airports,,
checks,1784003738,0.000000,status 200,,,,,,,,default,,,,,,,
checks,1784003738,1.000000,menos de 1000ms,,,,,,,,default,,,,,,,
http_reqs,1784003738,1.000000,,,1429,false,,GET,https://airportgap.com/api/airports,HTTP/2.0,default,,429,,tls1.3,https://airportgap.com/api/airports,,
http_req_duration,1784003738,227.933300,,,1429,false,,GET,https://airportgap.com/api/airports,HTTP/2.0,default,,429,,tls1.3,https://airportgap.com/api/airports,,
http_req_blocked,1784003738,0.000000,,,1429,false,,GET,https://airportgap.com/api/airports,HTTP/2.0,default,,429,,tls1.3,https://airportgap.com/api/airports,,
http_req_connecting,1784003738,0.000000,,,1429,false,,GET,https://airportgap.com/api/airports,HTTP/2.0,default,,429,,tls1.3,https://airportgap.com/api/airports,,
http_req_tls_handshaking,1784003738,0.000000,,,1429,false,,GET,https://airportgap.com/api/airports,HTTP/2.0,default,,429,,tls1.3,https://airportgap.com/api/airports,,
http_req_sending,1784003738,0.000000,,,1429,false,,GET,https://airportgap.com/api/airports,HTTP/2.0,default,,429,,tls1.3,https://airportgap.com/api/airports,,
http_req_waiting,1784003738,227.933300,,,1429,false,,GET,https://airportgap.com/api/airports,HTTP/2.0,default,,429,,tls1.3,https://airportgap.com/api/airports,,
http_req_receiving,1784003738,0.000000,,,1429,false,,GET,https://airportgap.com/api/airports,HTTP/2.0,default,,429,,tls1.3,https://airportgap.com/api/airports,,
http_req_failed,1784003738,1.000000,,,1429,false,,GET,https://airportgap.com/api/airports,HTTP/2.0,default,,429,,tls1.3,https://airportgap.com/api/airports,,
http_reqs,1784003738,1.000000,,,1429,false,,GET,https://airportgap.com/api/airports,HTTP/2.0,default,,429,,tls1.3,https://airportgap.com/api/airports,,
http_req_duration,1784003738,227.933300,,,1429,false,,GET,https://airportgap.com/api/airports,HTTP/2.0,default,,429,,tls1.3,https://airportgap.com/api/airports,,
http_req_blocked,1784003738,0.000000,,,1429,false,,GET,https://airportgap.com/api/airports,HTTP/2.0,default,,429,,tls1.3,https://airportgap.com/api/airports,,
http_req_connecting,1784003738,0.000000,,,1429,false,,GET,https://airportgap.com/api/airports,HTTP/2.0,default,,429,,tls1.3,https://airportgap.com/api/airports,,
http_req_tls_handshaking,1784003738,0.000000,,,1429,false,,GET,https://airportgap.com/api/airports,HTTP/2.0,default,,429,,tls1.3,https://airportgap.com/api/airports,,
http_req_sending,1784003738,0.000000,,,1429,false,,GET,https://airportgap.com/api/airports,HTTP/2.0,default,,429,,tls1.3,https://airportgap.com/api/airports,,
http_req_waiting,1784003738,227.933300,,,1429,false,,GET,https://airportgap.com/api/airports,HTTP/2.0,default,,429,,tls1.3,https://airportgap.com/api/airports,,
http_req_receiving,1784003738,0.000000,,,1429,false,,GET,https://airportgap.com/api/airports,HTTP/2.0,default,,429,,tls1.3,https://airportgap.com/api/airports,,
http_req_failed,1784003738,1.000000,,,1429,false,,GET,https://airportgap.com/api/airports,HTTP/2.0,default,,429,,tls1.3,https://airportgap.com/api/airports,,
checks,1784003738,0.000000,status 200,,,,,,,,default,,,,,,,
checks,1784003738,0.000000,status 200,,,,,,,,default,,,,,,,
checks,1784003738,1.000000,menos de 1000ms,,,,,,,,default,,,,,,,
checks,1784003738,1.000000,menos de 1000ms,,,,,,,,default,,,,,,,
http_reqs,1784003738,1.000000,,,1429,false,,GET,https://airportgap.com/api/airports,HTTP/2.0,default,,429,,tls1.3,https://airportgap.com/api/airports,,
http_req_duration,1784003738,227.933300,,,1429,false,,GET,https://airportgap.com/api/airports,HTTP/2.0,default,,429,,tls1.3,https://airportgap.com/api/airports,,
http_req_blocked,1784003738,0.000000,,,1429,false,,GET,https://airportgap.com/api/airports,HTTP/2.0,default,,429,,tls1.3,https://airportgap.com/api/airports,,
http_req_connecting,1784003738,0.000000,,,1429,false,,GET,https://airportgap.com/api/airports,HTTP/2.0,default,,429,,tls1.3,https://airportgap.com/api/airports,,
http_req_tls_handshaking,1784003738,0.000000,,,1429,false,,GET,https://airportgap.com/api/airports,HTTP/2.0,default,,429,,tls1.3,https://airportgap.com/api/airports,,
http_req_sending,1784003738,0.688000,,,1429,false,,GET,https://airportgap.com/api/airports,HTTP/2.0,default,,429,,tls1.3,https://airportgap.com/api/airports,,
http_req_waiting,1784003738,227.245300,,,1429,false,,GET,https://airportgap.com/api/airports,HTTP/2.0,default,,429,,tls1.3,https://airportgap.com/api/airports,,
http_req_receiving,1784003738,0.000000,,,1429,false,,GET,https://airportgap.com/api/airports,HTTP/2.0,default,,429,,tls1.3,https://airportgap.com/api/airports,,
http_req_failed,1784003738,1.000000,,,1429,false,,GET,https://airportgap.com/api/airports,HTTP/2.0,default,,429,,tls1.3,https://airportgap.com/api/airports,,
checks,1784003738,0.000000,status 200,,,,,,,,default,,,,,,,
checks,1784003738,1.000000,menos de 1000ms,,,,,,,,default,,,,,,,
http_reqs,1784003738,1.000000,,,1429,false,,GET,https://airportgap.com/api/airports/JFK,HTTP/2.0,default,,429,,tls1.3,https://airportgap.com/api/airports/JFK,,
http_req_duration,1784003738,204.927500,,,1429,false,,GET,https://airportgap.com/api/airports/JFK,HTTP/2.0,default,,429,,tls1.3,https://airportgap.com/api/airports/JFK,,
http_req_blocked,1784003738,0.000000,,,1429,false,,GET,https://airportgap.com/api/airports/JFK,HTTP/2.0,default,,429,,tls1.3,https://airportgap.com/api/airports/JFK,,
http_req_connecting,1784003738,0.000000,,,1429,false,,GET,https://airportgap.com/api/airports/JFK,HTTP/2.0,default,,429,,tls1.3,https://airportgap.com/api/airports/JFK,,
http_req_tls_handshaking,1784003738,0.000000,,,1429,false,,GET,https://airportgap.com/api/airports/JFK,HTTP/2.0,default,,429,,tls1.3,https://airportgap.com/api/airports/JFK,,
http_req_sending,1784003738,0.735300,,,1429,false,,GET,https://airportgap.com/api/airports/JFK,HTTP/2.0,default,,429,,tls1.3,https://airportgap.com/api/airports/JFK,,
http_req_waiting,1784003738,204.192200,,,1429,false,,GET,https://airportgap.com/api/airports/JFK,HTTP/2.0,default,,429,,tls1.3,https://airportgap.com/api/airports/JFK,,
http_req_receiving,1784003738,0.000000,,,1429,false,,GET,https://airportgap.com/api/airports/JFK,HTTP/2.0,default,,429,,tls1.3,https://airportgap.com/api/airports/JFK,,
http_req_failed,1784003738,1.000000,,,1429,false,,GET,https://airportgap.com/api/airports/JFK,HTTP/2.0,default,,429,,tls1.3,https://airportgap.com/api/airports/JFK,,
http_reqs,1784003738,1.000000,,,1429,false,,GET,https://airportgap.com/api/airports/JFK,HTTP/2.0,default,,429,,tls1.3,https://airportgap.com/api/airports/JFK,,
http_req_duration,1784003738,204.927500,,,1429,false,,GET,https://airportgap.com/api/airports/JFK,HTTP/2.0,default,,429,,tls1.3,https://airportgap.com/api/airports/JFK,,
http_req_blocked,1784003738,0.000000,,,1429,false,,GET,https://airportgap.com/api/airports/JFK,HTTP/2.0,default,,429,,tls1.3,https://airportgap.com/api/airports/JFK,,
http_req_connecting,1784003738,0.000000,,,1429,false,,GET,https://airportgap.com/api/airports/JFK,HTTP/2.0,default,,429,,tls1.3,https://airportgap.com/api/airports/JFK,,
http_req_tls_handshaking,1784003738,0.000000,,,1429,false,,GET,https://airportgap.com/api/airports/JFK,HTTP/2.0,default,,429,,tls1.3,https://airportgap.com/api/airports/JFK,,
http_req_sending,1784003738,0.000000,,,1429,false,,GET,https://airportgap.com/api/airports/JFK,HTTP/2.0,default,,429,,tls1.3,https://airportgap.com/api/airports/JFK,,
http_req_waiting,1784003738,204.927500,,,1429,false,,GET,https://airportgap.com/api/airports/JFK,HTTP/2.0,default,,429,,tls1.3,https://airportgap.com/api/airports/JFK,,
http_req_receiving,1784003738,0.000000,,,1429,false,,GET,https://airportgap.com/api/airports/JFK,HTTP/2.0,default,,429,,tls1.3,https://airportgap.com/api/airports/JFK,,
http_req_failed,1784003738,1.000000,,,1429,false,,GET,https://airportgap.com/api/airports/JFK,HTTP/2.0,default,,429,,tls1.3,https://airportgap.com/api/airports/JFK,,
http_reqs,1784003738,1.000000,,,1429,false,,GET,https://airportgap.com/api/airports/JFK,HTTP/2.0,default,,429,,tls1.3,https://airportgap.com/api/airports/JFK,,
http_req_duration,1784003738,204.927500,,,1429,false,,GET,https://airportgap.com/api/airports/JFK,HTTP/2.0,default,,429,,tls1.3,https://airportgap.com/api/airports/JFK,,
http_req_blocked,1784003738,0.000000,,,1429,false,,GET,https://airportgap.com/api/airports/JFK,HTTP/2.0,default,,429,,tls1.3,https://airportgap.com/api/airports/JFK,,
http_req_connecting,1784003738,0.000000,,,1429,false,,GET,https://airportgap.com/api/airports/JFK,HTTP/2.0,default,,429,,tls1.3,https://airportgap.com/api/airports/JFK,,
http_req_tls_handshaking,1784003738,0.000000,,,1429,false,,GET,https://airportgap.com/api/airports/JFK,HTTP/2.0,default,,429,,tls1.3,https://airportgap.com/api/airports/JFK,,
http_req_sending,1784003738,0.735300,,,1429,false,,GET,https://airportgap.com/api/airports/JFK,HTTP/2.0,default,,429,,tls1.3,https://airportgap.com/api/airports/JFK,,
http_req_waiting,1784003738,204.192200,,,1429,false,,GET,https://airportgap.com/api/airports/JFK,HTTP/2.0,default,,429,,tls1.3,https://airportgap.com/api/airports/JFK,,
http_req_receiving,1784003738,0.000000,,,1429,false,,GET,https://airportgap.com/api/airports/JFK,HTTP/2.0,default,,429,,tls1.3,https://airportgap.com/api/airports/JFK,,
http_req_failed,1784003738,1.000000,,,1429,false,,GET,https://airportgap.com/api/airports/JFK,HTTP/2.0,default,,429,,tls1.3,https://airportgap.com/api/airports/JFK,,
checks,1784003738,0.000000,JFK status 200,,,,,,,,default,,,,,,,
checks,1784003738,0.000000,JFK status 200,,,,,,,,default,,,,,,,
checks,1784003738,0.000000,JFK status 200,,,,,,,,default,,,,,,,
http_reqs,1784003738,1.000000,,,1429,false,,GET,https://airportgap.com/api/airports/JFK,HTTP/2.0,default,,429,,tls1.3,https://airportgap.com/api/airports/JFK,,
http_req_duration,1784003738,204.483400,,,1429,false,,GET,https://airportgap.com/api/airports/JFK,HTTP/2.0,default,,429,,tls1.3,https://airportgap.com/api/airports/JFK,,
http_req_blocked,1784003738,0.000000,,,1429,false,,GET,https://airportgap.com/api/airports/JFK,HTTP/2.0,default,,429,,tls1.3,https://airportgap.com/api/airports/JFK,,
http_req_connecting,1784003738,0.000000,,,1429,false,,GET,https://airportgap.com/api/airports/JFK,HTTP/2.0,default,,429,,tls1.3,https://airportgap.com/api/airports/JFK,,
http_req_tls_handshaking,1784003738,0.000000,,,1429,false,,GET,https://airportgap.com/api/airports/JFK,HTTP/2.0,default,,429,,tls1.3,https://airportgap.com/api/airports/JFK,,
http_req_sending,1784003738,1.178000,,,1429,false,,GET,https://airportgap.com/api/airports/JFK,HTTP/2.0,default,,429,,tls1.3,https://airportgap.com/api/airports/JFK,,
http_req_waiting,1784003738,203.305400,,,1429,false,,GET,https://airportgap.com/api/airports/JFK,HTTP/2.0,default,,429,,tls1.3,https://airportgap.com/api/airports/JFK,,
http_req_receiving,1784003738,0.000000,,,1429,false,,GET,https://airportgap.com/api/airports/JFK,HTTP/2.0,default,,429,,tls1.3,https://airportgap.com/api/airports/JFK,,
http_req_failed,1784003738,1.000000,,,1429,false,,GET,https://airportgap.com/api/airports/JFK,HTTP/2.0,default,,429,,tls1.3,https://airportgap.com/api/airports/JFK,,
checks,1784003738,0.000000,JFK status 200,,,,,,,,default,,,,,,,
http_reqs,1784003738,1.000000,,,1429,false,,GET,https://airportgap.com/api/airports/JFK,HTTP/2.0,default,,429,,tls1.3,https://airportgap.com/api/airports/JFK,,
http_req_duration,1784003738,204.917900,,,1429,false,,GET,https://airportgap.com/api/airports/JFK,HTTP/2.0,default,,429,,tls1.3,https://airportgap.com/api/airports/JFK,,
http_req_blocked,1784003738,0.000000,,,1429,false,,GET,https://airportgap.com/api/airports/JFK,HTTP/2.0,default,,429,,tls1.3,https://airportgap.com/api/airports/JFK,,
http_req_connecting,1784003738,0.000000,,,1429,false,,GET,https://airportgap.com/api/airports/JFK,HTTP/2.0,default,,429,,tls1.3,https://airportgap.com/api/airports/JFK,,
http_req_tls_handshaking,1784003738,0.000000,,,1429,false,,GET,https://airportgap.com/api/airports/JFK,HTTP/2.0,default,,429,,tls1.3,https://airportgap.com/api/airports/JFK,,
http_req_sending,1784003738,0.434500,,,1429,false,,GET,https://airportgap.com/api/airports/JFK,HTTP/2.0,default,,429,,tls1.3,https://airportgap.com/api/airports/JFK,,
http_req_waiting,1784003738,204.483400,,,1429,false,,GET,https://airportgap.com/api/airports/JFK,HTTP/2.0,default,,429,,tls1.3,https://airportgap.com/api/airports/JFK,,
http_req_receiving,1784003738,0.000000,,,1429,false,,GET,https://airportgap.com/api/airports/JFK,HTTP/2.0,default,,429,,tls1.3,https://airportgap.com/api/airports/JFK,,
http_req_failed,1784003738,1.000000,,,1429,false,,GET,https://airportgap.com/api/airports/JFK,HTTP/2.0,default,,429,,tls1.3,https://airportgap.com/api/airports/JFK,,
checks,1784003738,0.000000,JFK status 200,,,,,,,,default,,,,,,,
http_reqs,1784003738,1.000000,,,1429,false,,GET,https://airportgap.com/api/airports/JFK,HTTP/2.0,default,,429,,tls1.3,https://airportgap.com/api/airports/JFK,,
http_req_duration,1784003738,204.917900,,,1429,false,,GET,https://airportgap.com/api/airports/JFK,HTTP/2.0,default,,429,,tls1.3,https://airportgap.com/api/airports/JFK,,
http_req_blocked,1784003738,0.000000,,,1429,false,,GET,https://airportgap.com/api/airports/JFK,HTTP/2.0,default,,429,,tls1.3,https://airportgap.com/api/airports/JFK,,
http_req_connecting,1784003738,0.000000,,,1429,false,,GET,https://airportgap.com/api/airports/JFK,HTTP/2.0,default,,429,,tls1.3,https://airportgap.com/api/airports/JFK,,
http_req_tls_handshaking,1784003738,0.000000,,,1429,false,,GET,https://airportgap.com/api/airports/JFK,HTTP/2.0,default,,429,,tls1.3,https://airportgap.com/api/airports/JFK,,
http_req_sending,1784003738,0.000000,,,1429,false,,GET,https://airportgap.com/api/airports/JFK,HTTP/2.0,default,,429,,tls1.3,https://airportgap.com/api/airports/JFK,,
http_req_waiting,1784003738,204.917900,,,1429,false,,GET,https://airportgap.com/api/airports/JFK,HTTP/2.0,default,,429,,tls1.3,https://airportgap.com/api/airports/JFK,,
http_req_receiving,1784003738,0.000000,,,1429,false,,GET,https://airportgap.com/api/airports/JFK,HTTP/2.0,default,,429,,tls1.3,https://airportgap.com/api/airports/JFK,,
http_req_failed,1784003738,1.000000,,,1429,false,,GET,https://airportgap.com/api/airports/JFK,HTTP/2.0,default,,429,,tls1.3,https://airportgap.com/api/airports/JFK,,
http_reqs,1784003738,1.000000,,,1429,false,,GET,https://airportgap.com/api/airports/JFK,HTTP/2.0,default,,429,,tls1.3,https://airportgap.com/api/airports/JFK,,
http_req_duration,1784003738,205.653200,,,1429,false,,GET,https://airportgap.com/api/airports/JFK,HTTP/2.0,default,,429,,tls1.3,https://airportgap.com/api/airports/JFK,,
http_req_blocked,1784003738,0.000000,,,1429,false,,GET,https://airportgap.com/api/airports/JFK,HTTP/2.0,default,,429,,tls1.3,https://airportgap.com/api/airports/JFK,,
http_req_connecting,1784003738,0.000000,,,1429,false,,GET,https://airportgap.com/api/airports/JFK,HTTP/2.0,default,,429,,tls1.3,https://airportgap.com/api/airports/JFK,,
http_req_tls_handshaking,1784003738,0.000000,,,1429,false,,GET,https://airportgap.com/api/airports/JFK,HTTP/2.0,default,,429,,tls1.3,https://airportgap.com/api/airports/JFK,,
http_req_sending,1784003738,0.000000,,,1429,false,,GET,https://airportgap.com/api/airports/JFK,HTTP/2.0,default,,429,,tls1.3,https://airportgap.com/api/airports/JFK,,
http_req_waiting,1784003738,205.653200,,,1429,false,,GET,https://airportgap.com/api/airports/JFK,HTTP/2.0,default,,429,,tls1.3,https://airportgap.com/api/airports/JFK,,
http_req_receiving,1784003738,0.000000,,,1429,false,,GET,https://airportgap.com/api/airports/JFK,HTTP/2.0,default,,429,,tls1.3,https://airportgap.com/api/airports/JFK,,
http_req_failed,1784003738,1.000000,,,1429,false,,GET,https://airportgap.com/api/airports/JFK,HTTP/2.0,default,,429,,tls1.3,https://airportgap.com/api/airports/JFK,,
checks,1784003738,0.000000,JFK status 200,,,,,,,,default,,,,,,,
checks,1784003738,0.000000,JFK status 200,,,,,,,,default,,,,,,,
http_reqs,1784003738,1.000000,,,1429,false,,GET,https://airportgap.com/api/airports/JFK,HTTP/2.0,default,,429,,tls1.3,https://airportgap.com/api/airports/JFK,,
http_req_duration,1784003738,204.917900,,,1429,false,,GET,https://airportgap.com/api/airports/JFK,HTTP/2.0,default,,429,,tls1.3,https://airportgap.com/api/airports/JFK,,
http_req_blocked,1784003738,0.000000,,,1429,false,,GET,https://airportgap.com/api/airports/JFK,HTTP/2.0,default,,429,,tls1.3,https://airportgap.com/api/airports/JFK,,
http_req_connecting,1784003738,0.000000,,,1429,false,,GET,https://airportgap.com/api/airports/JFK,HTTP/2.0,default,,429,,tls1.3,https://airportgap.com/api/airports/JFK,,
http_req_tls_handshaking,1784003738,0.000000,,,1429,false,,GET,https://airportgap.com/api/airports/JFK,HTTP/2.0,default,,429,,tls1.3,https://airportgap.com/api/airports/JFK,,
http_req_sending,1784003738,0.434500,,,1429,false,,GET,https://airportgap.com/api/airports/JFK,HTTP/2.0,default,,429,,tls1.3,https://airportgap.com/api/airports/JFK,,
http_req_waiting,1784003738,204.483400,,,1429,false,,GET,https://airportgap.com/api/airports/JFK,HTTP/2.0,default,,429,,tls1.3,https://airportgap.com/api/airports/JFK,,
http_req_receiving,1784003738,0.000000,,,1429,false,,GET,https://airportgap.com/api/airports/JFK,HTTP/2.0,default,,429,,tls1.3,https://airportgap.com/api/airports/JFK,,
http_req_failed,1784003738,1.000000,,,1429,false,,GET,https://airportgap.com/api/airports/JFK,HTTP/2.0,default,,429,,tls1.3,https://airportgap.com/api/airports/JFK,,
checks,1784003738,0.000000,JFK status 200,,,,,,,,default,,,,,,,
vus,1784003738,10.000000,,,,,,,,,,,,,,,,
vus_max,1784003738,10.000000,,,,,,,,,,,,,,,,
data_sent,1784003738,72.000000,,,,,,,,,default,,,,,,,
data_received,1784003738,288.000000,,,,,,,,,default,,,,,,,
iteration_duration,1784003738,1420.377600,,,,,,,,,default,,,,,,,
iterations,1784003738,1.000000,,,,,,,,,default,,,,,,,
data_sent,1784003739,72.000000,,,,,,,,,default,,,,,,,
data_received,1784003739,263.000000,,,,,,,,,default,,,,,,,
iteration_duration,1784003739,1432.901900,,,,,,,,,default,,,,,,,
iterations,1784003739,1.000000,,,,,,,,,default,,,,,,,
http_reqs,1784003739,1.000000,,,1429,false,,GET,https://airportgap.com/api/airports,HTTP/2.0,default,,429,,tls1.3,https://airportgap.com/api/airports,,
http_req_duration,1784003739,228.488300,,,1429,false,,GET,https://airportgap.com/api/airports,HTTP/2.0,default,,429,,tls1.3,https://airportgap.com/api/airports,,
http_req_blocked,1784003739,0.000000,,,1429,false,,GET,https://airportgap.com/api/airports,HTTP/2.0,default,,429,,tls1.3,https://airportgap.com/api/airports,,
http_req_connecting,1784003739,0.000000,,,1429,false,,GET,https://airportgap.com/api/airports,HTTP/2.0,default,,429,,tls1.3,https://airportgap.com/api/airports,,
http_req_tls_handshaking,1784003739,0.000000,,,1429,false,,GET,https://airportgap.com/api/airports,HTTP/2.0,default,,429,,tls1.3,https://airportgap.com/api/airports,,
http_req_sending,1784003739,0.000000,,,1429,false,,GET,https://airportgap.com/api/airports,HTTP/2.0,default,,429,,tls1.3,https://airportgap.com/api/airports,,
http_req_waiting,1784003739,227.704200,,,1429,false,,GET,https://airportgap.com/api/airports,HTTP/2.0,default,,429,,tls1.3,https://airportgap.com/api/airports,,
http_req_receiving,1784003739,0.784100,,,1429,false,,GET,https://airportgap.com/api/airports,HTTP/2.0,default,,429,,tls1.3,https://airportgap.com/api/airports,,
http_req_failed,1784003739,1.000000,,,1429,false,,GET,https://airportgap.com/api/airports,HTTP/2.0,default,,429,,tls1.3,https://airportgap.com/api/airports,,
checks,1784003739,0.000000,status 200,,,,,,,,default,,,,,,,
checks,1784003739,1.000000,menos de 1000ms,,,,,,,,default,,,,,,,
data_sent,1784003739,72.000000,,,,,,,,,default,,,,,,,
data_received,1784003739,264.000000,,,,,,,,,default,,,,,,,
iteration_duration,1784003739,1432.918500,,,,,,,,,default,,,,,,,
iterations,1784003739,1.000000,,,,,,,,,default,,,,,,,
data_sent,1784003739,72.000000,,,,,,,,,default,,,,,,,
data_received,1784003739,264.000000,,,,,,,,,default,,,,,,,
iteration_duration,1784003739,1432.918500,,,,,,,,,default,,,,,,,
iterations,1784003739,1.000000,,,,,,,,,default,,,,,,,
data_sent,1784003739,72.000000,,,,,,,,,default,,,,,,,
data_received,1784003739,264.000000,,,,,,,,,default,,,,,,,
iteration_duration,1784003739,1432.918500,,,,,,,,,default,,,,,,,
iterations,1784003739,1.000000,,,,,,,,,default,,,,,,,
data_sent,1784003739,72.000000,,,,,,,,,default,,,,,,,
data_received,1784003739,265.000000,,,,,,,,,default,,,,,,,
iteration_duration,1784003739,1432.918500,,,,,,,,,default,,,,,,,
iterations,1784003739,1.000000,,,,,,,,,default,,,,,,,
data_sent,1784003739,72.000000,,,,,,,,,default,,,,,,,
data_received,1784003739,264.000000,,,,,,,,,default,,,,,,,
iteration_duration,1784003739,1432.918500,,,,,,,,,default,,,,,,,
iterations,1784003739,1.000000,,,,,,,,,default,,,,,,,
data_sent,1784003739,72.000000,,,,,,,,,default,,,,,,,
data_received,1784003739,264.000000,,,,,,,,,default,,,,,,,
iteration_duration,1784003739,1432.918500,,,,,,,,,default,,,,,,,
iterations,1784003739,1.000000,,,,,,,,,default,,,,,,,
data_sent,1784003739,72.000000,,,,,,,,,default,,,,,,,
data_received,1784003739,264.000000,,,,,,,,,default,,,,,,,
iteration_duration,1784003739,1433.427400,,,,,,,,,default,,,,,,,
iterations,1784003739,1.000000,,,,,,,,,default,,,,,,,
data_sent,1784003739,72.000000,,,,,,,,,default,,,,,,,
data_received,1784003739,264.000000,,,,,,,,,default,,,,,,,
iteration_duration,1784003739,1434.998500,,,,,,,,,default,,,,,,,
iterations,1784003739,1.000000,,,,,,,,,default,,,,,,,
http_reqs,1784003739,1.000000,,,1429,false,,GET,https://airportgap.com/api/airports,HTTP/2.0,default,,429,,tls1.3,https://airportgap.com/api/airports,,
http_req_duration,1784003739,216.099900,,,1429,false,,GET,https://airportgap.com/api/airports,HTTP/2.0,default,,429,,tls1.3,https://airportgap.com/api/airports,,
http_req_blocked,1784003739,0.000000,,,1429,false,,GET,https://airportgap.com/api/airports,HTTP/2.0,default,,429,,tls1.3,https://airportgap.com/api/airports,,
http_req_connecting,1784003739,0.000000,,,1429,false,,GET,https://airportgap.com/api/airports,HTTP/2.0,default,,429,,tls1.3,https://airportgap.com/api/airports,,
http_req_tls_handshaking,1784003739,0.000000,,,1429,false,,GET,https://airportgap.com/api/airports,HTTP/2.0,default,,429,,tls1.3,https://airportgap.com/api/airports,,
http_req_sending,1784003739,0.484200,,,1429,false,,GET,https://airportgap.com/api/airports,HTTP/2.0,default,,429,,tls1.3,https://airportgap.com/api/airports,,
http_req_waiting,1784003739,215.615700,,,1429,false,,GET,https://airportgap.com/api/airports,HTTP/2.0,default,,429,,tls1.3,https://airportgap.com/api/airports,,
http_req_receiving,1784003739,0.000000,,,1429,false,,GET,https://airportgap.com/api/airports,HTTP/2.0,default,,429,,tls1.3,https://airportgap.com/api/airports,,
http_req_failed,1784003739,1.000000,,,1429,false,,GET,https://airportgap.com/api/airports,HTTP/2.0,default,,429,,tls1.3,https://airportgap.com/api/airports,,
checks,1784003739,0.000000,status 200,,,,,,,,default,,,,,,,
checks,1784003739,1.000000,menos de 1000ms,,,,,,,,default,,,,,,,
http_reqs,1784003739,1.000000,,,1429,false,,GET,https://airportgap.com/api/airports/JFK,HTTP/2.0,default,,429,,tls1.3,https://airportgap.com/api/airports/JFK,,
http_req_duration,1784003739,204.419300,,,1429,false,,GET,https://airportgap.com/api/airports/JFK,HTTP/2.0,default,,429,,tls1.3,https://airportgap.com/api/airports/JFK,,
http_req_blocked,1784003739,0.000000,,,1429,false,,GET,https://airportgap.com/api/airports/JFK,HTTP/2.0,default,,429,,tls1.3,https://airportgap.com/api/airports/JFK,,
http_req_connecting,1784003739,0.000000,,,1429,false,,GET,https://airportgap.com/api/airports/JFK,HTTP/2.0,default,,429,,tls1.3,https://airportgap.com/api/airports/JFK,,
http_req_tls_handshaking,1784003739,0.000000,,,1429,false,,GET,https://airportgap.com/api/airports/JFK,HTTP/2.0,default,,429,,tls1.3,https://airportgap.com/api/airports/JFK,,
http_req_sending,1784003739,0.000000,,,1429,false,,GET,https://airportgap.com/api/airports/JFK,HTTP/2.0,default,,429,,tls1.3,https://airportgap.com/api/airports/JFK,,
http_req_waiting,1784003739,204.419300,,,1429,false,,GET,https://airportgap.com/api/airports/JFK,HTTP/2.0,default,,429,,tls1.3,https://airportgap.com/api/airports/JFK,,
http_req_receiving,1784003739,0.000000,,,1429,false,,GET,https://airportgap.com/api/airports/JFK,HTTP/2.0,default,,429,,tls1.3,https://airportgap.com/api/airports/JFK,,
http_req_failed,1784003739,1.000000,,,1429,false,,GET,https://airportgap.com/api/airports/JFK,HTTP/2.0,default,,429,,tls1.3,https://airportgap.com/api/airports/JFK,,
checks,1784003739,0.000000,JFK status 200,,,,,,,,default,,,,,,,
http_reqs,1784003739,1.000000,,,1429,false,,GET,https://airportgap.com/api/airports/JFK,HTTP/2.0,default,,429,,tls1.3,https://airportgap.com/api/airports/JFK,,
http_req_duration,1784003739,216.203900,,,1429,false,,GET,https://airportgap.com/api/airports/JFK,HTTP/2.0,default,,429,,tls1.3,https://airportgap.com/api/airports/JFK,,
http_req_blocked,1784003739,0.000000,,,1429,false,,GET,https://airportgap.com/api/airports/JFK,HTTP/2.0,default,,429,,tls1.3,https://airportgap.com/api/airports/JFK,,
http_req_connecting,1784003739,0.000000,,,1429,false,,GET,https://airportgap.com/api/airports/JFK,HTTP/2.0,default,,429,,tls1.3,https://airportgap.com/api/airports/JFK,,
http_req_tls_handshaking,1784003739,0.000000,,,1429,false,,GET,https://airportgap.com/api/airports/JFK,HTTP/2.0,default,,429,,tls1.3,https://airportgap.com/api/airports/JFK,,
http_req_sending,1784003739,0.000000,,,1429,false,,GET,https://airportgap.com/api/airports/JFK,HTTP/2.0,default,,429,,tls1.3,https://airportgap.com/api/airports/JFK,,
http_req_waiting,1784003739,216.203900,,,1429,false,,GET,https://airportgap.com/api/airports/JFK,HTTP/2.0,default,,429,,tls1.3,https://airportgap.com/api/airports/JFK,,
http_req_receiving,1784003739,0.000000,,,1429,false,,GET,https://airportgap.com/api/airports/JFK,HTTP/2.0,default,,429,,tls1.3,https://airportgap.com/api/airports/JFK,,
http_req_failed,1784003739,1.000000,,,1429,false,,GET,https://airportgap.com/api/airports/JFK,HTTP/2.0,default,,429,,tls1.3,https://airportgap.com/api/airports/JFK,,
checks,1784003739,0.000000,JFK status 200,,,,,,,,default,,,,,,,
http_reqs,1784003739,1.000000,,,1429,false,,GET,https://airportgap.com/api/airports,HTTP/2.0,default,,429,,tls1.3,https://airportgap.com/api/airports,,
http_req_duration,1784003739,229.019300,,,1429,false,,GET,https://airportgap.com/api/airports,HTTP/2.0,default,,429,,tls1.3,https://airportgap.com/api/airports,,
http_req_blocked,1784003739,0.000000,,,1429,false,,GET,https://airportgap.com/api/airports,HTTP/2.0,default,,429,,tls1.3,https://airportgap.com/api/airports,,
http_req_connecting,1784003739,0.000000,,,1429,false,,GET,https://airportgap.com/api/airports,HTTP/2.0,default,,429,,tls1.3,https://airportgap.com/api/airports,,
http_req_tls_handshaking,1784003739,0.000000,,,1429,false,,GET,https://airportgap.com/api/airports,HTTP/2.0,default,,429,,tls1.3,https://airportgap.com/api/airports,,
http_req_sending,1784003739,0.000000,,,1429,false,,GET,https://airportgap.com/api/airports,HTTP/2.0,default,,429,,tls1.3,https://airportgap.com/api/airports,,
http_req_waiting,1784003739,229.019300,,,1429,false,,GET,https://airportgap.com/api/airports,HTTP/2.0,default,,429,,tls1.3,https://airportgap.com/api/airports,,
http_req_receiving,1784003739,0.000000,,,1429,false,,GET,https://airportgap.com/api/airports,HTTP/2.0,default,,429,,tls1.3,https://airportgap.com/api/airports,,
http_req_failed,1784003739,1.000000,,,1429,false,,GET,https://airportgap.com/api/airports,HTTP/2.0,default,,429,,tls1.3,https://airportgap.com/api/airports,,
checks,1784003739,0.000000,status 200,,,,,,,,default,,,,,,,
checks,1784003739,1.000000,menos de 1000ms,,,,,,,,default,,,,,,,
http_reqs,1784003739,1.000000,,,1429,false,,GET,https://airportgap.com/api/airports,HTTP/2.0,default,,429,,tls1.3,https://airportgap.com/api/airports,,
http_req_duration,1784003739,228.510400,,,1429,false,,GET,https://airportgap.com/api/airports,HTTP/2.0,default,,429,,tls1.3,https://airportgap.com/api/airports,,
http_req_blocked,1784003739,0.000000,,,1429,false,,GET,https://airportgap.com/api/airports,HTTP/2.0,default,,429,,tls1.3,https://airportgap.com/api/airports,,
http_req_connecting,1784003739,0.000000,,,1429,false,,GET,https://airportgap.com/api/airports,HTTP/2.0,default,,429,,tls1.3,https://airportgap.com/api/airports,,
http_req_tls_handshaking,1784003739,0.000000,,,1429,false,,GET,https://airportgap.com/api/airports,HTTP/2.0,default,,429,,tls1.3,https://airportgap.com/api/airports,,
http_req_sending,1784003739,0.000000,,,1429,false,,GET,https://airportgap.com/api/airports,HTTP/2.0,default,,429,,tls1.3,https://airportgap.com/api/airports,,
http_req_waiting,1784003739,228.510400,,,1429,false,,GET,https://airportgap.com/api/airports,HTTP/2.0,default,,429,,tls1.3,https://airportgap.com/api/airports,,
http_req_receiving,1784003739,0.000000,,,1429,false,,GET,https://airportgap.com/api/airports,HTTP/2.0,default,,429,,tls1.3,https://airportgap.com/api/airports,,
http_req_failed,1784003739,1.000000,,,1429,false,,GET,https://airportgap.com/api/airports,HTTP/2.0,default,,429,,tls1.3,https://airportgap.com/api/airports,,
http_reqs,1784003739,1.000000,,,1429,false,,GET,https://airportgap.com/api/airports,HTTP/2.0,default,,429,,tls1.3,https://airportgap.com/api/airports,,
http_req_duration,1784003739,228.510400,,,1429,false,,GET,https://airportgap.com/api/airports,HTTP/2.0,default,,429,,tls1.3,https://airportgap.com/api/airports,,
http_req_blocked,1784003739,0.000000,,,1429,false,,GET,https://airportgap.com/api/airports,HTTP/2.0,default,,429,,tls1.3,https://airportgap.com/api/airports,,
http_req_connecting,1784003739,0.000000,,,1429,false,,GET,https://airportgap.com/api/airports,HTTP/2.0,default,,429,,tls1.3,https://airportgap.com/api/airports,,
http_req_tls_handshaking,1784003739,0.000000,,,1429,false,,GET,https://airportgap.com/api/airports,HTTP/2.0,default,,429,,tls1.3,https://airportgap.com/api/airports,,
http_req_sending,1784003739,0.000000,,,1429,false,,GET,https://airportgap.com/api/airports,HTTP/2.0,default,,429,,tls1.3,https://airportgap.com/api/airports,,
http_req_waiting,1784003739,228.510400,,,1429,false,,GET,https://airportgap.com/api/airports,HTTP/2.0,default,,429,,tls1.3,https://airportgap.com/api/airports,,
http_req_receiving,1784003739,0.000000,,,1429,false,,GET,https://airportgap.com/api/airports,HTTP/2.0,default,,429,,tls1.3,https://airportgap.com/api/airports,,
http_req_failed,1784003739,1.000000,,,1429,false,,GET,https://airportgap.com/api/airports,HTTP/2.0,default,,429,,tls1.3,https://airportgap.com/api/airports,,
checks,1784003739,0.000000,status 200,,,,,,,,default,,,,,,,
http_reqs,1784003739,1.000000,,,1429,false,,GET,https://airportgap.com/api/airports,HTTP/2.0,default,,429,,tls1.3,https://airportgap.com/api/airports,,
http_req_duration,1784003739,228.510400,,,1429,false,,GET,https://airportgap.com/api/airports,HTTP/2.0,default,,429,,tls1.3,https://airportgap.com/api/airports,,
http_req_blocked,1784003739,0.000000,,,1429,false,,GET,https://airportgap.com/api/airports,HTTP/2.0,default,,429,,tls1.3,https://airportgap.com/api/airports,,
http_req_connecting,1784003739,0.000000,,,1429,false,,GET,https://airportgap.com/api/airports,HTTP/2.0,default,,429,,tls1.3,https://airportgap.com/api/airports,,
http_req_tls_handshaking,1784003739,0.000000,,,1429,false,,GET,https://airportgap.com/api/airports,HTTP/2.0,default,,429,,tls1.3,https://airportgap.com/api/airports,,
http_req_sending,1784003739,0.000000,,,1429,false,,GET,https://airportgap.com/api/airports,HTTP/2.0,default,,429,,tls1.3,https://airportgap.com/api/airports,,
http_req_waiting,1784003739,228.510400,,,1429,false,,GET,https://airportgap.com/api/airports,HTTP/2.0,default,,429,,tls1.3,https://airportgap.com/api/airports,,
http_req_receiving,1784003739,0.000000,,,1429,false,,GET,https://airportgap.com/api/airports,HTTP/2.0,default,,429,,tls1.3,https://airportgap.com/api/airports,,
http_req_failed,1784003739,1.000000,,,1429,false,,GET,https://airportgap.com/api/airports,HTTP/2.0,default,,429,,tls1.3,https://airportgap.com/api/airports,,
checks,1784003739,1.000000,menos de 1000ms,,,,,,,,default,,,,,,,
checks,1784003739,0.000000,status 200,,,,,,,,default,,,,,,,
checks,1784003739,0.000000,status 200,,,,,,,,default,,,,,,,
checks,1784003739,1.000000,menos de 1000ms,,,,,,,,default,,,,,,,
checks,1784003739,1.000000,menos de 1000ms,,,,,,,,default,,,,,,,
http_reqs,1784003739,1.000000,,,1429,false,,GET,https://airportgap.com/api/airports,HTTP/2.0,default,,429,,tls1.3,https://airportgap.com/api/airports,,
http_req_duration,1784003739,229.019300,,,1429,false,,GET,https://airportgap.com/api/airports,HTTP/2.0,default,,429,,tls1.3,https://airportgap.com/api/airports,,
http_req_blocked,1784003739,0.000000,,,1429,false,,GET,https://airportgap.com/api/airports,HTTP/2.0,default,,429,,tls1.3,https://airportgap.com/api/airports,,
http_req_connecting,1784003739,0.000000,,,1429,false,,GET,https://airportgap.com/api/airports,HTTP/2.0,default,,429,,tls1.3,https://airportgap.com/api/airports,,
http_req_tls_handshaking,1784003739,0.000000,,,1429,false,,GET,https://airportgap.com/api/airports,HTTP/2.0,default,,429,,tls1.3,https://airportgap.com/api/airports,,
http_req_sending,1784003739,0.000000,,,1429,false,,GET,https://airportgap.com/api/airports,HTTP/2.0,default,,429,,tls1.3,https://airportgap.com/api/airports,,
http_req_waiting,1784003739,229.019300,,,1429,false,,GET,https://airportgap.com/api/airports,HTTP/2.0,default,,429,,tls1.3,https://airportgap.com/api/airports,,
http_req_receiving,1784003739,0.000000,,,1429,false,,GET,https://airportgap.com/api/airports,HTTP/2.0,default,,429,,tls1.3,https://airportgap.com/api/airports,,
http_req_failed,1784003739,1.000000,,,1429,false,,GET,https://airportgap.com/api/airports,HTTP/2.0,default,,429,,tls1.3,https://airportgap.com/api/airports,,
checks,1784003739,0.000000,status 200,,,,,,,,default,,,,,,,
checks,1784003739,1.000000,menos de 1000ms,,,,,,,,default,,,,,,,
http_reqs,1784003739,1.000000,,,1429,false,,GET,https://airportgap.com/api/airports,HTTP/2.0,default,,429,,tls1.3,https://airportgap.com/api/airports,,
http_req_duration,1784003739,229.019300,,,1429,false,,GET,https://airportgap.com/api/airports,HTTP/2.0,default,,429,,tls1.3,https://airportgap.com/api/airports,,
http_req_blocked,1784003739,0.000000,,,1429,false,,GET,https://airportgap.com/api/airports,HTTP/2.0,default,,429,,tls1.3,https://airportgap.com/api/airports,,
http_req_connecting,1784003739,0.000000,,,1429,false,,GET,https://airportgap.com/api/airports,HTTP/2.0,default,,429,,tls1.3,https://airportgap.com/api/airports,,
http_req_tls_handshaking,1784003739,0.000000,,,1429,false,,GET,https://airportgap.com/api/airports,HTTP/2.0,default,,429,,tls1.3,https://airportgap.com/api/airports,,
http_req_sending,1784003739,0.508900,,,1429,false,,GET,https://airportgap.com/api/airports,HTTP/2.0,default,,429,,tls1.3,https://airportgap.com/api/airports,,
http_req_waiting,1784003739,228.510400,,,1429,false,,GET,https://airportgap.com/api/airports,HTTP/2.0,default,,429,,tls1.3,https://airportgap.com/api/airports,,
http_req_receiving,1784003739,0.000000,,,1429,false,,GET,https://airportgap.com/api/airports,HTTP/2.0,default,,429,,tls1.3,https://airportgap.com/api/airports,,
http_req_failed,1784003739,1.000000,,,1429,false,,GET,https://airportgap.com/api/airports,HTTP/2.0,default,,429,,tls1.3,https://airportgap.com/api/airports,,
http_reqs,1784003739,1.000000,,,1429,false,,GET,https://airportgap.com/api/airports,HTTP/2.0,default,,429,,tls1.3,https://airportgap.com/api/airports,,
http_req_duration,1784003739,229.019300,,,1429,false,,GET,https://airportgap.com/api/airports,HTTP/2.0,default,,429,,tls1.3,https://airportgap.com/api/airports,,
http_req_blocked,1784003739,0.000000,,,1429,false,,GET,https://airportgap.com/api/airports,HTTP/2.0,default,,429,,tls1.3,https://airportgap.com/api/airports,,
http_req_connecting,1784003739,0.000000,,,1429,false,,GET,https://airportgap.com/api/airports,HTTP/2.0,default,,429,,tls1.3,https://airportgap.com/api/airports,,
http_req_tls_handshaking,1784003739,0.000000,,,1429,false,,GET,https://airportgap.com/api/airports,HTTP/2.0,default,,429,,tls1.3,https://airportgap.com/api/airports,,
http_req_sending,1784003739,0.000000,,,1429,false,,GET,https://airportgap.com/api/airports,HTTP/2.0,default,,429,,tls1.3,https://airportgap.com/api/airports,,
http_req_waiting,1784003739,229.019300,,,1429,false,,GET,https://airportgap.com/api/airports,HTTP/2.0,default,,429,,tls1.3,https://airportgap.com/api/airports,,
http_req_receiving,1784003739,0.000000,,,1429,false,,GET,https://airportgap.com/api/airports,HTTP/2.0,default,,429,,tls1.3,https://airportgap.com/api/airports,,
http_req_failed,1784003739,1.000000,,,1429,false,,GET,https://airportgap.com/api/airports,HTTP/2.0,default,,429,,tls1.3,https://airportgap.com/api/airports,,
checks,1784003739,0.000000,status 200,,,,,,,,default,,,,,,,
checks,1784003739,1.000000,menos de 1000ms,,,,,,,,default,,,,,,,
checks,1784003739,0.000000,status 200,,,,,,,,default,,,,,,,
checks,1784003739,1.000000,menos de 1000ms,,,,,,,,default,,,,,,,
http_reqs,1784003739,1.000000,,,1429,false,,GET,https://airportgap.com/api/airports,HTTP/2.0,default,,429,,tls1.3,https://airportgap.com/api/airports,,
http_req_duration,1784003739,229.242000,,,1429,false,,GET,https://airportgap.com/api/airports,HTTP/2.0,default,,429,,tls1.3,https://airportgap.com/api/airports,,
http_req_blocked,1784003739,0.000000,,,1429,false,,GET,https://airportgap.com/api/airports,HTTP/2.0,default,,429,,tls1.3,https://airportgap.com/api/airports,,
http_req_connecting,1784003739,0.000000,,,1429,false,,GET,https://airportgap.com/api/airports,HTTP/2.0,default,,429,,tls1.3,https://airportgap.com/api/airports,,
http_req_tls_handshaking,1784003739,0.000000,,,1429,false,,GET,https://airportgap.com/api/airports,HTTP/2.0,default,,429,,tls1.3,https://airportgap.com/api/airports,,
http_req_sending,1784003739,0.000000,,,1429,false,,GET,https://airportgap.com/api/airports,HTTP/2.0,default,,429,,tls1.3,https://airportgap.com/api/airports,,
http_req_waiting,1784003739,228.510400,,,1429,false,,GET,https://airportgap.com/api/airports,HTTP/2.0,default,,429,,tls1.3,https://airportgap.com/api/airports,,
http_req_receiving,1784003739,0.731600,,,1429,false,,GET,https://airportgap.com/api/airports,HTTP/2.0,default,,429,,tls1.3,https://airportgap.com/api/airports,,
http_req_failed,1784003739,1.000000,,,1429,false,,GET,https://airportgap.com/api/airports,HTTP/2.0,default,,429,,tls1.3,https://airportgap.com/api/airports,,
checks,1784003739,0.000000,status 200,,,,,,,,default,,,,,,,
checks,1784003739,1.000000,menos de 1000ms,,,,,,,,default,,,,,,,
vus,1784003739,10.000000,,,,,,,,,,,,,,,,
vus_max,1784003739,10.000000,,,,,,,,,,,,,,,,
http_reqs,1784003739,1.000000,,,1429,false,,GET,https://airportgap.com/api/airports/JFK,HTTP/2.0,default,,429,,tls1.3,https://airportgap.com/api/airports/JFK,,
http_req_duration,1784003739,203.640900,,,1429,false,,GET,https://airportgap.com/api/airports/JFK,HTTP/2.0,default,,429,,tls1.3,https://airportgap.com/api/airports/JFK,,
http_req_blocked,1784003739,0.000000,,,1429,false,,GET,https://airportgap.com/api/airports/JFK,HTTP/2.0,default,,429,,tls1.3,https://airportgap.com/api/airports/JFK,,
http_req_connecting,1784003739,0.000000,,,1429,false,,GET,https://airportgap.com/api/airports/JFK,HTTP/2.0,default,,429,,tls1.3,https://airportgap.com/api/airports/JFK,,
http_req_tls_handshaking,1784003739,0.000000,,,1429,false,,GET,https://airportgap.com/api/airports/JFK,HTTP/2.0,default,,429,,tls1.3,https://airportgap.com/api/airports/JFK,,
http_req_sending,1784003739,0.000000,,,1429,false,,GET,https://airportgap.com/api/airports/JFK,HTTP/2.0,default,,429,,tls1.3,https://airportgap.com/api/airports/JFK,,
http_req_waiting,1784003739,203.640900,,,1429,false,,GET,https://airportgap.com/api/airports/JFK,HTTP/2.0,default,,429,,tls1.3,https://airportgap.com/api/airports/JFK,,
http_req_receiving,1784003739,0.000000,,,1429,false,,GET,https://airportgap.com/api/airports/JFK,HTTP/2.0,default,,429,,tls1.3,https://airportgap.com/api/airports/JFK,,
http_req_failed,1784003739,1.000000,,,1429,false,,GET,https://airportgap.com/api/airports/JFK,HTTP/2.0,default,,429,,tls1.3,https://airportgap.com/api/airports/JFK,,
checks,1784003739,0.000000,JFK status 200,,,,,,,,default,,,,,,,
http_reqs,1784003739,1.000000,,,1429,false,,GET,https://airportgap.com/api/airports/JFK,HTTP/2.0,default,,429,,tls1.3,https://airportgap.com/api/airports/JFK,,
http_req_duration,1784003739,203.253700,,,1429,false,,GET,https://airportgap.com/api/airports/JFK,HTTP/2.0,default,,429,,tls1.3,https://airportgap.com/api/airports/JFK,,
http_req_blocked,1784003739,0.000000,,,1429,false,,GET,https://airportgap.com/api/airports/JFK,HTTP/2.0,default,,429,,tls1.3,https://airportgap.com/api/airports/JFK,,
http_req_connecting,1784003739,0.000000,,,1429,false,,GET,https://airportgap.com/api/airports/JFK,HTTP/2.0,default,,429,,tls1.3,https://airportgap.com/api/airports/JFK,,
http_req_tls_handshaking,1784003739,0.000000,,,1429,false,,GET,https://airportgap.com/api/airports/JFK,HTTP/2.0,default,,429,,tls1.3,https://airportgap.com/api/airports/JFK,,
http_req_sending,1784003739,0.000000,,,1429,false,,GET,https://airportgap.com/api/airports/JFK,HTTP/2.0,default,,429,,tls1.3,https://airportgap.com/api/airports/JFK,,
http_req_waiting,1784003739,203.253700,,,1429,false,,GET,https://airportgap.com/api/airports/JFK,HTTP/2.0,default,,429,,tls1.3,https://airportgap.com/api/airports/JFK,,
http_req_receiving,1784003739,0.000000,,,1429,false,,GET,https://airportgap.com/api/airports/JFK,HTTP/2.0,default,,429,,tls1.3,https://airportgap.com/api/airports/JFK,,
http_req_failed,1784003739,1.000000,,,1429,false,,GET,https://airportgap.com/api/airports/JFK,HTTP/2.0,default,,429,,tls1.3,https://airportgap.com/api/airports/JFK,,
checks,1784003739,0.000000,JFK status 200,,,,,,,,default,,,,,,,
http_reqs,1784003739,1.000000,,,1429,false,,GET,https://airportgap.com/api/airports/JFK,HTTP/2.0,default,,429,,tls1.3,https://airportgap.com/api/airports/JFK,,
http_req_duration,1784003739,203.985300,,,1429,false,,GET,https://airportgap.com/api/airports/JFK,HTTP/2.0,default,,429,,tls1.3,https://airportgap.com/api/airports/JFK,,
http_req_blocked,1784003739,0.000000,,,1429,false,,GET,https://airportgap.com/api/airports/JFK,HTTP/2.0,default,,429,,tls1.3,https://airportgap.com/api/airports/JFK,,
http_req_connecting,1784003739,0.000000,,,1429,false,,GET,https://airportgap.com/api/airports/JFK,HTTP/2.0,default,,429,,tls1.3,https://airportgap.com/api/airports/JFK,,
http_req_tls_handshaking,1784003739,0.000000,,,1429,false,,GET,https://airportgap.com/api/airports/JFK,HTTP/2.0,default,,429,,tls1.3,https://airportgap.com/api/airports/JFK,,
http_req_sending,1784003739,0.731600,,,1429,false,,GET,https://airportgap.com/api/airports/JFK,HTTP/2.0,default,,429,,tls1.3,https://airportgap.com/api/airports/JFK,,
http_req_waiting,1784003739,203.253700,,,1429,false,,GET,https://airportgap.com/api/airports/JFK,HTTP/2.0,default,,429,,tls1.3,https://airportgap.com/api/airports/JFK,,
http_req_receiving,1784003739,0.000000,,,1429,false,,GET,https://airportgap.com/api/airports/JFK,HTTP/2.0,default,,429,,tls1.3,https://airportgap.com/api/airports/JFK,,
http_req_failed,1784003739,1.000000,,,1429,false,,GET,https://airportgap.com/api/airports/JFK,HTTP/2.0,default,,429,,tls1.3,https://airportgap.com/api/airports/JFK,,
http_reqs,1784003739,1.000000,,,1429,false,,GET,https://airportgap.com/api/airports/JFK,HTTP/2.0,default,,429,,tls1.3,https://airportgap.com/api/airports/JFK,,
http_req_duration,1784003739,203.985300,,,1429,false,,GET,https://airportgap.com/api/airports/JFK,HTTP/2.0,default,,429,,tls1.3,https://airportgap.com/api/airports/JFK,,
http_req_blocked,1784003739,0.000000,,,1429,false,,GET,https://airportgap.com/api/airports/JFK,HTTP/2.0,default,,429,,tls1.3,https://airportgap.com/api/airports/JFK,,
http_req_connecting,1784003739,0.000000,,,1429,false,,GET,https://airportgap.com/api/airports/JFK,HTTP/2.0,default,,429,,tls1.3,https://airportgap.com/api/airports/JFK,,
http_req_tls_handshaking,1784003739,0.000000,,,1429,false,,GET,https://airportgap.com/api/airports/JFK,HTTP/2.0,default,,429,,tls1.3,https://airportgap.com/api/airports/JFK,,
http_req_sending,1784003739,0.000000,,,1429,false,,GET,https://airportgap.com/api/airports/JFK,HTTP/2.0,default,,429,,tls1.3,https://airportgap.com/api/airports/JFK,,
http_req_waiting,1784003739,203.985300,,,1429,false,,GET,https://airportgap.com/api/airports/JFK,HTTP/2.0,default,,429,,tls1.3,https://airportgap.com/api/airports/JFK,,
http_req_receiving,1784003739,0.000000,,,1429,false,,GET,https://airportgap.com/api/airports/JFK,HTTP/2.0,default,,429,,tls1.3,https://airportgap.com/api/airports/JFK,,
http_req_failed,1784003739,1.000000,,,1429,false,,GET,https://airportgap.com/api/airports/JFK,HTTP/2.0,default,,429,,tls1.3,https://airportgap.com/api/airports/JFK,,
http_reqs,1784003739,1.000000,,,1429,false,,GET,https://airportgap.com/api/airports/JFK,HTTP/2.0,default,,429,,tls1.3,https://airportgap.com/api/airports/JFK,,
http_req_duration,1784003739,203.985300,,,1429,false,,GET,https://airportgap.com/api/airports/JFK,HTTP/2.0,default,,429,,tls1.3,https://airportgap.com/api/airports/JFK,,
http_req_blocked,1784003739,0.000000,,,1429,false,,GET,https://airportgap.com/api/airports/JFK,HTTP/2.0,default,,429,,tls1.3,https://airportgap.com/api/airports/JFK,,
http_req_connecting,1784003739,0.000000,,,1429,false,,GET,https://airportgap.com/api/airports/JFK,HTTP/2.0,default,,429,,tls1.3,https://airportgap.com/api/airports/JFK,,
http_req_tls_handshaking,1784003739,0.000000,,,1429,false,,GET,https://airportgap.com/api/airports/JFK,HTTP/2.0,default,,429,,tls1.3,https://airportgap.com/api/airports/JFK,,
http_req_sending,1784003739,0.000000,,,1429,false,,GET,https://airportgap.com/api/airports/JFK,HTTP/2.0,default,,429,,tls1.3,https://airportgap.com/api/airports/JFK,,
http_req_waiting,1784003739,203.985300,,,1429,false,,GET,https://airportgap.com/api/airports/JFK,HTTP/2.0,default,,429,,tls1.3,https://airportgap.com/api/airports/JFK,,
http_req_receiving,1784003739,0.000000,,,1429,false,,GET,https://airportgap.com/api/airports/JFK,HTTP/2.0,default,,429,,tls1.3,https://airportgap.com/api/airports/JFK,,
http_req_failed,1784003739,1.000000,,,1429,false,,GET,https://airportgap.com/api/airports/JFK,HTTP/2.0,default,,429,,tls1.3,https://airportgap.com/api/airports/JFK,,
http_reqs,1784003739,1.000000,,,1429,false,,GET,https://airportgap.com/api/airports/JFK,HTTP/2.0,default,,429,,tls1.3,https://airportgap.com/api/airports/JFK,,
http_req_duration,1784003739,203.985300,,,1429,false,,GET,https://airportgap.com/api/airports/JFK,HTTP/2.0,default,,429,,tls1.3,https://airportgap.com/api/airports/JFK,,
http_req_blocked,1784003739,0.000000,,,1429,false,,GET,https://airportgap.com/api/airports/JFK,HTTP/2.0,default,,429,,tls1.3,https://airportgap.com/api/airports/JFK,,
http_req_connecting,1784003739,0.000000,,,1429,false,,GET,https://airportgap.com/api/airports/JFK,HTTP/2.0,default,,429,,tls1.3,https://airportgap.com/api/airports/JFK,,
http_req_tls_handshaking,1784003739,0.000000,,,1429,false,,GET,https://airportgap.com/api/airports/JFK,HTTP/2.0,default,,429,,tls1.3,https://airportgap.com/api/airports/JFK,,
http_req_sending,1784003739,0.000000,,,1429,false,,GET,https://airportgap.com/api/airports/JFK,HTTP/2.0,default,,429,,tls1.3,https://airportgap.com/api/airports/JFK,,
http_req_waiting,1784003739,203.985300,,,1429,false,,GET,https://airportgap.com/api/airports/JFK,HTTP/2.0,default,,429,,tls1.3,https://airportgap.com/api/airports/JFK,,
http_req_receiving,1784003739,0.000000,,,1429,false,,GET,https://airportgap.com/api/airports/JFK,HTTP/2.0,default,,429,,tls1.3,https://airportgap.com/api/airports/JFK,,
http_req_failed,1784003739,1.000000,,,1429,false,,GET,https://airportgap.com/api/airports/JFK,HTTP/2.0,default,,429,,tls1.3,https://airportgap.com/api/airports/JFK,,
checks,1784003739,0.000000,JFK status 200,,,,,,,,default,,,,,,,
checks,1784003739,0.000000,JFK status 200,,,,,,,,default,,,,,,,
http_reqs,1784003739,1.000000,,,1429,false,,GET,https://airportgap.com/api/airports/JFK,HTTP/2.0,default,,429,,tls1.3,https://airportgap.com/api/airports/JFK,,
http_req_duration,1784003739,203.253700,,,1429,false,,GET,https://airportgap.com/api/airports/JFK,HTTP/2.0,default,,429,,tls1.3,https://airportgap.com/api/airports/JFK,,
http_req_blocked,1784003739,0.000000,,,1429,false,,GET,https://airportgap.com/api/airports/JFK,HTTP/2.0,default,,429,,tls1.3,https://airportgap.com/api/airports/JFK,,
http_req_connecting,1784003739,0.000000,,,1429,false,,GET,https://airportgap.com/api/airports/JFK,HTTP/2.0,default,,429,,tls1.3,https://airportgap.com/api/airports/JFK,,
http_req_tls_handshaking,1784003739,0.000000,,,1429,false,,GET,https://airportgap.com/api/airports/JFK,HTTP/2.0,default,,429,,tls1.3,https://airportgap.com/api/airports/JFK,,
http_req_sending,1784003739,0.000000,,,1429,false,,GET,https://airportgap.com/api/airports/JFK,HTTP/2.0,default,,429,,tls1.3,https://airportgap.com/api/airports/JFK,,
http_req_waiting,1784003739,203.253700,,,1429,false,,GET,https://airportgap.com/api/airports/JFK,HTTP/2.0,default,,429,,tls1.3,https://airportgap.com/api/airports/JFK,,
http_req_receiving,1784003739,0.000000,,,1429,false,,GET,https://airportgap.com/api/airports/JFK,HTTP/2.0,default,,429,,tls1.3,https://airportgap.com/api/airports/JFK,,
http_req_failed,1784003739,1.000000,,,1429,false,,GET,https://airportgap.com/api/airports/JFK,HTTP/2.0,default,,429,,tls1.3,https://airportgap.com/api/airports/JFK,,
checks,1784003739,0.000000,JFK status 200,,,,,,,,default,,,,,,,
checks,1784003739,0.000000,JFK status 200,,,,,,,,default,,,,,,,
http_reqs,1784003739,1.000000,,,1429,false,,GET,https://airportgap.com/api/airports/JFK,HTTP/2.0,default,,429,,tls1.3,https://airportgap.com/api/airports/JFK,,
http_req_duration,1784003739,203.253700,,,1429,false,,GET,https://airportgap.com/api/airports/JFK,HTTP/2.0,default,,429,,tls1.3,https://airportgap.com/api/airports/JFK,,
http_req_blocked,1784003739,0.000000,,,1429,false,,GET,https://airportgap.com/api/airports/JFK,HTTP/2.0,default,,429,,tls1.3,https://airportgap.com/api/airports/JFK,,
http_req_connecting,1784003739,0.000000,,,1429,false,,GET,https://airportgap.com/api/airports/JFK,HTTP/2.0,default,,429,,tls1.3,https://airportgap.com/api/airports/JFK,,
http_req_tls_handshaking,1784003739,0.000000,,,1429,false,,GET,https://airportgap.com/api/airports/JFK,HTTP/2.0,default,,429,,tls1.3,https://airportgap.com/api/airports/JFK,,
http_req_sending,1784003739,0.000000,,,1429,false,,GET,https://airportgap.com/api/airports/JFK,HTTP/2.0,default,,429,,tls1.3,https://airportgap.com/api/airports/JFK,,
http_req_waiting,1784003739,203.253700,,,1429,false,,GET,https://airportgap.com/api/airports/JFK,HTTP/2.0,default,,429,,tls1.3,https://airportgap.com/api/airports/JFK,,
http_req_receiving,1784003739,0.000000,,,1429,false,,GET,https://airportgap.com/api/airports/JFK,HTTP/2.0,default,,429,,tls1.3,https://airportgap.com/api/airports/JFK,,
http_req_failed,1784003739,1.000000,,,1429,false,,GET,https://airportgap.com/api/airports/JFK,HTTP/2.0,default,,429,,tls1.3,https://airportgap.com/api/airports/JFK,,
checks,1784003739,0.000000,JFK status 200,,,,,,,,default,,,,,,,
checks,1784003739,0.000000,JFK status 200,,,,,,,,default,,,,,,,
data_sent,1784003740,72.000000,,,,,,,,,default,,,,,,,
data_received,1784003740,265.000000,,,,,,,,,default,,,,,,,
iteration_duration,1784003740,1433.375900,,,,,,,,,default,,,,,,,
iterations,1784003740,1.000000,,,,,,,,,default,,,,,,,
data_sent,1784003740,72.000000,,,,,,,,,default,,,,,,,
data_received,1784003740,264.000000,,,,,,,,,default,,,,,,,
iteration_duration,1784003740,1434.090600,,,,,,,,,default,,,,,,,
iterations,1784003740,1.000000,,,,,,,,,default,,,,,,,
http_reqs,1784003740,1.000000,,,1429,false,,GET,https://airportgap.com/api/airports,HTTP/2.0,default,,429,,tls1.3,https://airportgap.com/api/airports,,
http_req_duration,1784003740,228.417700,,,1429,false,,GET,https://airportgap.com/api/airports,HTTP/2.0,default,,429,,tls1.3,https://airportgap.com/api/airports,,
http_req_blocked,1784003740,0.000000,,,1429,false,,GET,https://airportgap.com/api/airports,HTTP/2.0,default,,429,,tls1.3,https://airportgap.com/api/airports,,
http_req_connecting,1784003740,0.000000,,,1429,false,,GET,https://airportgap.com/api/airports,HTTP/2.0,default,,429,,tls1.3,https://airportgap.com/api/airports,,
http_req_tls_handshaking,1784003740,0.000000,,,1429,false,,GET,https://airportgap.com/api/airports,HTTP/2.0,default,,429,,tls1.3,https://airportgap.com/api/airports,,
http_req_sending,1784003740,0.507000,,,1429,false,,GET,https://airportgap.com/api/airports,HTTP/2.0,default,,429,,tls1.3,https://airportgap.com/api/airports,,
http_req_waiting,1784003740,227.443900,,,1429,false,,GET,https://airportgap.com/api/airports,HTTP/2.0,default,,429,,tls1.3,https://airportgap.com/api/airports,,
http_req_receiving,1784003740,0.466800,,,1429,false,,GET,https://airportgap.com/api/airports,HTTP/2.0,default,,429,,tls1.3,https://airportgap.com/api/airports,,
http_req_failed,1784003740,1.000000,,,1429,false,,GET,https://airportgap.com/api/airports,HTTP/2.0,default,,429,,tls1.3,https://airportgap.com/api/airports,,
checks,1784003740,0.000000,status 200,,,,,,,,default,,,,,,,
checks,1784003740,1.000000,menos de 1000ms,,,,,,,,default,,,,,,,
vus,1784003740,10.000000,,,,,,,,,,,,,,,,
vus_max,1784003740,10.000000,,,,,,,,,,,,,,,,
data_sent,1784003740,72.000000,,,,,,,,,default,,,,,,,
data_received,1784003740,265.000000,,,,,,,,,default,,,,,,,
iteration_duration,1784003740,1433.369500,,,,,,,,,default,,,,,,,
iterations,1784003740,1.000000,,,,,,,,,default,,,,,,,
data_sent,1784003740,72.000000,,,,,,,,,default,,,,,,,
data_received,1784003740,264.000000,,,,,,,,,default,,,,,,,
iteration_duration,1784003740,1433.369500,,,,,,,,,default,,,,,,,
iterations,1784003740,1.000000,,,,,,,,,default,,,,,,,
data_sent,1784003740,72.000000,,,,,,,,,default,,,,,,,
data_received,1784003740,257.000000,,,,,,,,,default,,,,,,,
iteration_duration,1784003740,1432.860600,,,,,,,,,default,,,,,,,
iterations,1784003740,1.000000,,,,,,,,,default,,,,,,,
data_sent,1784003740,72.000000,,,,,,,,,default,,,,,,,
data_received,1784003740,263.000000,,,,,,,,,default,,,,,,,
iteration_duration,1784003740,1432.860600,,,,,,,,,default,,,,,,,
iterations,1784003740,1.000000,,,,,,,,,default,,,,,,,
data_sent,1784003740,72.000000,,,,,,,,,default,,,,,,,
data_received,1784003740,256.000000,,,,,,,,,default,,,,,,,
iteration_duration,1784003740,1433.369500,,,,,,,,,default,,,,,,,
iterations,1784003740,1.000000,,,,,,,,,default,,,,,,,
data_sent,1784003740,72.000000,,,,,,,,,default,,,,,,,
data_received,1784003740,264.000000,,,,,,,,,default,,,,,,,
iteration_duration,1784003740,1433.716500,,,,,,,,,default,,,,,,,
iterations,1784003740,1.000000,,,,,,,,,default,,,,,,,
data_sent,1784003740,72.000000,,,,,,,,,default,,,,,,,
data_received,1784003740,264.000000,,,,,,,,,default,,,,,,,
iteration_duration,1784003740,1433.716500,,,,,,,,,default,,,,,,,
iterations,1784003740,1.000000,,,,,,,,,default,,,,,,,
data_sent,1784003740,72.000000,,,,,,,,,default,,,,,,,
data_received,1784003740,264.000000,,,,,,,,,default,,,,,,,
iteration_duration,1784003740,1433.207600,,,,,,,,,default,,,,,,,
iterations,1784003740,1.000000,,,,,,,,,default,,,,,,,
http_reqs,1784003740,1.000000,,,1429,false,,GET,https://airportgap.com/api/airports,HTTP/2.0,default,,429,,tls1.3,https://airportgap.com/api/airports,,
http_req_duration,1784003740,215.835100,,,1429,false,,GET,https://airportgap.com/api/airports,HTTP/2.0,default,,429,,tls1.3,https://airportgap.com/api/airports,,
http_req_blocked,1784003740,0.000000,,,1429,false,,GET,https://airportgap.com/api/airports,HTTP/2.0,default,,429,,tls1.3,https://airportgap.com/api/airports,,
http_req_connecting,1784003740,0.000000,,,1429,false,,GET,https://airportgap.com/api/airports,HTTP/2.0,default,,429,,tls1.3,https://airportgap.com/api/airports,,
http_req_tls_handshaking,1784003740,0.000000,,,1429,false,,GET,https://airportgap.com/api/airports,HTTP/2.0,default,,429,,tls1.3,https://airportgap.com/api/airports,,
http_req_sending,1784003740,0.343400,,,1429,false,,GET,https://airportgap.com/api/airports,HTTP/2.0,default,,429,,tls1.3,https://airportgap.com/api/airports,,
http_req_waiting,1784003740,215.491700,,,1429,false,,GET,https://airportgap.com/api/airports,HTTP/2.0,default,,429,,tls1.3,https://airportgap.com/api/airports,,
http_req_receiving,1784003740,0.000000,,,1429,false,,GET,https://airportgap.com/api/airports,HTTP/2.0,default,,429,,tls1.3,https://airportgap.com/api/airports,,
http_req_failed,1784003740,1.000000,,,1429,false,,GET,https://airportgap.com/api/airports,HTTP/2.0,default,,429,,tls1.3,https://airportgap.com/api/airports,,
checks,1784003740,0.000000,status 200,,,,,,,,default,,,,,,,
checks,1784003740,1.000000,menos de 1000ms,,,,,,,,default,,,,,,,
http_reqs,1784003740,1.000000,,,1429,false,,GET,https://airportgap.com/api/airports/JFK,HTTP/2.0,default,,429,,tls1.3,https://airportgap.com/api/airports/JFK,,
http_req_duration,1784003740,204.764400,,,1429,false,,GET,https://airportgap.com/api/airports/JFK,HTTP/2.0,default,,429,,tls1.3,https://airportgap.com/api/airports/JFK,,
http_req_blocked,1784003740,0.000000,,,1429,false,,GET,https://airportgap.com/api/airports/JFK,HTTP/2.0,default,,429,,tls1.3,https://airportgap.com/api/airports/JFK,,
http_req_connecting,1784003740,0.000000,,,1429,false,,GET,https://airportgap.com/api/airports/JFK,HTTP/2.0,default,,429,,tls1.3,https://airportgap.com/api/airports/JFK,,
http_req_tls_handshaking,1784003740,0.000000,,,1429,false,,GET,https://airportgap.com/api/airports/JFK,HTTP/2.0,default,,429,,tls1.3,https://airportgap.com/api/airports/JFK,,
http_req_sending,1784003740,0.000000,,,1429,false,,GET,https://airportgap.com/api/airports/JFK,HTTP/2.0,default,,429,,tls1.3,https://airportgap.com/api/airports/JFK,,
http_req_waiting,1784003740,204.764400,,,1429,false,,GET,https://airportgap.com/api/airports/JFK,HTTP/2.0,default,,429,,tls1.3,https://airportgap.com/api/airports/JFK,,
http_req_receiving,1784003740,0.000000,,,1429,false,,GET,https://airportgap.com/api/airports/JFK,HTTP/2.0,default,,429,,tls1.3,https://airportgap.com/api/airports/JFK,,
http_req_failed,1784003740,1.000000,,,1429,false,,GET,https://airportgap.com/api/airports/JFK,HTTP/2.0,default,,429,,tls1.3,https://airportgap.com/api/airports/JFK,,
checks,1784003740,0.000000,JFK status 200,,,,,,,,default,,,,,,,
http_reqs,1784003741,1.000000,,,1429,false,,GET,https://airportgap.com/api/airports/JFK,HTTP/2.0,default,,429,,tls1.3,https://airportgap.com/api/airports/JFK,,
http_req_duration,1784003741,215.917000,,,1429,false,,GET,https://airportgap.com/api/airports/JFK,HTTP/2.0,default,,429,,tls1.3,https://airportgap.com/api/airports/JFK,,
http_req_blocked,1784003741,0.000000,,,1429,false,,GET,https://airportgap.com/api/airports/JFK,HTTP/2.0,default,,429,,tls1.3,https://airportgap.com/api/airports/JFK,,
http_req_connecting,1784003741,0.000000,,,1429,false,,GET,https://airportgap.com/api/airports/JFK,HTTP/2.0,default,,429,,tls1.3,https://airportgap.com/api/airports/JFK,,
http_req_tls_handshaking,1784003741,0.000000,,,1429,false,,GET,https://airportgap.com/api/airports/JFK,HTTP/2.0,default,,429,,tls1.3,https://airportgap.com/api/airports/JFK,,
http_req_sending,1784003741,0.000000,,,1429,false,,GET,https://airportgap.com/api/airports/JFK,HTTP/2.0,default,,429,,tls1.3,https://airportgap.com/api/airports/JFK,,
http_req_waiting,1784003741,215.917000,,,1429,false,,GET,https://airportgap.com/api/airports/JFK,HTTP/2.0,default,,429,,tls1.3,https://airportgap.com/api/airports/JFK,,
http_req_receiving,1784003741,0.000000,,,1429,false,,GET,https://airportgap.com/api/airports/JFK,HTTP/2.0,default,,429,,tls1.3,https://airportgap.com/api/airports/JFK,,
http_req_failed,1784003741,1.000000,,,1429,false,,GET,https://airportgap.com/api/airports/JFK,HTTP/2.0,default,,429,,tls1.3,https://airportgap.com/api/airports/JFK,,
checks,1784003741,0.000000,JFK status 200,,,,,,,,default,,,,,,,
http_reqs,1784003741,1.000000,,,1429,false,,GET,https://airportgap.com/api/airports,HTTP/2.0,default,,429,,tls1.3,https://airportgap.com/api/airports,,
http_req_duration,1784003741,227.869700,,,1429,false,,GET,https://airportgap.com/api/airports,HTTP/2.0,default,,429,,tls1.3,https://airportgap.com/api/airports,,
http_req_blocked,1784003741,0.000000,,,1429,false,,GET,https://airportgap.com/api/airports,HTTP/2.0,default,,429,,tls1.3,https://airportgap.com/api/airports,,
http_req_connecting,1784003741,0.000000,,,1429,false,,GET,https://airportgap.com/api/airports,HTTP/2.0,default,,429,,tls1.3,https://airportgap.com/api/airports,,
http_req_tls_handshaking,1784003741,0.000000,,,1429,false,,GET,https://airportgap.com/api/airports,HTTP/2.0,default,,429,,tls1.3,https://airportgap.com/api/airports,,
http_req_sending,1784003741,0.347000,,,1429,false,,GET,https://airportgap.com/api/airports,HTTP/2.0,default,,429,,tls1.3,https://airportgap.com/api/airports,,
http_req_waiting,1784003741,227.522700,,,1429,false,,GET,https://airportgap.com/api/airports,HTTP/2.0,default,,429,,tls1.3,https://airportgap.com/api/airports,,
http_req_receiving,1784003741,0.000000,,,1429,false,,GET,https://airportgap.com/api/airports,HTTP/2.0,default,,429,,tls1.3,https://airportgap.com/api/airports,,
http_req_failed,1784003741,1.000000,,,1429,false,,GET,https://airportgap.com/api/airports,HTTP/2.0,default,,429,,tls1.3,https://airportgap.com/api/airports,,
checks,1784003741,0.000000,status 200,,,,,,,,default,,,,,,,
checks,1784003741,1.000000,menos de 1000ms,,,,,,,,default,,,,,,,
http_reqs,1784003741,1.000000,,,1429,false,,GET,https://airportgap.com/api/airports,HTTP/2.0,default,,429,,tls1.3,https://airportgap.com/api/airports,,
http_req_duration,1784003741,227.522700,,,1429,false,,GET,https://airportgap.com/api/airports,HTTP/2.0,default,,429,,tls1.3,https://airportgap.com/api/airports,,
http_req_blocked,1784003741,0.000000,,,1429,false,,GET,https://airportgap.com/api/airports,HTTP/2.0,default,,429,,tls1.3,https://airportgap.com/api/airports,,
http_req_connecting,1784003741,0.000000,,,1429,false,,GET,https://airportgap.com/api/airports,HTTP/2.0,default,,429,,tls1.3,https://airportgap.com/api/airports,,
http_req_tls_handshaking,1784003741,0.000000,,,1429,false,,GET,https://airportgap.com/api/airports,HTTP/2.0,default,,429,,tls1.3,https://airportgap.com/api/airports,,
http_req_sending,1784003741,0.000000,,,1429,false,,GET,https://airportgap.com/api/airports,HTTP/2.0,default,,429,,tls1.3,https://airportgap.com/api/airports,,
http_req_waiting,1784003741,227.522700,,,1429,false,,GET,https://airportgap.com/api/airports,HTTP/2.0,default,,429,,tls1.3,https://airportgap.com/api/airports,,
http_req_receiving,1784003741,0.000000,,,1429,false,,GET,https://airportgap.com/api/airports,HTTP/2.0,default,,429,,tls1.3,https://airportgap.com/api/airports,,
http_req_failed,1784003741,1.000000,,,1429,false,,GET,https://airportgap.com/api/airports,HTTP/2.0,default,,429,,tls1.3,https://airportgap.com/api/airports,,
http_reqs,1784003741,1.000000,,,1429,false,,GET,https://airportgap.com/api/airports,HTTP/2.0,default,,429,,tls1.3,https://airportgap.com/api/airports,,
http_req_duration,1784003741,227.522700,,,1429,false,,GET,https://airportgap.com/api/airports,HTTP/2.0,default,,429,,tls1.3,https://airportgap.com/api/airports,,
http_req_blocked,1784003741,0.000000,,,1429,false,,GET,https://airportgap.com/api/airports,HTTP/2.0,default,,429,,tls1.3,https://airportgap.com/api/airports,,
http_req_connecting,1784003741,0.000000,,,1429,false,,GET,https://airportgap.com/api/airports,HTTP/2.0,default,,429,,tls1.3,https://airportgap.com/api/airports,,
http_req_tls_handshaking,1784003741,0.000000,,,1429,false,,GET,https://airportgap.com/api/airports,HTTP/2.0,default,,429,,tls1.3,https://airportgap.com/api/airports,,
http_req_sending,1784003741,0.000000,,,1429,false,,GET,https://airportgap.com/api/airports,HTTP/2.0,default,,429,,tls1.3,https://airportgap.com/api/airports,,
http_req_waiting,1784003741,227.522700,,,1429,false,,GET,https://airportgap.com/api/airports,HTTP/2.0,default,,429,,tls1.3,https://airportgap.com/api/airports,,
http_req_receiving,1784003741,0.000000,,,1429,false,,GET,https://airportgap.com/api/airports,HTTP/2.0,default,,429,,tls1.3,https://airportgap.com/api/airports,,
http_req_failed,1784003741,1.000000,,,1429,false,,GET,https://airportgap.com/api/airports,HTTP/2.0,default,,429,,tls1.3,https://airportgap.com/api/airports,,
checks,1784003741,0.000000,status 200,,,,,,,,default,,,,,,,
checks,1784003741,1.000000,menos de 1000ms,,,,,,,,default,,,,,,,
checks,1784003741,0.000000,status 200,,,,,,,,default,,,,,,,
checks,1784003741,1.000000,menos de 1000ms,,,,,,,,default,,,,,,,
http_reqs,1784003741,1.000000,,,1429,false,,GET,https://airportgap.com/api/airports,HTTP/2.0,default,,429,,tls1.3,https://airportgap.com/api/airports,,
http_req_duration,1784003741,227.522700,,,1429,false,,GET,https://airportgap.com/api/airports,HTTP/2.0,default,,429,,tls1.3,https://airportgap.com/api/airports,,
http_req_blocked,1784003741,0.000000,,,1429,false,,GET,https://airportgap.com/api/airports,HTTP/2.0,default,,429,,tls1.3,https://airportgap.com/api/airports,,
http_req_connecting,1784003741,0.000000,,,1429,false,,GET,https://airportgap.com/api/airports,HTTP/2.0,default,,429,,tls1.3,https://airportgap.com/api/airports,,
http_req_tls_handshaking,1784003741,0.000000,,,1429,false,,GET,https://airportgap.com/api/airports,HTTP/2.0,default,,429,,tls1.3,https://airportgap.com/api/airports,,
http_req_sending,1784003741,0.000000,,,1429,false,,GET,https://airportgap.com/api/airports,HTTP/2.0,default,,429,,tls1.3,https://airportgap.com/api/airports,,
http_req_waiting,1784003741,227.522700,,,1429,false,,GET,https://airportgap.com/api/airports,HTTP/2.0,default,,429,,tls1.3,https://airportgap.com/api/airports,,
http_req_receiving,1784003741,0.000000,,,1429,false,,GET,https://airportgap.com/api/airports,HTTP/2.0,default,,429,,tls1.3,https://airportgap.com/api/airports,,
http_req_failed,1784003741,1.000000,,,1429,false,,GET,https://airportgap.com/api/airports,HTTP/2.0,default,,429,,tls1.3,https://airportgap.com/api/airports,,
http_reqs,1784003741,1.000000,,,1429,false,,GET,https://airportgap.com/api/airports,HTTP/2.0,default,,429,,tls1.3,https://airportgap.com/api/airports,,
http_req_duration,1784003741,227.869700,,,1429,false,,GET,https://airportgap.com/api/airports,HTTP/2.0,default,,429,,tls1.3,https://airportgap.com/api/airports,,
http_req_blocked,1784003741,0.000000,,,1429,false,,GET,https://airportgap.com/api/airports,HTTP/2.0,default,,429,,tls1.3,https://airportgap.com/api/airports,,
http_req_connecting,1784003741,0.000000,,,1429,false,,GET,https://airportgap.com/api/airports,HTTP/2.0,default,,429,,tls1.3,https://airportgap.com/api/airports,,
http_req_tls_handshaking,1784003741,0.000000,,,1429,false,,GET,https://airportgap.com/api/airports,HTTP/2.0,default,,429,,tls1.3,https://airportgap.com/api/airports,,
http_req_sending,1784003741,0.000000,,,1429,false,,GET,https://airportgap.com/api/airports,HTTP/2.0,default,,429,,tls1.3,https://airportgap.com/api/airports,,
http_req_waiting,1784003741,227.869700,,,1429,false,,GET,https://airportgap.com/api/airports,HTTP/2.0,default,,429,,tls1.3,https://airportgap.com/api/airports,,
http_req_receiving,1784003741,0.000000,,,1429,false,,GET,https://airportgap.com/api/airports,HTTP/2.0,default,,429,,tls1.3,https://airportgap.com/api/airports,,
http_req_failed,1784003741,1.000000,,,1429,false,,GET,https://airportgap.com/api/airports,HTTP/2.0,default,,429,,tls1.3,https://airportgap.com/api/airports,,
checks,1784003741,0.000000,status 200,,,,,,,,default,,,,,,,
checks,1784003741,1.000000,menos de 1000ms,,,,,,,,default,,,,,,,
http_reqs,1784003741,1.000000,,,1429,false,,GET,https://airportgap.com/api/airports,HTTP/2.0,default,,429,,tls1.3,https://airportgap.com/api/airports,,
http_req_duration,1784003741,228.149100,,,1429,false,,GET,https://airportgap.com/api/airports,HTTP/2.0,default,,429,,tls1.3,https://airportgap.com/api/airports,,
http_req_blocked,1784003741,0.000000,,,1429,false,,GET,https://airportgap.com/api/airports,HTTP/2.0,default,,429,,tls1.3,https://airportgap.com/api/airports,,
http_req_connecting,1784003741,0.000000,,,1429,false,,GET,https://airportgap.com/api/airports,HTTP/2.0,default,,429,,tls1.3,https://airportgap.com/api/airports,,
http_req_tls_handshaking,1784003741,0.000000,,,1429,false,,GET,https://airportgap.com/api/airports,HTTP/2.0,default,,429,,tls1.3,https://airportgap.com/api/airports,,
http_req_sending,1784003741,0.000000,,,1429,false,,GET,https://airportgap.com/api/airports,HTTP/2.0,default,,429,,tls1.3,https://airportgap.com/api/airports,,
http_req_waiting,1784003741,227.522700,,,1429,false,,GET,https://airportgap.com/api/airports,HTTP/2.0,default,,429,,tls1.3,https://airportgap.com/api/airports,,
http_req_receiving,1784003741,0.626400,,,1429,false,,GET,https://airportgap.com/api/airports,HTTP/2.0,default,,429,,tls1.3,https://airportgap.com/api/airports,,
http_req_failed,1784003741,1.000000,,,1429,false,,GET,https://airportgap.com/api/airports,HTTP/2.0,default,,429,,tls1.3,https://airportgap.com/api/airports,,
checks,1784003741,0.000000,status 200,,,,,,,,default,,,,,,,
checks,1784003741,1.000000,menos de 1000ms,,,,,,,,default,,,,,,,
checks,1784003741,0.000000,status 200,,,,,,,,default,,,,,,,
checks,1784003741,1.000000,menos de 1000ms,,,,,,,,default,,,,,,,
http_reqs,1784003741,1.000000,,,1429,false,,GET,https://airportgap.com/api/airports,HTTP/2.0,default,,429,,tls1.3,https://airportgap.com/api/airports,,
http_req_duration,1784003741,228.496100,,,1429,false,,GET,https://airportgap.com/api/airports,HTTP/2.0,default,,429,,tls1.3,https://airportgap.com/api/airports,,
http_req_blocked,1784003741,0.000000,,,1429,false,,GET,https://airportgap.com/api/airports,HTTP/2.0,default,,429,,tls1.3,https://airportgap.com/api/airports,,
http_req_connecting,1784003741,0.000000,,,1429,false,,GET,https://airportgap.com/api/airports,HTTP/2.0,default,,429,,tls1.3,https://airportgap.com/api/airports,,
http_req_tls_handshaking,1784003741,0.000000,,,1429,false,,GET,https://airportgap.com/api/airports,HTTP/2.0,default,,429,,tls1.3,https://airportgap.com/api/airports,,
http_req_sending,1784003741,0.347000,,,1429,false,,GET,https://airportgap.com/api/airports,HTTP/2.0,default,,429,,tls1.3,https://airportgap.com/api/airports,,
http_req_waiting,1784003741,228.149100,,,1429,false,,GET,https://airportgap.com/api/airports,HTTP/2.0,default,,429,,tls1.3,https://airportgap.com/api/airports,,
http_req_receiving,1784003741,0.000000,,,1429,false,,GET,https://airportgap.com/api/airports,HTTP/2.0,default,,429,,tls1.3,https://airportgap.com/api/airports,,
http_req_failed,1784003741,1.000000,,,1429,false,,GET,https://airportgap.com/api/airports,HTTP/2.0,default,,429,,tls1.3,https://airportgap.com/api/airports,,
http_reqs,1784003741,1.000000,,,1429,false,,GET,https://airportgap.com/api/airports,HTTP/2.0,default,,429,,tls1.3,https://airportgap.com/api/airports,,
http_req_duration,1784003741,228.149100,,,1429,false,,GET,https://airportgap.com/api/airports,HTTP/2.0,default,,429,,tls1.3,https://airportgap.com/api/airports,,
http_req_blocked,1784003741,0.000000,,,1429,false,,GET,https://airportgap.com/api/airports,HTTP/2.0,default,,429,,tls1.3,https://airportgap.com/api/airports,,
http_req_connecting,1784003741,0.000000,,,1429,false,,GET,https://airportgap.com/api/airports,HTTP/2.0,default,,429,,tls1.3,https://airportgap.com/api/airports,,
http_req_tls_handshaking,1784003741,0.000000,,,1429,false,,GET,https://airportgap.com/api/airports,HTTP/2.0,default,,429,,tls1.3,https://airportgap.com/api/airports,,
http_req_sending,1784003741,0.000000,,,1429,false,,GET,https://airportgap.com/api/airports,HTTP/2.0,default,,429,,tls1.3,https://airportgap.com/api/airports,,
http_req_waiting,1784003741,228.149100,,,1429,false,,GET,https://airportgap.com/api/airports,HTTP/2.0,default,,429,,tls1.3,https://airportgap.com/api/airports,,
http_req_receiving,1784003741,0.000000,,,1429,false,,GET,https://airportgap.com/api/airports,HTTP/2.0,default,,429,,tls1.3,https://airportgap.com/api/airports,,
http_req_failed,1784003741,1.000000,,,1429,false,,GET,https://airportgap.com/api/airports,HTTP/2.0,default,,429,,tls1.3,https://airportgap.com/api/airports,,
checks,1784003741,0.000000,status 200,,,,,,,,default,,,,,,,
checks,1784003741,1.000000,menos de 1000ms,,,,,,,,default,,,,,,,
checks,1784003741,0.000000,status 200,,,,,,,,default,,,,,,,
checks,1784003741,1.000000,menos de 1000ms,,,,,,,,default,,,,,,,
http_reqs,1784003741,1.000000,,,1429,false,,GET,https://airportgap.com/api/airports/JFK,HTTP/2.0,default,,429,,tls1.3,https://airportgap.com/api/airports/JFK,,
http_req_duration,1784003741,204.378700,,,1429,false,,GET,https://airportgap.com/api/airports/JFK,HTTP/2.0,default,,429,,tls1.3,https://airportgap.com/api/airports/JFK,,
http_req_blocked,1784003741,0.000000,,,1429,false,,GET,https://airportgap.com/api/airports/JFK,HTTP/2.0,default,,429,,tls1.3,https://airportgap.com/api/airports/JFK,,
http_req_connecting,1784003741,0.000000,,,1429,false,,GET,https://airportgap.com/api/airports/JFK,HTTP/2.0,default,,429,,tls1.3,https://airportgap.com/api/airports/JFK,,
http_req_tls_handshaking,1784003741,0.000000,,,1429,false,,GET,https://airportgap.com/api/airports/JFK,HTTP/2.0,default,,429,,tls1.3,https://airportgap.com/api/airports/JFK,,
http_req_sending,1784003741,0.000000,,,1429,false,,GET,https://airportgap.com/api/airports/JFK,HTTP/2.0,default,,429,,tls1.3,https://airportgap.com/api/airports/JFK,,
http_req_waiting,1784003741,203.736900,,,1429,false,,GET,https://airportgap.com/api/airports/JFK,HTTP/2.0,default,,429,,tls1.3,https://airportgap.com/api/airports/JFK,,
http_req_receiving,1784003741,0.641800,,,1429,false,,GET,https://airportgap.com/api/airports/JFK,HTTP/2.0,default,,429,,tls1.3,https://airportgap.com/api/airports/JFK,,
http_req_failed,1784003741,1.000000,,,1429,false,,GET,https://airportgap.com/api/airports/JFK,HTTP/2.0,default,,429,,tls1.3,https://airportgap.com/api/airports/JFK,,
checks,1784003741,0.000000,JFK status 200,,,,,,,,default,,,,,,,
http_reqs,1784003741,1.000000,,,1429,false,,GET,https://airportgap.com/api/airports/JFK,HTTP/2.0,default,,429,,tls1.3,https://airportgap.com/api/airports/JFK,,
http_req_duration,1784003741,204.269000,,,1429,false,,GET,https://airportgap.com/api/airports/JFK,HTTP/2.0,default,,429,,tls1.3,https://airportgap.com/api/airports/JFK,,
http_req_blocked,1784003741,0.000000,,,1429,false,,GET,https://airportgap.com/api/airports/JFK,HTTP/2.0,default,,429,,tls1.3,https://airportgap.com/api/airports/JFK,,
http_req_connecting,1784003741,0.000000,,,1429,false,,GET,https://airportgap.com/api/airports/JFK,HTTP/2.0,default,,429,,tls1.3,https://airportgap.com/api/airports/JFK,,
http_req_tls_handshaking,1784003741,0.000000,,,1429,false,,GET,https://airportgap.com/api/airports/JFK,HTTP/2.0,default,,429,,tls1.3,https://airportgap.com/api/airports/JFK,,
http_req_sending,1784003741,0.000000,,,1429,false,,GET,https://airportgap.com/api/airports/JFK,HTTP/2.0,default,,429,,tls1.3,https://airportgap.com/api/airports/JFK,,
http_req_waiting,1784003741,204.269000,,,1429,false,,GET,https://airportgap.com/api/airports/JFK,HTTP/2.0,default,,429,,tls1.3,https://airportgap.com/api/airports/JFK,,
http_req_receiving,1784003741,0.000000,,,1429,false,,GET,https://airportgap.com/api/airports/JFK,HTTP/2.0,default,,429,,tls1.3,https://airportgap.com/api/airports/JFK,,
http_req_failed,1784003741,1.000000,,,1429,false,,GET,https://airportgap.com/api/airports/JFK,HTTP/2.0,default,,429,,tls1.3,https://airportgap.com/api/airports/JFK,,
checks,1784003741,0.000000,JFK status 200,,,,,,,,default,,,,,,,
http_reqs,1784003741,1.000000,,,1429,false,,GET,https://airportgap.com/api/airports/JFK,HTTP/2.0,default,,429,,tls1.3,https://airportgap.com/api/airports/JFK,,
http_req_duration,1784003741,204.444300,,,1429,false,,GET,https://airportgap.com/api/airports/JFK,HTTP/2.0,default,,429,,tls1.3,https://airportgap.com/api/airports/JFK,,
http_req_blocked,1784003741,0.000000,,,1429,false,,GET,https://airportgap.com/api/airports/JFK,HTTP/2.0,default,,429,,tls1.3,https://airportgap.com/api/airports/JFK,,
http_req_connecting,1784003741,0.000000,,,1429,false,,GET,https://airportgap.com/api/airports/JFK,HTTP/2.0,default,,429,,tls1.3,https://airportgap.com/api/airports/JFK,,
http_req_tls_handshaking,1784003741,0.000000,,,1429,false,,GET,https://airportgap.com/api/airports/JFK,HTTP/2.0,default,,429,,tls1.3,https://airportgap.com/api/airports/JFK,,
http_req_sending,1784003741,0.000000,,,1429,false,,GET,https://airportgap.com/api/airports/JFK,HTTP/2.0,default,,429,,tls1.3,https://airportgap.com/api/airports/JFK,,
http_req_waiting,1784003741,203.747400,,,1429,false,,GET,https://airportgap.com/api/airports/JFK,HTTP/2.0,default,,429,,tls1.3,https://airportgap.com/api/airports/JFK,,
http_req_receiving,1784003741,0.696900,,,1429,false,,GET,https://airportgap.com/api/airports/JFK,HTTP/2.0,default,,429,,tls1.3,https://airportgap.com/api/airports/JFK,,
http_req_failed,1784003741,1.000000,,,1429,false,,GET,https://airportgap.com/api/airports/JFK,HTTP/2.0,default,,429,,tls1.3,https://airportgap.com/api/airports/JFK,,
http_reqs,1784003741,1.000000,,,1429,false,,GET,https://airportgap.com/api/airports/JFK,HTTP/2.0,default,,429,,tls1.3,https://airportgap.com/api/airports/JFK,,
http_req_duration,1784003741,204.965900,,,1429,false,,GET,https://airportgap.com/api/airports/JFK,HTTP/2.0,default,,429,,tls1.3,https://airportgap.com/api/airports/JFK,,
http_req_blocked,1784003741,0.000000,,,1429,false,,GET,https://airportgap.com/api/airports/JFK,HTTP/2.0,default,,429,,tls1.3,https://airportgap.com/api/airports/JFK,,
http_req_connecting,1784003741,0.000000,,,1429,false,,GET,https://airportgap.com/api/airports/JFK,HTTP/2.0,default,,429,,tls1.3,https://airportgap.com/api/airports/JFK,,
http_req_tls_handshaking,1784003741,0.000000,,,1429,false,,GET,https://airportgap.com/api/airports/JFK,HTTP/2.0,default,,429,,tls1.3,https://airportgap.com/api/airports/JFK,,
http_req_sending,1784003741,0.000000,,,1429,false,,GET,https://airportgap.com/api/airports/JFK,HTTP/2.0,default,,429,,tls1.3,https://airportgap.com/api/airports/JFK,,
http_req_waiting,1784003741,204.269000,,,1429,false,,GET,https://airportgap.com/api/airports/JFK,HTTP/2.0,default,,429,,tls1.3,https://airportgap.com/api/airports/JFK,,
http_req_receiving,1784003741,0.696900,,,1429,false,,GET,https://airportgap.com/api/airports/JFK,HTTP/2.0,default,,429,,tls1.3,https://airportgap.com/api/airports/JFK,,
http_req_failed,1784003741,1.000000,,,1429,false,,GET,https://airportgap.com/api/airports/JFK,HTTP/2.0,default,,429,,tls1.3,https://airportgap.com/api/airports/JFK,,
checks,1784003741,0.000000,JFK status 200,,,,,,,,default,,,,,,,
http_reqs,1784003741,1.000000,,,1429,false,,GET,https://airportgap.com/api/airports/JFK,HTTP/2.0,default,,429,,tls1.3,https://airportgap.com/api/airports/JFK,,
http_req_duration,1784003741,204.965900,,,1429,false,,GET,https://airportgap.com/api/airports/JFK,HTTP/2.0,default,,429,,tls1.3,https://airportgap.com/api/airports/JFK,,
http_req_blocked,1784003741,0.000000,,,1429,false,,GET,https://airportgap.com/api/airports/JFK,HTTP/2.0,default,,429,,tls1.3,https://airportgap.com/api/airports/JFK,,
http_req_connecting,1784003741,0.000000,,,1429,false,,GET,https://airportgap.com/api/airports/JFK,HTTP/2.0,default,,429,,tls1.3,https://airportgap.com/api/airports/JFK,,
http_req_tls_handshaking,1784003741,0.000000,,,1429,false,,GET,https://airportgap.com/api/airports/JFK,HTTP/2.0,default,,429,,tls1.3,https://airportgap.com/api/airports/JFK,,
http_req_sending,1784003741,0.000000,,,1429,false,,GET,https://airportgap.com/api/airports/JFK,HTTP/2.0,default,,429,,tls1.3,https://airportgap.com/api/airports/JFK,,
http_req_waiting,1784003741,204.965900,,,1429,false,,GET,https://airportgap.com/api/airports/JFK,HTTP/2.0,default,,429,,tls1.3,https://airportgap.com/api/airports/JFK,,
http_req_receiving,1784003741,0.000000,,,1429,false,,GET,https://airportgap.com/api/airports/JFK,HTTP/2.0,default,,429,,tls1.3,https://airportgap.com/api/airports/JFK,,
http_req_failed,1784003741,1.000000,,,1429,false,,GET,https://airportgap.com/api/airports/JFK,HTTP/2.0,default,,429,,tls1.3,https://airportgap.com/api/airports/JFK,,
http_reqs,1784003741,1.000000,,,1429,false,,GET,https://airportgap.com/api/airports/JFK,HTTP/2.0,default,,429,,tls1.3,https://airportgap.com/api/airports/JFK,,
http_req_duration,1784003741,203.195000,,,1429,false,,GET,https://airportgap.com/api/airports/JFK,HTTP/2.0,default,,429,,tls1.3,https://airportgap.com/api/airports/JFK,,
http_req_blocked,1784003741,0.000000,,,1429,false,,GET,https://airportgap.com/api/airports/JFK,HTTP/2.0,default,,429,,tls1.3,https://airportgap.com/api/airports/JFK,,
http_req_connecting,1784003741,0.000000,,,1429,false,,GET,https://airportgap.com/api/airports/JFK,HTTP/2.0,default,,429,,tls1.3,https://airportgap.com/api/airports/JFK,,
http_req_tls_handshaking,1784003741,0.000000,,,1429,false,,GET,https://airportgap.com/api/airports/JFK,HTTP/2.0,default,,429,,tls1.3,https://airportgap.com/api/airports/JFK,,
http_req_sending,1784003741,0.000000,,,1429,false,,GET,https://airportgap.com/api/airports/JFK,HTTP/2.0,default,,429,,tls1.3,https://airportgap.com/api/airports/JFK,,
http_req_waiting,1784003741,203.195000,,,1429,false,,GET,https://airportgap.com/api/airports/JFK,HTTP/2.0,default,,429,,tls1.3,https://airportgap.com/api/airports/JFK,,
http_req_receiving,1784003741,0.000000,,,1429,false,,GET,https://airportgap.com/api/airports/JFK,HTTP/2.0,default,,429,,tls1.3,https://airportgap.com/api/airports/JFK,,
http_req_failed,1784003741,1.000000,,,1429,false,,GET,https://airportgap.com/api/airports/JFK,HTTP/2.0,default,,429,,tls1.3,https://airportgap.com/api/airports/JFK,,
checks,1784003741,0.000000,JFK status 200,,,,,,,,default,,,,,,,
http_reqs,1784003741,1.000000,,,1429,false,,GET,https://airportgap.com/api/airports/JFK,HTTP/2.0,default,,429,,tls1.3,https://airportgap.com/api/airports/JFK,,
http_req_duration,1784003741,205.592300,,,1429,false,,GET,https://airportgap.com/api/airports/JFK,HTTP/2.0,default,,429,,tls1.3,https://airportgap.com/api/airports/JFK,,
http_req_blocked,1784003741,0.000000,,,1429,false,,GET,https://airportgap.com/api/airports/JFK,HTTP/2.0,default,,429,,tls1.3,https://airportgap.com/api/airports/JFK,,
http_req_connecting,1784003741,0.000000,,,1429,false,,GET,https://airportgap.com/api/airports/JFK,HTTP/2.0,default,,429,,tls1.3,https://airportgap.com/api/airports/JFK,,
http_req_tls_handshaking,1784003741,0.000000,,,1429,false,,GET,https://airportgap.com/api/airports/JFK,HTTP/2.0,default,,429,,tls1.3,https://airportgap.com/api/airports/JFK,,
http_req_sending,1784003741,0.000000,,,1429,false,,GET,https://airportgap.com/api/airports/JFK,HTTP/2.0,default,,429,,tls1.3,https://airportgap.com/api/airports/JFK,,
http_req_waiting,1784003741,205.592300,,,1429,false,,GET,https://airportgap.com/api/airports/JFK,HTTP/2.0,default,,429,,tls1.3,https://airportgap.com/api/airports/JFK,,
http_req_receiving,1784003741,0.000000,,,1429,false,,GET,https://airportgap.com/api/airports/JFK,HTTP/2.0,default,,429,,tls1.3,https://airportgap.com/api/airports/JFK,,
http_req_failed,1784003741,1.000000,,,1429,false,,GET,https://airportgap.com/api/airports/JFK,HTTP/2.0,default,,429,,tls1.3,https://airportgap.com/api/airports/JFK,,
checks,1784003741,0.000000,JFK status 200,,,,,,,,default,,,,,,,
checks,1784003741,0.000000,JFK status 200,,,,,,,,default,,,,,,,
checks,1784003741,0.000000,JFK status 200,,,,,,,,default,,,,,,,
http_reqs,1784003741,1.000000,,,1429,false,,GET,https://airportgap.com/api/airports/JFK,HTTP/2.0,default,,429,,tls1.3,https://airportgap.com/api/airports/JFK,,
http_req_duration,1784003741,206.043500,,,1429,false,,GET,https://airportgap.com/api/airports/JFK,HTTP/2.0,default,,429,,tls1.3,https://airportgap.com/api/airports/JFK,,
http_req_blocked,1784003741,0.000000,,,1429,false,,GET,https://airportgap.com/api/airports/JFK,HTTP/2.0,default,,429,,tls1.3,https://airportgap.com/api/airports/JFK,,
http_req_connecting,1784003741,0.000000,,,1429,false,,GET,https://airportgap.com/api/airports/JFK,HTTP/2.0,default,,429,,tls1.3,https://airportgap.com/api/airports/JFK,,
http_req_tls_handshaking,1784003741,0.000000,,,1429,false,,GET,https://airportgap.com/api/airports/JFK,HTTP/2.0,default,,429,,tls1.3,https://airportgap.com/api/airports/JFK,,
http_req_sending,1784003741,0.626400,,,1429,false,,GET,https://airportgap.com/api/airports/JFK,HTTP/2.0,default,,429,,tls1.3,https://airportgap.com/api/airports/JFK,,
http_req_waiting,1784003741,204.965900,,,1429,false,,GET,https://airportgap.com/api/airports/JFK,HTTP/2.0,default,,429,,tls1.3,https://airportgap.com/api/airports/JFK,,
http_req_receiving,1784003741,0.451200,,,1429,false,,GET,https://airportgap.com/api/airports/JFK,HTTP/2.0,default,,429,,tls1.3,https://airportgap.com/api/airports/JFK,,
http_req_failed,1784003741,1.000000,,,1429,false,,GET,https://airportgap.com/api/airports/JFK,HTTP/2.0,default,,429,,tls1.3,https://airportgap.com/api/airports/JFK,,
checks,1784003741,0.000000,JFK status 200,,,,,,,,default,,,,,,,
vus,1784003741,10.000000,,,,,,,,,,,,,,,,
vus_max,1784003741,10.000000,,,,,,,,,,,,,,,,
data_sent,1784003741,72.000000,,,,,,,,,default,,,,,,,
data_received,1784003741,262.000000,,,,,,,,,default,,,,,,,
iteration_duration,1784003741,1434.320900,,,,,,,,,default,,,,,,,
iterations,1784003741,1.000000,,,,,,,,,default,,,,,,,
data_sent,1784003742,72.000000,,,,,,,,,default,,,,,,,
data_received,1784003742,286.000000,,,,,,,,,default,,,,,,,
iteration_duration,1784003742,1432.828200,,,,,,,,,default,,,,,,,
iterations,1784003742,1.000000,,,,,,,,,default,,,,,,,
http_reqs,1784003742,1.000000,,,1429,false,,GET,https://airportgap.com/api/airports,HTTP/2.0,default,,429,,tls1.3,https://airportgap.com/api/airports,,
http_req_duration,1784003742,228.305700,,,1429,false,,GET,https://airportgap.com/api/airports,HTTP/2.0,default,,429,,tls1.3,https://airportgap.com/api/airports,,
http_req_blocked,1784003742,0.000000,,,1429,false,,GET,https://airportgap.com/api/airports,HTTP/2.0,default,,429,,tls1.3,https://airportgap.com/api/airports,,
http_req_connecting,1784003742,0.000000,,,1429,false,,GET,https://airportgap.com/api/airports,HTTP/2.0,default,,429,,tls1.3,https://airportgap.com/api/airports,,
http_req_tls_handshaking,1784003742,0.000000,,,1429,false,,GET,https://airportgap.com/api/airports,HTTP/2.0,default,,429,,tls1.3,https://airportgap.com/api/airports,,
http_req_sending,1784003742,0.392200,,,1429,false,,GET,https://airportgap.com/api/airports,HTTP/2.0,default,,429,,tls1.3,https://airportgap.com/api/airports,,
http_req_waiting,1784003742,226.280200,,,1429,false,,GET,https://airportgap.com/api/airports,HTTP/2.0,default,,429,,tls1.3,https://airportgap.com/api/airports,,
http_req_receiving,1784003742,1.633300,,,1429,false,,GET,https://airportgap.com/api/airports,HTTP/2.0,default,,429,,tls1.3,https://airportgap.com/api/airports,,
http_req_failed,1784003742,1.000000,,,1429,false,,GET,https://airportgap.com/api/airports,HTTP/2.0,default,,429,,tls1.3,https://airportgap.com/api/airports,,
checks,1784003742,0.000000,status 200,,,,,,,,default,,,,,,,
checks,1784003742,1.000000,menos de 1000ms,,,,,,,,default,,,,,,,
data_sent,1784003742,72.000000,,,,,,,,,default,,,,,,,
data_received,1784003742,263.000000,,,,,,,,,default,,,,,,,
iteration_duration,1784003742,1432.451000,,,,,,,,,default,,,,,,,
iterations,1784003742,1.000000,,,,,,,,,default,,,,,,,
data_sent,1784003742,72.000000,,,,,,,,,default,,,,,,,
data_received,1784003742,263.000000,,,,,,,,,default,,,,,,,
iteration_duration,1784003742,1432.798000,,,,,,,,,default,,,,,,,
iterations,1784003742,1.000000,,,,,,,,,default,,,,,,,
data_sent,1784003742,72.000000,,,,,,,,,default,,,,,,,
data_received,1784003742,254.000000,,,,,,,,,default,,,,,,,
iteration_duration,1784003742,1434.713500,,,,,,,,,default,,,,,,,
iterations,1784003742,1.000000,,,,,,,,,default,,,,,,,
data_sent,1784003742,72.000000,,,,,,,,,default,,,,,,,
data_received,1784003742,264.000000,,,,,,,,,default,,,,,,,
iteration_duration,1784003742,1434.713500,,,,,,,,,default,,,,,,,
iterations,1784003742,1.000000,,,,,,,,,default,,,,,,,
data_sent,1784003742,72.000000,,,,,,,,,default,,,,,,,
data_received,1784003742,263.000000,,,,,,,,,default,,,,,,,
iteration_duration,1784003742,1434.713500,,,,,,,,,default,,,,,,,
iterations,1784003742,1.000000,,,,,,,,,default,,,,,,,
data_sent,1784003742,72.000000,,,,,,,,,default,,,,,,,
data_received,1784003742,263.000000,,,,,,,,,default,,,,,,,
iteration_duration,1784003742,1434.713500,,,,,,,,,default,,,,,,,
iterations,1784003742,1.000000,,,,,,,,,default,,,,,,,
data_sent,1784003742,72.000000,,,,,,,,,default,,,,,,,
data_received,1784003742,263.000000,,,,,,,,,default,,,,,,,
iteration_duration,1784003742,1435.060500,,,,,,,,,default,,,,,,,
iterations,1784003742,1.000000,,,,,,,,,default,,,,,,,
data_sent,1784003742,72.000000,,,,,,,,,default,,,,,,,
data_received,1784003742,262.000000,,,,,,,,,default,,,,,,,
iteration_duration,1784003742,1435.060500,,,,,,,,,default,,,,,,,
iterations,1784003742,1.000000,,,,,,,,,default,,,,,,,
http_reqs,1784003742,1.000000,,,1429,false,,GET,https://airportgap.com/api/airports,HTTP/2.0,default,,429,,tls1.3,https://airportgap.com/api/airports,,
http_req_duration,1784003742,342.968700,,,1429,false,,GET,https://airportgap.com/api/airports,HTTP/2.0,default,,429,,tls1.3,https://airportgap.com/api/airports,,
http_req_blocked,1784003742,0.000000,,,1429,false,,GET,https://airportgap.com/api/airports,HTTP/2.0,default,,429,,tls1.3,https://airportgap.com/api/airports,,
http_req_connecting,1784003742,0.000000,,,1429,false,,GET,https://airportgap.com/api/airports,HTTP/2.0,default,,429,,tls1.3,https://airportgap.com/api/airports,,
http_req_tls_handshaking,1784003742,0.000000,,,1429,false,,GET,https://airportgap.com/api/airports,HTTP/2.0,default,,429,,tls1.3,https://airportgap.com/api/airports,,
http_req_sending,1784003742,0.336600,,,1429,false,,GET,https://airportgap.com/api/airports,HTTP/2.0,default,,429,,tls1.3,https://airportgap.com/api/airports,,
http_req_waiting,1784003742,342.179500,,,1429,false,,GET,https://airportgap.com/api/airports,HTTP/2.0,default,,429,,tls1.3,https://airportgap.com/api/airports,,
http_req_receiving,1784003742,0.452600,,,1429,false,,GET,https://airportgap.com/api/airports,HTTP/2.0,default,,429,,tls1.3,https://airportgap.com/api/airports,,
http_req_failed,1784003742,1.000000,,,1429,false,,GET,https://airportgap.com/api/airports,HTTP/2.0,default,,429,,tls1.3,https://airportgap.com/api/airports,,
checks,1784003742,0.000000,status 200,,,,,,,,default,,,,,,,
checks,1784003742,1.000000,menos de 1000ms,,,,,,,,default,,,,,,,
http_reqs,1784003742,1.000000,,,1429,false,,GET,https://airportgap.com/api/airports/JFK,HTTP/2.0,default,,429,,tls1.3,https://airportgap.com/api/airports/JFK,,
http_req_duration,1784003742,330.632000,,,1429,false,,GET,https://airportgap.com/api/airports/JFK,HTTP/2.0,default,,429,,tls1.3,https://airportgap.com/api/airports/JFK,,
http_req_blocked,1784003742,0.000000,,,1429,false,,GET,https://airportgap.com/api/airports/JFK,HTTP/2.0,default,,429,,tls1.3,https://airportgap.com/api/airports/JFK,,
http_req_connecting,1784003742,0.000000,,,1429,false,,GET,https://airportgap.com/api/airports/JFK,HTTP/2.0,default,,429,,tls1.3,https://airportgap.com/api/airports/JFK,,
http_req_tls_handshaking,1784003742,0.000000,,,1429,false,,GET,https://airportgap.com/api/airports/JFK,HTTP/2.0,default,,429,,tls1.3,https://airportgap.com/api/airports/JFK,,
http_req_sending,1784003742,0.000000,,,1429,false,,GET,https://airportgap.com/api/airports/JFK,HTTP/2.0,default,,429,,tls1.3,https://airportgap.com/api/airports/JFK,,
http_req_waiting,1784003742,330.632000,,,1429,false,,GET,https://airportgap.com/api/airports/JFK,HTTP/2.0,default,,429,,tls1.3,https://airportgap.com/api/airports/JFK,,
http_req_receiving,1784003742,0.000000,,,1429,false,,GET,https://airportgap.com/api/airports/JFK,HTTP/2.0,default,,429,,tls1.3,https://airportgap.com/api/airports/JFK,,
http_req_failed,1784003742,1.000000,,,1429,false,,GET,https://airportgap.com/api/airports/JFK,HTTP/2.0,default,,429,,tls1.3,https://airportgap.com/api/airports/JFK,,
checks,1784003742,0.000000,JFK status 200,,,,,,,,default,,,,,,,
http_reqs,1784003742,1.000000,,,1429,false,,GET,https://airportgap.com/api/airports,HTTP/2.0,default,,429,,tls1.3,https://airportgap.com/api/airports,,
http_req_duration,1784003742,227.522500,,,1429,false,,GET,https://airportgap.com/api/airports,HTTP/2.0,default,,429,,tls1.3,https://airportgap.com/api/airports,,
http_req_blocked,1784003742,0.000000,,,1429,false,,GET,https://airportgap.com/api/airports,HTTP/2.0,default,,429,,tls1.3,https://airportgap.com/api/airports,,
http_req_connecting,1784003742,0.000000,,,1429,false,,GET,https://airportgap.com/api/airports,HTTP/2.0,default,,429,,tls1.3,https://airportgap.com/api/airports,,
http_req_tls_handshaking,1784003742,0.000000,,,1429,false,,GET,https://airportgap.com/api/airports,HTTP/2.0,default,,429,,tls1.3,https://airportgap.com/api/airports,,
http_req_sending,1784003742,0.000000,,,1429,false,,GET,https://airportgap.com/api/airports,HTTP/2.0,default,,429,,tls1.3,https://airportgap.com/api/airports,,
http_req_waiting,1784003742,227.522500,,,1429,false,,GET,https://airportgap.com/api/airports,HTTP/2.0,default,,429,,tls1.3,https://airportgap.com/api/airports,,
http_req_receiving,1784003742,0.000000,,,1429,false,,GET,https://airportgap.com/api/airports,HTTP/2.0,default,,429,,tls1.3,https://airportgap.com/api/airports,,
http_req_failed,1784003742,1.000000,,,1429,false,,GET,https://airportgap.com/api/airports,HTTP/2.0,default,,429,,tls1.3,https://airportgap.com/api/airports,,
checks,1784003742,0.000000,status 200,,,,,,,,default,,,,,,,
checks,1784003742,1.000000,menos de 1000ms,,,,,,,,default,,,,,,,
http_reqs,1784003742,1.000000,,,1429,false,,GET,https://airportgap.com/api/airports,HTTP/2.0,default,,429,,tls1.3,https://airportgap.com/api/airports,,
http_req_duration,1784003742,226.430900,,,1429,false,,GET,https://airportgap.com/api/airports,HTTP/2.0,default,,429,,tls1.3,https://airportgap.com/api/airports,,
http_req_blocked,1784003742,0.000000,,,1429,false,,GET,https://airportgap.com/api/airports,HTTP/2.0,default,,429,,tls1.3,https://airportgap.com/api/airports,,
http_req_connecting,1784003742,0.000000,,,1429,false,,GET,https://airportgap.com/api/airports,HTTP/2.0,default,,429,,tls1.3,https://airportgap.com/api/airports,,
http_req_tls_handshaking,1784003742,0.000000,,,1429,false,,GET,https://airportgap.com/api/airports,HTTP/2.0,default,,429,,tls1.3,https://airportgap.com/api/airports,,
http_req_sending,1784003742,0.000000,,,1429,false,,GET,https://airportgap.com/api/airports,HTTP/2.0,default,,429,,tls1.3,https://airportgap.com/api/airports,,
http_req_waiting,1784003742,226.430900,,,1429,false,,GET,https://airportgap.com/api/airports,HTTP/2.0,default,,429,,tls1.3,https://airportgap.com/api/airports,,
http_req_receiving,1784003742,0.000000,,,1429,false,,GET,https://airportgap.com/api/airports,HTTP/2.0,default,,429,,tls1.3,https://airportgap.com/api/airports,,
http_req_failed,1784003742,1.000000,,,1429,false,,GET,https://airportgap.com/api/airports,HTTP/2.0,default,,429,,tls1.3,https://airportgap.com/api/airports,,
checks,1784003742,0.000000,status 200,,,,,,,,default,,,,,,,
checks,1784003742,1.000000,menos de 1000ms,,,,,,,,default,,,,,,,
http_reqs,1784003742,1.000000,,,1429,false,,GET,https://airportgap.com/api/airports,HTTP/2.0,default,,429,,tls1.3,https://airportgap.com/api/airports,,
http_req_duration,1784003742,226.860700,,,1429,false,,GET,https://airportgap.com/api/airports,HTTP/2.0,default,,429,,tls1.3,https://airportgap.com/api/airports,,
http_req_blocked,1784003742,0.000000,,,1429,false,,GET,https://airportgap.com/api/airports,HTTP/2.0,default,,429,,tls1.3,https://airportgap.com/api/airports,,
http_req_connecting,1784003742,0.000000,,,1429,false,,GET,https://airportgap.com/api/airports,HTTP/2.0,default,,429,,tls1.3,https://airportgap.com/api/airports,,
http_req_tls_handshaking,1784003742,0.000000,,,1429,false,,GET,https://airportgap.com/api/airports,HTTP/2.0,default,,429,,tls1.3,https://airportgap.com/api/airports,,
http_req_sending,1784003742,0.000000,,,1429,false,,GET,https://airportgap.com/api/airports,HTTP/2.0,default,,429,,tls1.3,https://airportgap.com/api/airports,,
http_req_waiting,1784003742,226.430900,,,1429,false,,GET,https://airportgap.com/api/airports,HTTP/2.0,default,,429,,tls1.3,https://airportgap.com/api/airports,,
http_req_receiving,1784003742,0.429800,,,1429,false,,GET,https://airportgap.com/api/airports,HTTP/2.0,default,,429,,tls1.3,https://airportgap.com/api/airports,,
http_req_failed,1784003742,1.000000,,,1429,false,,GET,https://airportgap.com/api/airports,HTTP/2.0,default,,429,,tls1.3,https://airportgap.com/api/airports,,
checks,1784003742,0.000000,status 200,,,,,,,,default,,,,,,,
checks,1784003742,1.000000,menos de 1000ms,,,,,,,,default,,,,,,,
http_reqs,1784003742,1.000000,,,1429,false,,GET,https://airportgap.com/api/airports,HTTP/2.0,default,,429,,tls1.3,https://airportgap.com/api/airports,,
http_req_duration,1784003742,226.860700,,,1429,false,,GET,https://airportgap.com/api/airports,HTTP/2.0,default,,429,,tls1.3,https://airportgap.com/api/airports,,
http_req_blocked,1784003742,0.000000,,,1429,false,,GET,https://airportgap.com/api/airports,HTTP/2.0,default,,429,,tls1.3,https://airportgap.com/api/airports,,
http_req_connecting,1784003742,0.000000,,,1429,false,,GET,https://airportgap.com/api/airports,HTTP/2.0,default,,429,,tls1.3,https://airportgap.com/api/airports,,
http_req_tls_handshaking,1784003742,0.000000,,,1429,false,,GET,https://airportgap.com/api/airports,HTTP/2.0,default,,429,,tls1.3,https://airportgap.com/api/airports,,
http_req_sending,1784003742,0.932400,,,1429,false,,GET,https://airportgap.com/api/airports,HTTP/2.0,default,,429,,tls1.3,https://airportgap.com/api/airports,,
http_req_waiting,1784003742,225.928300,,,1429,false,,GET,https://airportgap.com/api/airports,HTTP/2.0,default,,429,,tls1.3,https://airportgap.com/api/airports,,
http_req_receiving,1784003742,0.000000,,,1429,false,,GET,https://airportgap.com/api/airports,HTTP/2.0,default,,429,,tls1.3,https://airportgap.com/api/airports,,
http_req_failed,1784003742,1.000000,,,1429,false,,GET,https://airportgap.com/api/airports,HTTP/2.0,default,,429,,tls1.3,https://airportgap.com/api/airports,,
checks,1784003742,0.000000,status 200,,,,,,,,default,,,,,,,
checks,1784003742,1.000000,menos de 1000ms,,,,,,,,default,,,,,,,
http_reqs,1784003742,1.000000,,,1429,false,,GET,https://airportgap.com/api/airports,HTTP/2.0,default,,429,,tls1.3,https://airportgap.com/api/airports,,
http_req_duration,1784003742,226.860700,,,1429,false,,GET,https://airportgap.com/api/airports,HTTP/2.0,default,,429,,tls1.3,https://airportgap.com/api/airports,,
http_req_blocked,1784003742,0.000000,,,1429,false,,GET,https://airportgap.com/api/airports,HTTP/2.0,default,,429,,tls1.3,https://airportgap.com/api/airports,,
http_req_connecting,1784003742,0.000000,,,1429,false,,GET,https://airportgap.com/api/airports,HTTP/2.0,default,,429,,tls1.3,https://airportgap.com/api/airports,,
http_req_tls_handshaking,1784003742,0.000000,,,1429,false,,GET,https://airportgap.com/api/airports,HTTP/2.0,default,,429,,tls1.3,https://airportgap.com/api/airports,,
http_req_sending,1784003742,0.000000,,,1429,false,,GET,https://airportgap.com/api/airports,HTTP/2.0,default,,429,,tls1.3,https://airportgap.com/api/airports,,
http_req_waiting,1784003742,226.860700,,,1429,false,,GET,https://airportgap.com/api/airports,HTTP/2.0,default,,429,,tls1.3,https://airportgap.com/api/airports,,
http_req_receiving,1784003742,0.000000,,,1429,false,,GET,https://airportgap.com/api/airports,HTTP/2.0,default,,429,,tls1.3,https://airportgap.com/api/airports,,
http_req_failed,1784003742,1.000000,,,1429,false,,GET,https://airportgap.com/api/airports,HTTP/2.0,default,,429,,tls1.3,https://airportgap.com/api/airports,,
checks,1784003742,0.000000,status 200,,,,,,,,default,,,,,,,
http_reqs,1784003742,1.000000,,,1429,false,,GET,https://airportgap.com/api/airports,HTTP/2.0,default,,429,,tls1.3,https://airportgap.com/api/airports,,
http_req_duration,1784003742,226.860700,,,1429,false,,GET,https://airportgap.com/api/airports,HTTP/2.0,default,,429,,tls1.3,https://airportgap.com/api/airports,,
http_req_blocked,1784003742,0.000000,,,1429,false,,GET,https://airportgap.com/api/airports,HTTP/2.0,default,,429,,tls1.3,https://airportgap.com/api/airports,,
http_req_connecting,1784003742,0.000000,,,1429,false,,GET,https://airportgap.com/api/airports,HTTP/2.0,default,,429,,tls1.3,https://airportgap.com/api/airports,,
http_req_tls_handshaking,1784003742,0.000000,,,1429,false,,GET,https://airportgap.com/api/airports,HTTP/2.0,default,,429,,tls1.3,https://airportgap.com/api/airports,,
http_req_sending,1784003742,0.000000,,,1429,false,,GET,https://airportgap.com/api/airports,HTTP/2.0,default,,429,,tls1.3,https://airportgap.com/api/airports,,
http_req_waiting,1784003742,226.860700,,,1429,false,,GET,https://airportgap.com/api/airports,HTTP/2.0,default,,429,,tls1.3,https://airportgap.com/api/airports,,
http_req_receiving,1784003742,0.000000,,,1429,false,,GET,https://airportgap.com/api/airports,HTTP/2.0,default,,429,,tls1.3,https://airportgap.com/api/airports,,
http_req_failed,1784003742,1.000000,,,1429,false,,GET,https://airportgap.com/api/airports,HTTP/2.0,default,,429,,tls1.3,https://airportgap.com/api/airports,,
checks,1784003742,1.000000,menos de 1000ms,,,,,,,,default,,,,,,,
checks,1784003742,0.000000,status 200,,,,,,,,default,,,,,,,
http_reqs,1784003742,1.000000,,,1429,false,,GET,https://airportgap.com/api/airports,HTTP/2.0,default,,429,,tls1.3,https://airportgap.com/api/airports,,
http_req_duration,1784003742,229.123200,,,1429,false,,GET,https://airportgap.com/api/airports,HTTP/2.0,default,,429,,tls1.3,https://airportgap.com/api/airports,,
http_req_blocked,1784003742,0.000000,,,1429,false,,GET,https://airportgap.com/api/airports,HTTP/2.0,default,,429,,tls1.3,https://airportgap.com/api/airports,,
http_req_connecting,1784003742,0.000000,,,1429,false,,GET,https://airportgap.com/api/airports,HTTP/2.0,default,,429,,tls1.3,https://airportgap.com/api/airports,,
http_req_tls_handshaking,1784003742,0.000000,,,1429,false,,GET,https://airportgap.com/api/airports,HTTP/2.0,default,,429,,tls1.3,https://airportgap.com/api/airports,,
http_req_sending,1784003742,0.547500,,,1429,false,,GET,https://airportgap.com/api/airports,HTTP/2.0,default,,429,,tls1.3,https://airportgap.com/api/airports,,
http_req_waiting,1784003742,228.575700,,,1429,false,,GET,https://airportgap.com/api/airports,HTTP/2.0,default,,429,,tls1.3,https://airportgap.com/api/airports,,
http_req_receiving,1784003742,0.000000,,,1429,false,,GET,https://airportgap.com/api/airports,HTTP/2.0,default,,429,,tls1.3,https://airportgap.com/api/airports,,
http_req_failed,1784003742,1.000000,,,1429,false,,GET,https://airportgap.com/api/airports,HTTP/2.0,default,,429,,tls1.3,https://airportgap.com/api/airports,,
checks,1784003742,1.000000,menos de 1000ms,,,,,,,,default,,,,,,,
checks,1784003742,0.000000,status 200,,,,,,,,default,,,,,,,
checks,1784003742,1.000000,menos de 1000ms,,,,,,,,default,,,,,,,
http_reqs,1784003742,1.000000,,,1429,false,,GET,https://airportgap.com/api/airports,HTTP/2.0,default,,429,,tls1.3,https://airportgap.com/api/airports,,
http_req_duration,1784003742,225.928300,,,1429,false,,GET,https://airportgap.com/api/airports,HTTP/2.0,default,,429,,tls1.3,https://airportgap.com/api/airports,,
http_req_blocked,1784003742,0.000000,,,1429,false,,GET,https://airportgap.com/api/airports,HTTP/2.0,default,,429,,tls1.3,https://airportgap.com/api/airports,,
http_req_connecting,1784003742,0.000000,,,1429,false,,GET,https://airportgap.com/api/airports,HTTP/2.0,default,,429,,tls1.3,https://airportgap.com/api/airports,,
http_req_tls_handshaking,1784003742,0.000000,,,1429,false,,GET,https://airportgap.com/api/airports,HTTP/2.0,default,,429,,tls1.3,https://airportgap.com/api/airports,,
http_req_sending,1784003742,0.000000,,,1429,false,,GET,https://airportgap.com/api/airports,HTTP/2.0,default,,429,,tls1.3,https://airportgap.com/api/airports,,
http_req_waiting,1784003742,225.928300,,,1429,false,,GET,https://airportgap.com/api/airports,HTTP/2.0,default,,429,,tls1.3,https://airportgap.com/api/airports,,
http_req_receiving,1784003742,0.000000,,,1429,false,,GET,https://airportgap.com/api/airports,HTTP/2.0,default,,429,,tls1.3,https://airportgap.com/api/airports,,
http_req_failed,1784003742,1.000000,,,1429,false,,GET,https://airportgap.com/api/airports,HTTP/2.0,default,,429,,tls1.3,https://airportgap.com/api/airports,,
checks,1784003742,0.000000,status 200,,,,,,,,default,,,,,,,
checks,1784003742,1.000000,menos de 1000ms,,,,,,,,default,,,,,,,
http_reqs,1784003742,1.000000,,,1429,false,,GET,https://airportgap.com/api/airports/JFK,HTTP/2.0,default,,429,,tls1.3,https://airportgap.com/api/airports/JFK,,
http_req_duration,1784003742,194.526300,,,1429,false,,GET,https://airportgap.com/api/airports/JFK,HTTP/2.0,default,,429,,tls1.3,https://airportgap.com/api/airports/JFK,,
http_req_blocked,1784003742,0.000000,,,1429,false,,GET,https://airportgap.com/api/airports/JFK,HTTP/2.0,default,,429,,tls1.3,https://airportgap.com/api/airports/JFK,,
http_req_connecting,1784003742,0.000000,,,1429,false,,GET,https://airportgap.com/api/airports/JFK,HTTP/2.0,default,,429,,tls1.3,https://airportgap.com/api/airports/JFK,,
http_req_tls_handshaking,1784003742,0.000000,,,1429,false,,GET,https://airportgap.com/api/airports/JFK,HTTP/2.0,default,,429,,tls1.3,https://airportgap.com/api/airports/JFK,,
http_req_sending,1784003742,0.000000,,,1429,false,,GET,https://airportgap.com/api/airports/JFK,HTTP/2.0,default,,429,,tls1.3,https://airportgap.com/api/airports/JFK,,
http_req_waiting,1784003742,194.526300,,,1429,false,,GET,https://airportgap.com/api/airports/JFK,HTTP/2.0,default,,429,,tls1.3,https://airportgap.com/api/airports/JFK,,
http_req_receiving,1784003742,0.000000,,,1429,false,,GET,https://airportgap.com/api/airports/JFK,HTTP/2.0,default,,429,,tls1.3,https://airportgap.com/api/airports/JFK,,
http_req_failed,1784003742,1.000000,,,1429,false,,GET,https://airportgap.com/api/airports/JFK,HTTP/2.0,default,,429,,tls1.3,https://airportgap.com/api/airports/JFK,,
checks,1784003742,0.000000,JFK status 200,,,,,,,,default,,,,,,,
http_reqs,1784003742,1.000000,,,1429,false,,GET,https://airportgap.com/api/airports/JFK,HTTP/2.0,default,,429,,tls1.3,https://airportgap.com/api/airports/JFK,,
http_req_duration,1784003742,166.814000,,,1429,false,,GET,https://airportgap.com/api/airports/JFK,HTTP/2.0,default,,429,,tls1.3,https://airportgap.com/api/airports/JFK,,
http_req_blocked,1784003742,0.000000,,,1429,false,,GET,https://airportgap.com/api/airports/JFK,HTTP/2.0,default,,429,,tls1.3,https://airportgap.com/api/airports/JFK,,
http_req_connecting,1784003742,0.000000,,,1429,false,,GET,https://airportgap.com/api/airports/JFK,HTTP/2.0,default,,429,,tls1.3,https://airportgap.com/api/airports/JFK,,
http_req_tls_handshaking,1784003742,0.000000,,,1429,false,,GET,https://airportgap.com/api/airports/JFK,HTTP/2.0,default,,429,,tls1.3,https://airportgap.com/api/airports/JFK,,
http_req_sending,1784003742,0.000000,,,1429,false,,GET,https://airportgap.com/api/airports/JFK,HTTP/2.0,default,,429,,tls1.3,https://airportgap.com/api/airports/JFK,,
http_req_waiting,1784003742,166.814000,,,1429,false,,GET,https://airportgap.com/api/airports/JFK,HTTP/2.0,default,,429,,tls1.3,https://airportgap.com/api/airports/JFK,,
http_req_receiving,1784003742,0.000000,,,1429,false,,GET,https://airportgap.com/api/airports/JFK,HTTP/2.0,default,,429,,tls1.3,https://airportgap.com/api/airports/JFK,,
http_req_failed,1784003742,1.000000,,,1429,false,,GET,https://airportgap.com/api/airports/JFK,HTTP/2.0,default,,429,,tls1.3,https://airportgap.com/api/airports/JFK,,
http_reqs,1784003742,1.000000,,,1429,false,,GET,https://airportgap.com/api/airports/JFK,HTTP/2.0,default,,429,,tls1.3,https://airportgap.com/api/airports/JFK,,
http_req_duration,1784003742,166.814000,,,1429,false,,GET,https://airportgap.com/api/airports/JFK,HTTP/2.0,default,,429,,tls1.3,https://airportgap.com/api/airports/JFK,,
http_req_blocked,1784003742,0.000000,,,1429,false,,GET,https://airportgap.com/api/airports/JFK,HTTP/2.0,default,,429,,tls1.3,https://airportgap.com/api/airports/JFK,,
http_req_connecting,1784003742,0.000000,,,1429,false,,GET,https://airportgap.com/api/airports/JFK,HTTP/2.0,default,,429,,tls1.3,https://airportgap.com/api/airports/JFK,,
http_req_tls_handshaking,1784003742,0.000000,,,1429,false,,GET,https://airportgap.com/api/airports/JFK,HTTP/2.0,default,,429,,tls1.3,https://airportgap.com/api/airports/JFK,,
http_req_sending,1784003742,0.000000,,,1429,false,,GET,https://airportgap.com/api/airports/JFK,HTTP/2.0,default,,429,,tls1.3,https://airportgap.com/api/airports/JFK,,
http_req_waiting,1784003742,166.814000,,,1429,false,,GET,https://airportgap.com/api/airports/JFK,HTTP/2.0,default,,429,,tls1.3,https://airportgap.com/api/airports/JFK,,
http_req_receiving,1784003742,0.000000,,,1429,false,,GET,https://airportgap.com/api/airports/JFK,HTTP/2.0,default,,429,,tls1.3,https://airportgap.com/api/airports/JFK,,
http_req_failed,1784003742,1.000000,,,1429,false,,GET,https://airportgap.com/api/airports/JFK,HTTP/2.0,default,,429,,tls1.3,https://airportgap.com/api/airports/JFK,,
http_reqs,1784003742,1.000000,,,1429,false,,GET,https://airportgap.com/api/airports/JFK,HTTP/2.0,default,,429,,tls1.3,https://airportgap.com/api/airports/JFK,,
http_req_duration,1784003742,166.814000,,,1429,false,,GET,https://airportgap.com/api/airports/JFK,HTTP/2.0,default,,429,,tls1.3,https://airportgap.com/api/airports/JFK,,
http_req_blocked,1784003742,0.000000,,,1429,false,,GET,https://airportgap.com/api/airports/JFK,HTTP/2.0,default,,429,,tls1.3,https://airportgap.com/api/airports/JFK,,
http_req_connecting,1784003742,0.000000,,,1429,false,,GET,https://airportgap.com/api/airports/JFK,HTTP/2.0,default,,429,,tls1.3,https://airportgap.com/api/airports/JFK,,
http_req_tls_handshaking,1784003742,0.000000,,,1429,false,,GET,https://airportgap.com/api/airports/JFK,HTTP/2.0,default,,429,,tls1.3,https://airportgap.com/api/airports/JFK,,
http_req_sending,1784003742,0.000000,,,1429,false,,GET,https://airportgap.com/api/airports/JFK,HTTP/2.0,default,,429,,tls1.3,https://airportgap.com/api/airports/JFK,,
http_req_waiting,1784003742,166.814000,,,1429,false,,GET,https://airportgap.com/api/airports/JFK,HTTP/2.0,default,,429,,tls1.3,https://airportgap.com/api/airports/JFK,,
http_req_receiving,1784003742,0.000000,,,1429,false,,GET,https://airportgap.com/api/airports/JFK,HTTP/2.0,default,,429,,tls1.3,https://airportgap.com/api/airports/JFK,,
http_req_failed,1784003742,1.000000,,,1429,false,,GET,https://airportgap.com/api/airports/JFK,HTTP/2.0,default,,429,,tls1.3,https://airportgap.com/api/airports/JFK,,
http_reqs,1784003742,1.000000,,,1429,false,,GET,https://airportgap.com/api/airports/JFK,HTTP/2.0,default,,429,,tls1.3,https://airportgap.com/api/airports/JFK,,
http_req_duration,1784003742,166.814000,,,1429,false,,GET,https://airportgap.com/api/airports/JFK,HTTP/2.0,default,,429,,tls1.3,https://airportgap.com/api/airports/JFK,,
http_req_blocked,1784003742,0.000000,,,1429,false,,GET,https://airportgap.com/api/airports/JFK,HTTP/2.0,default,,429,,tls1.3,https://airportgap.com/api/airports/JFK,,
http_req_connecting,1784003742,0.000000,,,1429,false,,GET,https://airportgap.com/api/airports/JFK,HTTP/2.0,default,,429,,tls1.3,https://airportgap.com/api/airports/JFK,,
http_req_tls_handshaking,1784003742,0.000000,,,1429,false,,GET,https://airportgap.com/api/airports/JFK,HTTP/2.0,default,,429,,tls1.3,https://airportgap.com/api/airports/JFK,,
http_req_sending,1784003742,0.508000,,,1429,false,,GET,https://airportgap.com/api/airports/JFK,HTTP/2.0,default,,429,,tls1.3,https://airportgap.com/api/airports/JFK,,
http_req_waiting,1784003742,166.306000,,,1429,false,,GET,https://airportgap.com/api/airports/JFK,HTTP/2.0,default,,429,,tls1.3,https://airportgap.com/api/airports/JFK,,
http_req_receiving,1784003742,0.000000,,,1429,false,,GET,https://airportgap.com/api/airports/JFK,HTTP/2.0,default,,429,,tls1.3,https://airportgap.com/api/airports/JFK,,
http_req_failed,1784003742,1.000000,,,1429,false,,GET,https://airportgap.com/api/airports/JFK,HTTP/2.0,default,,429,,tls1.3,https://airportgap.com/api/airports/JFK,,
checks,1784003742,0.000000,JFK status 200,,,,,,,,default,,,,,,,
checks,1784003742,0.000000,JFK status 200,,,,,,,,default,,,,,,,
checks,1784003742,0.000000,JFK status 200,,,,,,,,default,,,,,,,
checks,1784003742,0.000000,JFK status 200,,,,,,,,default,,,,,,,
http_reqs,1784003742,1.000000,,,1429,false,,GET,https://airportgap.com/api/airports/JFK,HTTP/2.0,default,,429,,tls1.3,https://airportgap.com/api/airports/JFK,,
http_req_duration,1784003742,168.879900,,,1429,false,,GET,https://airportgap.com/api/airports/JFK,HTTP/2.0,default,,429,,tls1.3,https://airportgap.com/api/airports/JFK,,
http_req_blocked,1784003742,0.000000,,,1429,false,,GET,https://airportgap.com/api/airports/JFK,HTTP/2.0,default,,429,,tls1.3,https://airportgap.com/api/airports/JFK,,
http_req_connecting,1784003742,0.000000,,,1429,false,,GET,https://airportgap.com/api/airports/JFK,HTTP/2.0,default,,429,,tls1.3,https://airportgap.com/api/airports/JFK,,
http_req_tls_handshaking,1784003742,0.000000,,,1429,false,,GET,https://airportgap.com/api/airports/JFK,HTTP/2.0,default,,429,,tls1.3,https://airportgap.com/api/airports/JFK,,
http_req_sending,1784003742,0.000000,,,1429,false,,GET,https://airportgap.com/api/airports/JFK,HTTP/2.0,default,,429,,tls1.3,https://airportgap.com/api/airports/JFK,,
http_req_waiting,1784003742,168.879900,,,1429,false,,GET,https://airportgap.com/api/airports/JFK,HTTP/2.0,default,,429,,tls1.3,https://airportgap.com/api/airports/JFK,,
http_req_receiving,1784003742,0.000000,,,1429,false,,GET,https://airportgap.com/api/airports/JFK,HTTP/2.0,default,,429,,tls1.3,https://airportgap.com/api/airports/JFK,,
http_req_failed,1784003742,1.000000,,,1429,false,,GET,https://airportgap.com/api/airports/JFK,HTTP/2.0,default,,429,,tls1.3,https://airportgap.com/api/airports/JFK,,
checks,1784003742,0.000000,JFK status 200,,,,,,,,default,,,,,,,
http_reqs,1784003742,1.000000,,,1429,false,,GET,https://airportgap.com/api/airports/JFK,HTTP/2.0,default,,429,,tls1.3,https://airportgap.com/api/airports/JFK,,
http_req_duration,1784003742,167.826700,,,1429,false,,GET,https://airportgap.com/api/airports/JFK,HTTP/2.0,default,,429,,tls1.3,https://airportgap.com/api/airports/JFK,,
http_req_blocked,1784003742,0.000000,,,1429,false,,GET,https://airportgap.com/api/airports/JFK,HTTP/2.0,default,,429,,tls1.3,https://airportgap.com/api/airports/JFK,,
http_req_connecting,1784003742,0.000000,,,1429,false,,GET,https://airportgap.com/api/airports/JFK,HTTP/2.0,default,,429,,tls1.3,https://airportgap.com/api/airports/JFK,,
http_req_tls_handshaking,1784003742,0.000000,,,1429,false,,GET,https://airportgap.com/api/airports/JFK,HTTP/2.0,default,,429,,tls1.3,https://airportgap.com/api/airports/JFK,,
http_req_sending,1784003742,0.508000,,,1429,false,,GET,https://airportgap.com/api/airports/JFK,HTTP/2.0,default,,429,,tls1.3,https://airportgap.com/api/airports/JFK,,
http_req_waiting,1784003742,167.318700,,,1429,false,,GET,https://airportgap.com/api/airports/JFK,HTTP/2.0,default,,429,,tls1.3,https://airportgap.com/api/airports/JFK,,
http_req_receiving,1784003742,0.000000,,,1429,false,,GET,https://airportgap.com/api/airports/JFK,HTTP/2.0,default,,429,,tls1.3,https://airportgap.com/api/airports/JFK,,
http_req_failed,1784003742,1.000000,,,1429,false,,GET,https://airportgap.com/api/airports/JFK,HTTP/2.0,default,,429,,tls1.3,https://airportgap.com/api/airports/JFK,,
http_reqs,1784003742,1.000000,,,1429,false,,GET,https://airportgap.com/api/airports/JFK,HTTP/2.0,default,,429,,tls1.3,https://airportgap.com/api/airports/JFK,,
http_req_duration,1784003742,167.318700,,,1429,false,,GET,https://airportgap.com/api/airports/JFK,HTTP/2.0,default,,429,,tls1.3,https://airportgap.com/api/airports/JFK,,
http_req_blocked,1784003742,0.000000,,,1429,false,,GET,https://airportgap.com/api/airports/JFK,HTTP/2.0,default,,429,,tls1.3,https://airportgap.com/api/airports/JFK,,
http_req_connecting,1784003742,0.000000,,,1429,false,,GET,https://airportgap.com/api/airports/JFK,HTTP/2.0,default,,429,,tls1.3,https://airportgap.com/api/airports/JFK,,
http_req_tls_handshaking,1784003742,0.000000,,,1429,false,,GET,https://airportgap.com/api/airports/JFK,HTTP/2.0,default,,429,,tls1.3,https://airportgap.com/api/airports/JFK,,
http_req_sending,1784003742,0.000000,,,1429,false,,GET,https://airportgap.com/api/airports/JFK,HTTP/2.0,default,,429,,tls1.3,https://airportgap.com/api/airports/JFK,,
http_req_waiting,1784003742,167.318700,,,1429,false,,GET,https://airportgap.com/api/airports/JFK,HTTP/2.0,default,,429,,tls1.3,https://airportgap.com/api/airports/JFK,,
http_req_receiving,1784003742,0.000000,,,1429,false,,GET,https://airportgap.com/api/airports/JFK,HTTP/2.0,default,,429,,tls1.3,https://airportgap.com/api/airports/JFK,,
http_req_failed,1784003742,1.000000,,,1429,false,,GET,https://airportgap.com/api/airports/JFK,HTTP/2.0,default,,429,,tls1.3,https://airportgap.com/api/airports/JFK,,
checks,1784003742,0.000000,JFK status 200,,,,,,,,default,,,,,,,
http_reqs,1784003742,1.000000,,,1429,false,,GET,https://airportgap.com/api/airports/JFK,HTTP/2.0,default,,429,,tls1.3,https://airportgap.com/api/airports/JFK,,
http_req_duration,1784003742,167.826700,,,1429,false,,GET,https://airportgap.com/api/airports/JFK,HTTP/2.0,default,,429,,tls1.3,https://airportgap.com/api/airports/JFK,,
http_req_blocked,1784003742,0.000000,,,1429,false,,GET,https://airportgap.com/api/airports/JFK,HTTP/2.0,default,,429,,tls1.3,https://airportgap.com/api/airports/JFK,,
http_req_connecting,1784003742,0.000000,,,1429,false,,GET,https://airportgap.com/api/airports/JFK,HTTP/2.0,default,,429,,tls1.3,https://airportgap.com/api/airports/JFK,,
http_req_tls_handshaking,1784003742,0.000000,,,1429,false,,GET,https://airportgap.com/api/airports/JFK,HTTP/2.0,default,,429,,tls1.3,https://airportgap.com/api/airports/JFK,,
http_req_sending,1784003742,0.000000,,,1429,false,,GET,https://airportgap.com/api/airports/JFK,HTTP/2.0,default,,429,,tls1.3,https://airportgap.com/api/airports/JFK,,
http_req_waiting,1784003742,167.826700,,,1429,false,,GET,https://airportgap.com/api/airports/JFK,HTTP/2.0,default,,429,,tls1.3,https://airportgap.com/api/airports/JFK,,
http_req_receiving,1784003742,0.000000,,,1429,false,,GET,https://airportgap.com/api/airports/JFK,HTTP/2.0,default,,429,,tls1.3,https://airportgap.com/api/airports/JFK,,
http_req_failed,1784003742,1.000000,,,1429,false,,GET,https://airportgap.com/api/airports/JFK,HTTP/2.0,default,,429,,tls1.3,https://airportgap.com/api/airports/JFK,,
checks,1784003742,0.000000,JFK status 200,,,,,,,,default,,,,,,,
checks,1784003742,0.000000,JFK status 200,,,,,,,,default,,,,,,,
vus,1784003742,10.000000,,,,,,,,,,,,,,,,
vus_max,1784003742,10.000000,,,,,,,,,,,,,,,,
data_sent,1784003743,72.000000,,,,,,,,,default,,,,,,,
data_received,1784003743,263.000000,,,,,,,,,default,,,,,,,
iteration_duration,1784003743,1559.663200,,,,,,,,,default,,,,,,,
iterations,1784003743,1.000000,,,,,,,,,default,,,,,,,
data_sent,1784003743,72.000000,,,,,,,,,default,,,,,,,
data_received,1784003743,263.000000,,,,,,,,,default,,,,,,,
iteration_duration,1784003743,1537.817000,,,,,,,,,default,,,,,,,
iterations,1784003743,1.000000,,,,,,,,,default,,,,,,,
http_reqs,1784003743,1.000000,,,1429,false,,GET,https://airportgap.com/api/airports,HTTP/2.0,default,,429,,tls1.3,https://airportgap.com/api/airports,,
http_req_duration,1784003743,208.068700,,,1429,false,,GET,https://airportgap.com/api/airports,HTTP/2.0,default,,429,,tls1.3,https://airportgap.com/api/airports,,
http_req_blocked,1784003743,0.000000,,,1429,false,,GET,https://airportgap.com/api/airports,HTTP/2.0,default,,429,,tls1.3,https://airportgap.com/api/airports,,
http_req_connecting,1784003743,0.000000,,,1429,false,,GET,https://airportgap.com/api/airports,HTTP/2.0,default,,429,,tls1.3,https://airportgap.com/api/airports,,
http_req_tls_handshaking,1784003743,0.000000,,,1429,false,,GET,https://airportgap.com/api/airports,HTTP/2.0,default,,429,,tls1.3,https://airportgap.com/api/airports,,
http_req_sending,1784003743,0.000000,,,1429,false,,GET,https://airportgap.com/api/airports,HTTP/2.0,default,,429,,tls1.3,https://airportgap.com/api/airports,,
http_req_waiting,1784003743,205.919500,,,1429,false,,GET,https://airportgap.com/api/airports,HTTP/2.0,default,,429,,tls1.3,https://airportgap.com/api/airports,,
http_req_receiving,1784003743,2.149200,,,1429,false,,GET,https://airportgap.com/api/airports,HTTP/2.0,default,,429,,tls1.3,https://airportgap.com/api/airports,,
http_req_failed,1784003743,1.000000,,,1429,false,,GET,https://airportgap.com/api/airports,HTTP/2.0,default,,429,,tls1.3,https://airportgap.com/api/airports,,
checks,1784003743,0.000000,status 200,,,,,,,,default,,,,,,,
checks,1784003743,1.000000,menos de 1000ms,,,,,,,,default,,,,,,,
data_sent,1784003743,72.000000,,,,,,,,,default,,,,,,,
data_received,1784003743,263.000000,,,,,,,,,default,,,,,,,
iteration_duration,1784003743,1395.019500,,,,,,,,,default,,,,,,,
iterations,1784003743,1.000000,,,,,,,,,default,,,,,,,
data_sent,1784003743,72.000000,,,,,,,,,default,,,,,,,
data_received,1784003743,262.000000,,,,,,,,,default,,,,,,,
iteration_duration,1784003743,1395.019500,,,,,,,,,default,,,,,,,
iterations,1784003743,1.000000,,,,,,,,,default,,,,,,,
data_sent,1784003743,72.000000,,,,,,,,,default,,,,,,,
data_received,1784003743,264.000000,,,,,,,,,default,,,,,,,
iteration_duration,1784003743,1395.019500,,,,,,,,,default,,,,,,,
iterations,1784003743,1.000000,,,,,,,,,default,,,,,,,
data_sent,1784003743,72.000000,,,,,,,,,default,,,,,,,
data_received,1784003743,263.000000,,,,,,,,,default,,,,,,,
iteration_duration,1784003743,1395.019500,,,,,,,,,default,,,,,,,
iterations,1784003743,1.000000,,,,,,,,,default,,,,,,,
data_sent,1784003743,72.000000,,,,,,,,,default,,,,,,,
data_received,1784003743,263.000000,,,,,,,,,default,,,,,,,
iteration_duration,1784003743,1397.282000,,,,,,,,,default,,,,,,,
iterations,1784003743,1.000000,,,,,,,,,default,,,,,,,
data_sent,1784003743,72.000000,,,,,,,,,default,,,,,,,
data_received,1784003743,262.000000,,,,,,,,,default,,,,,,,
iteration_duration,1784003743,1395.019500,,,,,,,,,default,,,,,,,
iterations,1784003743,1.000000,,,,,,,,,default,,,,,,,
data_sent,1784003743,72.000000,,,,,,,,,default,,,,,,,
data_received,1784003743,263.000000,,,,,,,,,default,,,,,,,
iteration_duration,1784003743,1397.791500,,,,,,,,,default,,,,,,,
iterations,1784003743,1.000000,,,,,,,,,default,,,,,,,
data_sent,1784003743,72.000000,,,,,,,,,default,,,,,,,
data_received,1784003743,262.000000,,,,,,,,,default,,,,,,,
iteration_duration,1784003743,1395.529000,,,,,,,,,default,,,,,,,
iterations,1784003743,1.000000,,,,,,,,,default,,,,,,,
vus,1784003743,10.000000,,,,,,,,,,,,,,,,
vus_max,1784003743,10.000000,,,,,,,,,,,,,,,,
http_reqs,1784003743,1.000000,,,1429,false,,GET,https://airportgap.com/api/airports,HTTP/2.0,default,,429,,tls1.3,https://airportgap.com/api/airports,,
http_req_duration,1784003743,227.654900,,,1429,false,,GET,https://airportgap.com/api/airports,HTTP/2.0,default,,429,,tls1.3,https://airportgap.com/api/airports,,
http_req_blocked,1784003743,0.000000,,,1429,false,,GET,https://airportgap.com/api/airports,HTTP/2.0,default,,429,,tls1.3,https://airportgap.com/api/airports,,
http_req_connecting,1784003743,0.000000,,,1429,false,,GET,https://airportgap.com/api/airports,HTTP/2.0,default,,429,,tls1.3,https://airportgap.com/api/airports,,
http_req_tls_handshaking,1784003743,0.000000,,,1429,false,,GET,https://airportgap.com/api/airports,HTTP/2.0,default,,429,,tls1.3,https://airportgap.com/api/airports,,
http_req_sending,1784003743,0.613800,,,1429,false,,GET,https://airportgap.com/api/airports,HTTP/2.0,default,,429,,tls1.3,https://airportgap.com/api/airports,,
http_req_waiting,1784003743,227.041100,,,1429,false,,GET,https://airportgap.com/api/airports,HTTP/2.0,default,,429,,tls1.3,https://airportgap.com/api/airports,,
http_req_receiving,1784003743,0.000000,,,1429,false,,GET,https://airportgap.com/api/airports,HTTP/2.0,default,,429,,tls1.3,https://airportgap.com/api/airports,,
http_req_failed,1784003743,1.000000,,,1429,false,,GET,https://airportgap.com/api/airports,HTTP/2.0,default,,429,,tls1.3,https://airportgap.com/api/airports,,
http_reqs,1784003743,1.000000,,,1429,false,,GET,https://airportgap.com/api/airports/JFK,HTTP/2.0,default,,429,,tls1.3,https://airportgap.com/api/airports/JFK,,
http_req_duration,1784003743,212.563900,,,1429,false,,GET,https://airportgap.com/api/airports/JFK,HTTP/2.0,default,,429,,tls1.3,https://airportgap.com/api/airports/JFK,,
http_req_blocked,1784003743,0.000000,,,1429,false,,GET,https://airportgap.com/api/airports/JFK,HTTP/2.0,default,,429,,tls1.3,https://airportgap.com/api/airports/JFK,,
http_req_connecting,1784003743,0.000000,,,1429,false,,GET,https://airportgap.com/api/airports/JFK,HTTP/2.0,default,,429,,tls1.3,https://airportgap.com/api/airports/JFK,,
http_req_tls_handshaking,1784003743,0.000000,,,1429,false,,GET,https://airportgap.com/api/airports/JFK,HTTP/2.0,default,,429,,tls1.3,https://airportgap.com/api/airports/JFK,,
http_req_sending,1784003743,0.512800,,,1429,false,,GET,https://airportgap.com/api/airports/JFK,HTTP/2.0,default,,429,,tls1.3,https://airportgap.com/api/airports/JFK,,
http_req_waiting,1784003743,212.051100,,,1429,false,,GET,https://airportgap.com/api/airports/JFK,HTTP/2.0,default,,429,,tls1.3,https://airportgap.com/api/airports/JFK,,
http_req_receiving,1784003743,0.000000,,,1429,false,,GET,https://airportgap.com/api/airports/JFK,HTTP/2.0,default,,429,,tls1.3,https://airportgap.com/api/airports/JFK,,
http_req_failed,1784003743,1.000000,,,1429,false,,GET,https://airportgap.com/api/airports/JFK,HTTP/2.0,default,,429,,tls1.3,https://airportgap.com/api/airports/JFK,,
http_reqs,1784003743,1.000000,,,1429,false,,GET,https://airportgap.com/api/airports,HTTP/2.0,default,,429,,tls1.3,https://airportgap.com/api/airports,,
http_req_duration,1784003743,163.262100,,,1429,false,,GET,https://airportgap.com/api/airports,HTTP/2.0,default,,429,,tls1.3,https://airportgap.com/api/airports,,
http_req_blocked,1784003743,0.000000,,,1429,false,,GET,https://airportgap.com/api/airports,HTTP/2.0,default,,429,,tls1.3,https://airportgap.com/api/airports,,
http_req_connecting,1784003743,0.000000,,,1429,false,,GET,https://airportgap.com/api/airports,HTTP/2.0,default,,429,,tls1.3,https://airportgap.com/api/airports,,
http_req_tls_handshaking,1784003743,0.000000,,,1429,false,,GET,https://airportgap.com/api/airports,HTTP/2.0,default,,429,,tls1.3,https://airportgap.com/api/airports,,
http_req_sending,1784003743,0.509500,,,1429,false,,GET,https://airportgap.com/api/airports,HTTP/2.0,default,,429,,tls1.3,https://airportgap.com/api/airports,,
http_req_waiting,1784003743,162.752600,,,1429,false,,GET,https://airportgap.com/api/airports,HTTP/2.0,default,,429,,tls1.3,https://airportgap.com/api/airports,,
http_req_receiving,1784003743,0.000000,,,1429,false,,GET,https://airportgap.com/api/airports,HTTP/2.0,default,,429,,tls1.3,https://airportgap.com/api/airports,,
http_req_failed,1784003743,1.000000,,,1429,false,,GET,https://airportgap.com/api/airports,HTTP/2.0,default,,429,,tls1.3,https://airportgap.com/api/airports,,
http_reqs,1784003743,1.000000,,,1429,false,,GET,https://airportgap.com/api/airports,HTTP/2.0,default,,429,,tls1.3,https://airportgap.com/api/airports,,
http_req_duration,1784003743,162.752600,,,1429,false,,GET,https://airportgap.com/api/airports,HTTP/2.0,default,,429,,tls1.3,https://airportgap.com/api/airports,,
http_req_blocked,1784003743,0.000000,,,1429,false,,GET,https://airportgap.com/api/airports,HTTP/2.0,default,,429,,tls1.3,https://airportgap.com/api/airports,,
http_req_connecting,1784003743,0.000000,,,1429,false,,GET,https://airportgap.com/api/airports,HTTP/2.0,default,,429,,tls1.3,https://airportgap.com/api/airports,,
http_req_tls_handshaking,1784003743,0.000000,,,1429,false,,GET,https://airportgap.com/api/airports,HTTP/2.0,default,,429,,tls1.3,https://airportgap.com/api/airports,,
http_req_sending,1784003743,0.000000,,,1429,false,,GET,https://airportgap.com/api/airports,HTTP/2.0,default,,429,,tls1.3,https://airportgap.com/api/airports,,
http_req_waiting,1784003743,162.752600,,,1429,false,,GET,https://airportgap.com/api/airports,HTTP/2.0,default,,429,,tls1.3,https://airportgap.com/api/airports,,
http_req_receiving,1784003743,0.000000,,,1429,false,,GET,https://airportgap.com/api/airports,HTTP/2.0,default,,429,,tls1.3,https://airportgap.com/api/airports,,
http_req_failed,1784003743,1.000000,,,1429,false,,GET,https://airportgap.com/api/airports,HTTP/2.0,default,,429,,tls1.3,https://airportgap.com/api/airports,,
http_reqs,1784003743,1.000000,,,1429,false,,GET,https://airportgap.com/api/airports,HTTP/2.0,default,,429,,tls1.3,https://airportgap.com/api/airports,,
http_req_duration,1784003743,163.262100,,,1429,false,,GET,https://airportgap.com/api/airports,HTTP/2.0,default,,429,,tls1.3,https://airportgap.com/api/airports,,
http_req_blocked,1784003743,0.000000,,,1429,false,,GET,https://airportgap.com/api/airports,HTTP/2.0,default,,429,,tls1.3,https://airportgap.com/api/airports,,
http_req_connecting,1784003743,0.000000,,,1429,false,,GET,https://airportgap.com/api/airports,HTTP/2.0,default,,429,,tls1.3,https://airportgap.com/api/airports,,
http_req_tls_handshaking,1784003743,0.000000,,,1429,false,,GET,https://airportgap.com/api/airports,HTTP/2.0,default,,429,,tls1.3,https://airportgap.com/api/airports,,
http_req_sending,1784003743,0.509500,,,1429,false,,GET,https://airportgap.com/api/airports,HTTP/2.0,default,,429,,tls1.3,https://airportgap.com/api/airports,,
http_req_waiting,1784003743,162.752600,,,1429,false,,GET,https://airportgap.com/api/airports,HTTP/2.0,default,,429,,tls1.3,https://airportgap.com/api/airports,,
http_req_receiving,1784003743,0.000000,,,1429,false,,GET,https://airportgap.com/api/airports,HTTP/2.0,default,,429,,tls1.3,https://airportgap.com/api/airports,,
http_req_failed,1784003743,1.000000,,,1429,false,,GET,https://airportgap.com/api/airports,HTTP/2.0,default,,429,,tls1.3,https://airportgap.com/api/airports,,
http_reqs,1784003743,1.000000,,,1429,false,,GET,https://airportgap.com/api/airports,HTTP/2.0,default,,429,,tls1.3,https://airportgap.com/api/airports,,
http_req_duration,1784003743,162.752600,,,1429,false,,GET,https://airportgap.com/api/airports,HTTP/2.0,default,,429,,tls1.3,https://airportgap.com/api/airports,,
http_req_blocked,1784003743,0.000000,,,1429,false,,GET,https://airportgap.com/api/airports,HTTP/2.0,default,,429,,tls1.3,https://airportgap.com/api/airports,,
http_req_connecting,1784003743,0.000000,,,1429,false,,GET,https://airportgap.com/api/airports,HTTP/2.0,default,,429,,tls1.3,https://airportgap.com/api/airports,,
http_req_tls_handshaking,1784003743,0.000000,,,1429,false,,GET,https://airportgap.com/api/airports,HTTP/2.0,default,,429,,tls1.3,https://airportgap.com/api/airports,,
http_req_sending,1784003743,0.000000,,,1429,false,,GET,https://airportgap.com/api/airports,HTTP/2.0,default,,429,,tls1.3,https://airportgap.com/api/airports,,
http_req_waiting,1784003743,162.752600,,,1429,false,,GET,https://airportgap.com/api/airports,HTTP/2.0,default,,429,,tls1.3,https://airportgap.com/api/airports,,
http_req_receiving,1784003743,0.000000,,,1429,false,,GET,https://airportgap.com/api/airports,HTTP/2.0,default,,429,,tls1.3,https://airportgap.com/api/airports,,
http_req_failed,1784003743,1.000000,,,1429,false,,GET,https://airportgap.com/api/airports,HTTP/2.0,default,,429,,tls1.3,https://airportgap.com/api/airports,,
http_reqs,1784003743,1.000000,,,1429,false,,GET,https://airportgap.com/api/airports,HTTP/2.0,default,,429,,tls1.3,https://airportgap.com/api/airports,,
http_req_duration,1784003743,163.262100,,,1429,false,,GET,https://airportgap.com/api/airports,HTTP/2.0,default,,429,,tls1.3,https://airportgap.com/api/airports,,
http_req_blocked,1784003743,0.000000,,,1429,false,,GET,https://airportgap.com/api/airports,HTTP/2.0,default,,429,,tls1.3,https://airportgap.com/api/airports,,
http_req_connecting,1784003743,0.000000,,,1429,false,,GET,https://airportgap.com/api/airports,HTTP/2.0,default,,429,,tls1.3,https://airportgap.com/api/airports,,
http_req_tls_handshaking,1784003743,0.000000,,,1429,false,,GET,https://airportgap.com/api/airports,HTTP/2.0,default,,429,,tls1.3,https://airportgap.com/api/airports,,
http_req_sending,1784003743,0.509500,,,1429,false,,GET,https://airportgap.com/api/airports,HTTP/2.0,default,,429,,tls1.3,https://airportgap.com/api/airports,,
http_req_waiting,1784003743,162.752600,,,1429,false,,GET,https://airportgap.com/api/airports,HTTP/2.0,default,,429,,tls1.3,https://airportgap.com/api/airports,,
http_req_receiving,1784003743,0.000000,,,1429,false,,GET,https://airportgap.com/api/airports,HTTP/2.0,default,,429,,tls1.3,https://airportgap.com/api/airports,,
http_req_failed,1784003743,1.000000,,,1429,false,,GET,https://airportgap.com/api/airports,HTTP/2.0,default,,429,,tls1.3,https://airportgap.com/api/airports,,
checks,1784003743,0.000000,status 200,,,,,,,,default,,,,,,,
checks,1784003743,0.000000,status 200,,,,,,,,default,,,,,,,
checks,1784003743,0.000000,status 200,,,,,,,,default,,,,,,,
checks,1784003743,0.000000,JFK status 200,,,,,,,,default,,,,,,,
checks,1784003743,0.000000,status 200,,,,,,,,default,,,,,,,
checks,1784003743,1.000000,menos de 1000ms,,,,,,,,default,,,,,,,
checks,1784003743,1.000000,menos de 1000ms,,,,,,,,default,,,,,,,
checks,1784003743,1.000000,menos de 1000ms,,,,,,,,default,,,,,,,
checks,1784003743,1.000000,menos de 1000ms,,,,,,,,default,,,,,,,
http_reqs,1784003743,1.000000,,,1429,false,,GET,https://airportgap.com/api/airports,HTTP/2.0,default,,429,,tls1.3,https://airportgap.com/api/airports,,
http_req_duration,1784003743,162.752600,,,1429,false,,GET,https://airportgap.com/api/airports,HTTP/2.0,default,,429,,tls1.3,https://airportgap.com/api/airports,,
http_req_blocked,1784003743,0.000000,,,1429,false,,GET,https://airportgap.com/api/airports,HTTP/2.0,default,,429,,tls1.3,https://airportgap.com/api/airports,,
http_req_connecting,1784003743,0.000000,,,1429,false,,GET,https://airportgap.com/api/airports,HTTP/2.0,default,,429,,tls1.3,https://airportgap.com/api/airports,,
http_req_tls_handshaking,1784003743,0.000000,,,1429,false,,GET,https://airportgap.com/api/airports,HTTP/2.0,default,,429,,tls1.3,https://airportgap.com/api/airports,,
http_req_sending,1784003743,0.000000,,,1429,false,,GET,https://airportgap.com/api/airports,HTTP/2.0,default,,429,,tls1.3,https://airportgap.com/api/airports,,
http_req_waiting,1784003743,162.752600,,,1429,false,,GET,https://airportgap.com/api/airports,HTTP/2.0,default,,429,,tls1.3,https://airportgap.com/api/airports,,
http_req_receiving,1784003743,0.000000,,,1429,false,,GET,https://airportgap.com/api/airports,HTTP/2.0,default,,429,,tls1.3,https://airportgap.com/api/airports,,
http_req_failed,1784003743,1.000000,,,1429,false,,GET,https://airportgap.com/api/airports,HTTP/2.0,default,,429,,tls1.3,https://airportgap.com/api/airports,,
checks,1784003743,0.000000,status 200,,,,,,,,default,,,,,,,
checks,1784003743,0.000000,status 200,,,,,,,,default,,,,,,,
checks,1784003743,1.000000,menos de 1000ms,,,,,,,,default,,,,,,,
checks,1784003743,1.000000,menos de 1000ms,,,,,,,,default,,,,,,,
checks,1784003743,0.000000,status 200,,,,,,,,default,,,,,,,
checks,1784003743,1.000000,menos de 1000ms,,,,,,,,default,,,,,,,
http_reqs,1784003743,1.000000,,,1429,false,,GET,https://airportgap.com/api/airports,HTTP/2.0,default,,429,,tls1.3,https://airportgap.com/api/airports,,
http_req_duration,1784003743,163.262100,,,1429,false,,GET,https://airportgap.com/api/airports,HTTP/2.0,default,,429,,tls1.3,https://airportgap.com/api/airports,,
http_req_blocked,1784003743,0.000000,,,1429,false,,GET,https://airportgap.com/api/airports,HTTP/2.0,default,,429,,tls1.3,https://airportgap.com/api/airports,,
http_req_connecting,1784003743,0.000000,,,1429,false,,GET,https://airportgap.com/api/airports,HTTP/2.0,default,,429,,tls1.3,https://airportgap.com/api/airports,,
http_req_tls_handshaking,1784003743,0.000000,,,1429,false,,GET,https://airportgap.com/api/airports,HTTP/2.0,default,,429,,tls1.3,https://airportgap.com/api/airports,,
http_req_sending,1784003743,0.000000,,,1429,false,,GET,https://airportgap.com/api/airports,HTTP/2.0,default,,429,,tls1.3,https://airportgap.com/api/airports,,
http_req_waiting,1784003743,163.262100,,,1429,false,,GET,https://airportgap.com/api/airports,HTTP/2.0,default,,429,,tls1.3,https://airportgap.com/api/airports,,
http_req_receiving,1784003743,0.000000,,,1429,false,,GET,https://airportgap.com/api/airports,HTTP/2.0,default,,429,,tls1.3,https://airportgap.com/api/airports,,
http_req_failed,1784003743,1.000000,,,1429,false,,GET,https://airportgap.com/api/airports,HTTP/2.0,default,,429,,tls1.3,https://airportgap.com/api/airports,,
checks,1784003743,0.000000,status 200,,,,,,,,default,,,,,,,
checks,1784003743,1.000000,menos de 1000ms,,,,,,,,default,,,,,,,
http_reqs,1784003743,1.000000,,,1429,false,,GET,https://airportgap.com/api/airports,HTTP/2.0,default,,429,,tls1.3,https://airportgap.com/api/airports,,
http_req_duration,1784003743,163.262100,,,1429,false,,GET,https://airportgap.com/api/airports,HTTP/2.0,default,,429,,tls1.3,https://airportgap.com/api/airports,,
http_req_blocked,1784003743,0.000000,,,1429,false,,GET,https://airportgap.com/api/airports,HTTP/2.0,default,,429,,tls1.3,https://airportgap.com/api/airports,,
http_req_connecting,1784003743,0.000000,,,1429,false,,GET,https://airportgap.com/api/airports,HTTP/2.0,default,,429,,tls1.3,https://airportgap.com/api/airports,,
http_req_tls_handshaking,1784003743,0.000000,,,1429,false,,GET,https://airportgap.com/api/airports,HTTP/2.0,default,,429,,tls1.3,https://airportgap.com/api/airports,,
http_req_sending,1784003743,0.000000,,,1429,false,,GET,https://airportgap.com/api/airports,HTTP/2.0,default,,429,,tls1.3,https://airportgap.com/api/airports,,
http_req_waiting,1784003743,163.262100,,,1429,false,,GET,https://airportgap.com/api/airports,HTTP/2.0,default,,429,,tls1.3,https://airportgap.com/api/airports,,
http_req_receiving,1784003743,0.000000,,,1429,false,,GET,https://airportgap.com/api/airports,HTTP/2.0,default,,429,,tls1.3,https://airportgap.com/api/airports,,
http_req_failed,1784003743,1.000000,,,1429,false,,GET,https://airportgap.com/api/airports,HTTP/2.0,default,,429,,tls1.3,https://airportgap.com/api/airports,,
checks,1784003743,0.000000,status 200,,,,,,,,default,,,,,,,
checks,1784003743,1.000000,menos de 1000ms,,,,,,,,default,,,,,,,
http_reqs,1784003744,1.000000,,,1429,false,,GET,https://airportgap.com/api/airports/JFK,HTTP/2.0,default,,429,,tls1.3,https://airportgap.com/api/airports/JFK,,
http_req_duration,1784003744,204.503400,,,1429,false,,GET,https://airportgap.com/api/airports/JFK,HTTP/2.0,default,,429,,tls1.3,https://airportgap.com/api/airports/JFK,,
http_req_blocked,1784003744,0.000000,,,1429,false,,GET,https://airportgap.com/api/airports/JFK,HTTP/2.0,default,,429,,tls1.3,https://airportgap.com/api/airports/JFK,,
http_req_connecting,1784003744,0.000000,,,1429,false,,GET,https://airportgap.com/api/airports/JFK,HTTP/2.0,default,,429,,tls1.3,https://airportgap.com/api/airports/JFK,,
http_req_tls_handshaking,1784003744,0.000000,,,1429,false,,GET,https://airportgap.com/api/airports/JFK,HTTP/2.0,default,,429,,tls1.3,https://airportgap.com/api/airports/JFK,,
http_req_sending,1784003744,0.000000,,,1429,false,,GET,https://airportgap.com/api/airports/JFK,HTTP/2.0,default,,429,,tls1.3,https://airportgap.com/api/airports/JFK,,
http_req_waiting,1784003744,203.915800,,,1429,false,,GET,https://airportgap.com/api/airports/JFK,HTTP/2.0,default,,429,,tls1.3,https://airportgap.com/api/airports/JFK,,
http_req_receiving,1784003744,0.587600,,,1429,false,,GET,https://airportgap.com/api/airports/JFK,HTTP/2.0,default,,429,,tls1.3,https://airportgap.com/api/airports/JFK,,
http_req_failed,1784003744,1.000000,,,1429,false,,GET,https://airportgap.com/api/airports/JFK,HTTP/2.0,default,,429,,tls1.3,https://airportgap.com/api/airports/JFK,,
checks,1784003744,0.000000,JFK status 200,,,,,,,,default,,,,,,,
http_reqs,1784003744,1.000000,,,1429,false,,GET,https://airportgap.com/api/airports/JFK,HTTP/2.0,default,,429,,tls1.3,https://airportgap.com/api/airports/JFK,,
http_req_duration,1784003744,205.443800,,,1429,false,,GET,https://airportgap.com/api/airports/JFK,HTTP/2.0,default,,429,,tls1.3,https://airportgap.com/api/airports/JFK,,
http_req_blocked,1784003744,0.000000,,,1429,false,,GET,https://airportgap.com/api/airports/JFK,HTTP/2.0,default,,429,,tls1.3,https://airportgap.com/api/airports/JFK,,
http_req_connecting,1784003744,0.000000,,,1429,false,,GET,https://airportgap.com/api/airports/JFK,HTTP/2.0,default,,429,,tls1.3,https://airportgap.com/api/airports/JFK,,
http_req_tls_handshaking,1784003744,0.000000,,,1429,false,,GET,https://airportgap.com/api/airports/JFK,HTTP/2.0,default,,429,,tls1.3,https://airportgap.com/api/airports/JFK,,
http_req_sending,1784003744,0.324800,,,1429,false,,GET,https://airportgap.com/api/airports/JFK,HTTP/2.0,default,,429,,tls1.3,https://airportgap.com/api/airports/JFK,,
http_req_waiting,1784003744,204.697400,,,1429,false,,GET,https://airportgap.com/api/airports/JFK,HTTP/2.0,default,,429,,tls1.3,https://airportgap.com/api/airports/JFK,,
http_req_receiving,1784003744,0.421600,,,1429,false,,GET,https://airportgap.com/api/airports/JFK,HTTP/2.0,default,,429,,tls1.3,https://airportgap.com/api/airports/JFK,,
http_req_failed,1784003744,1.000000,,,1429,false,,GET,https://airportgap.com/api/airports/JFK,HTTP/2.0,default,,429,,tls1.3,https://airportgap.com/api/airports/JFK,,
checks,1784003744,0.000000,JFK status 200,,,,,,,,default,,,,,,,
http_reqs,1784003744,1.000000,,,1429,false,,GET,https://airportgap.com/api/airports/JFK,HTTP/2.0,default,,429,,tls1.3,https://airportgap.com/api/airports/JFK,,
http_req_duration,1784003744,205.443800,,,1429,false,,GET,https://airportgap.com/api/airports/JFK,HTTP/2.0,default,,429,,tls1.3,https://airportgap.com/api/airports/JFK,,
http_req_blocked,1784003744,0.000000,,,1429,false,,GET,https://airportgap.com/api/airports/JFK,HTTP/2.0,default,,429,,tls1.3,https://airportgap.com/api/airports/JFK,,
http_req_connecting,1784003744,0.000000,,,1429,false,,GET,https://airportgap.com/api/airports/JFK,HTTP/2.0,default,,429,,tls1.3,https://airportgap.com/api/airports/JFK,,
http_req_tls_handshaking,1784003744,0.000000,,,1429,false,,GET,https://airportgap.com/api/airports/JFK,HTTP/2.0,default,,429,,tls1.3,https://airportgap.com/api/airports/JFK,,
http_req_sending,1784003744,0.324800,,,1429,false,,GET,https://airportgap.com/api/airports/JFK,HTTP/2.0,default,,429,,tls1.3,https://airportgap.com/api/airports/JFK,,
http_req_waiting,1784003744,205.119000,,,1429,false,,GET,https://airportgap.com/api/airports/JFK,HTTP/2.0,default,,429,,tls1.3,https://airportgap.com/api/airports/JFK,,
http_req_receiving,1784003744,0.000000,,,1429,false,,GET,https://airportgap.com/api/airports/JFK,HTTP/2.0,default,,429,,tls1.3,https://airportgap.com/api/airports/JFK,,
http_req_failed,1784003744,1.000000,,,1429,false,,GET,https://airportgap.com/api/airports/JFK,HTTP/2.0,default,,429,,tls1.3,https://airportgap.com/api/airports/JFK,,
checks,1784003744,0.000000,JFK status 200,,,,,,,,default,,,,,,,
http_reqs,1784003744,1.000000,,,1429,false,,GET,https://airportgap.com/api/airports/JFK,HTTP/2.0,default,,429,,tls1.3,https://airportgap.com/api/airports/JFK,,
http_req_duration,1784003744,205.119000,,,1429,false,,GET,https://airportgap.com/api/airports/JFK,HTTP/2.0,default,,429,,tls1.3,https://airportgap.com/api/airports/JFK,,
http_req_blocked,1784003744,0.000000,,,1429,false,,GET,https://airportgap.com/api/airports/JFK,HTTP/2.0,default,,429,,tls1.3,https://airportgap.com/api/airports/JFK,,
http_req_connecting,1784003744,0.000000,,,1429,false,,GET,https://airportgap.com/api/airports/JFK,HTTP/2.0,default,,429,,tls1.3,https://airportgap.com/api/airports/JFK,,
http_req_tls_handshaking,1784003744,0.000000,,,1429,false,,GET,https://airportgap.com/api/airports/JFK,HTTP/2.0,default,,429,,tls1.3,https://airportgap.com/api/airports/JFK,,
http_req_sending,1784003744,0.000000,,,1429,false,,GET,https://airportgap.com/api/airports/JFK,HTTP/2.0,default,,429,,tls1.3,https://airportgap.com/api/airports/JFK,,
http_req_waiting,1784003744,205.119000,,,1429,false,,GET,https://airportgap.com/api/airports/JFK,HTTP/2.0,default,,429,,tls1.3,https://airportgap.com/api/airports/JFK,,
http_req_receiving,1784003744,0.000000,,,1429,false,,GET,https://airportgap.com/api/airports/JFK,HTTP/2.0,default,,429,,tls1.3,https://airportgap.com/api/airports/JFK,,
http_req_failed,1784003744,1.000000,,,1429,false,,GET,https://airportgap.com/api/airports/JFK,HTTP/2.0,default,,429,,tls1.3,https://airportgap.com/api/airports/JFK,,
checks,1784003744,0.000000,JFK status 200,,,,,,,,default,,,,,,,
http_reqs,1784003744,1.000000,,,1429,false,,GET,https://airportgap.com/api/airports/JFK,HTTP/2.0,default,,429,,tls1.3,https://airportgap.com/api/airports/JFK,,
http_req_duration,1784003744,205.443800,,,1429,false,,GET,https://airportgap.com/api/airports/JFK,HTTP/2.0,default,,429,,tls1.3,https://airportgap.com/api/airports/JFK,,
http_req_blocked,1784003744,0.000000,,,1429,false,,GET,https://airportgap.com/api/airports/JFK,HTTP/2.0,default,,429,,tls1.3,https://airportgap.com/api/airports/JFK,,
http_req_connecting,1784003744,0.000000,,,1429,false,,GET,https://airportgap.com/api/airports/JFK,HTTP/2.0,default,,429,,tls1.3,https://airportgap.com/api/airports/JFK,,
http_req_tls_handshaking,1784003744,0.000000,,,1429,false,,GET,https://airportgap.com/api/airports/JFK,HTTP/2.0,default,,429,,tls1.3,https://airportgap.com/api/airports/JFK,,
http_req_sending,1784003744,0.000000,,,1429,false,,GET,https://airportgap.com/api/airports/JFK,HTTP/2.0,default,,429,,tls1.3,https://airportgap.com/api/airports/JFK,,
http_req_waiting,1784003744,205.443800,,,1429,false,,GET,https://airportgap.com/api/airports/JFK,HTTP/2.0,default,,429,,tls1.3,https://airportgap.com/api/airports/JFK,,
http_req_receiving,1784003744,0.000000,,,1429,false,,GET,https://airportgap.com/api/airports/JFK,HTTP/2.0,default,,429,,tls1.3,https://airportgap.com/api/airports/JFK,,
http_req_failed,1784003744,1.000000,,,1429,false,,GET,https://airportgap.com/api/airports/JFK,HTTP/2.0,default,,429,,tls1.3,https://airportgap.com/api/airports/JFK,,
http_reqs,1784003744,1.000000,,,1429,false,,GET,https://airportgap.com/api/airports/JFK,HTTP/2.0,default,,429,,tls1.3,https://airportgap.com/api/airports/JFK,,
http_req_duration,1784003744,205.443800,,,1429,false,,GET,https://airportgap.com/api/airports/JFK,HTTP/2.0,default,,429,,tls1.3,https://airportgap.com/api/airports/JFK,,
http_req_blocked,1784003744,0.000000,,,1429,false,,GET,https://airportgap.com/api/airports/JFK,HTTP/2.0,default,,429,,tls1.3,https://airportgap.com/api/airports/JFK,,
http_req_connecting,1784003744,0.000000,,,1429,false,,GET,https://airportgap.com/api/airports/JFK,HTTP/2.0,default,,429,,tls1.3,https://airportgap.com/api/airports/JFK,,
http_req_tls_handshaking,1784003744,0.000000,,,1429,false,,GET,https://airportgap.com/api/airports/JFK,HTTP/2.0,default,,429,,tls1.3,https://airportgap.com/api/airports/JFK,,
http_req_sending,1784003744,0.000000,,,1429,false,,GET,https://airportgap.com/api/airports/JFK,HTTP/2.0,default,,429,,tls1.3,https://airportgap.com/api/airports/JFK,,
http_req_waiting,1784003744,205.443800,,,1429,false,,GET,https://airportgap.com/api/airports/JFK,HTTP/2.0,default,,429,,tls1.3,https://airportgap.com/api/airports/JFK,,
http_req_receiving,1784003744,0.000000,,,1429,false,,GET,https://airportgap.com/api/airports/JFK,HTTP/2.0,default,,429,,tls1.3,https://airportgap.com/api/airports/JFK,,
http_req_failed,1784003744,1.000000,,,1429,false,,GET,https://airportgap.com/api/airports/JFK,HTTP/2.0,default,,429,,tls1.3,https://airportgap.com/api/airports/JFK,,
http_reqs,1784003744,1.000000,,,1429,false,,GET,https://airportgap.com/api/airports/JFK,HTTP/2.0,default,,429,,tls1.3,https://airportgap.com/api/airports/JFK,,
http_req_duration,1784003744,205.443800,,,1429,false,,GET,https://airportgap.com/api/airports/JFK,HTTP/2.0,default,,429,,tls1.3,https://airportgap.com/api/airports/JFK,,
http_req_blocked,1784003744,0.000000,,,1429,false,,GET,https://airportgap.com/api/airports/JFK,HTTP/2.0,default,,429,,tls1.3,https://airportgap.com/api/airports/JFK,,
http_req_connecting,1784003744,0.000000,,,1429,false,,GET,https://airportgap.com/api/airports/JFK,HTTP/2.0,default,,429,,tls1.3,https://airportgap.com/api/airports/JFK,,
http_req_tls_handshaking,1784003744,0.000000,,,1429,false,,GET,https://airportgap.com/api/airports/JFK,HTTP/2.0,default,,429,,tls1.3,https://airportgap.com/api/airports/JFK,,
http_req_sending,1784003744,0.000000,,,1429,false,,GET,https://airportgap.com/api/airports/JFK,HTTP/2.0,default,,429,,tls1.3,https://airportgap.com/api/airports/JFK,,
http_req_waiting,1784003744,205.443800,,,1429,false,,GET,https://airportgap.com/api/airports/JFK,HTTP/2.0,default,,429,,tls1.3,https://airportgap.com/api/airports/JFK,,
http_req_receiving,1784003744,0.000000,,,1429,false,,GET,https://airportgap.com/api/airports/JFK,HTTP/2.0,default,,429,,tls1.3,https://airportgap.com/api/airports/JFK,,
http_req_failed,1784003744,1.000000,,,1429,false,,GET,https://airportgap.com/api/airports/JFK,HTTP/2.0,default,,429,,tls1.3,https://airportgap.com/api/airports/JFK,,
checks,1784003744,0.000000,JFK status 200,,,,,,,,default,,,,,,,
http_reqs,1784003744,1.000000,,,1429,false,,GET,https://airportgap.com/api/airports/JFK,HTTP/2.0,default,,429,,tls1.3,https://airportgap.com/api/airports/JFK,,
http_req_duration,1784003744,205.443800,,,1429,false,,GET,https://airportgap.com/api/airports/JFK,HTTP/2.0,default,,429,,tls1.3,https://airportgap.com/api/airports/JFK,,
http_req_blocked,1784003744,0.000000,,,1429,false,,GET,https://airportgap.com/api/airports/JFK,HTTP/2.0,default,,429,,tls1.3,https://airportgap.com/api/airports/JFK,,
http_req_connecting,1784003744,0.000000,,,1429,false,,GET,https://airportgap.com/api/airports/JFK,HTTP/2.0,default,,429,,tls1.3,https://airportgap.com/api/airports/JFK,,
http_req_tls_handshaking,1784003744,0.000000,,,1429,false,,GET,https://airportgap.com/api/airports/JFK,HTTP/2.0,default,,429,,tls1.3,https://airportgap.com/api/airports/JFK,,
http_req_sending,1784003744,0.000000,,,1429,false,,GET,https://airportgap.com/api/airports/JFK,HTTP/2.0,default,,429,,tls1.3,https://airportgap.com/api/airports/JFK,,
http_req_waiting,1784003744,205.443800,,,1429,false,,GET,https://airportgap.com/api/airports/JFK,HTTP/2.0,default,,429,,tls1.3,https://airportgap.com/api/airports/JFK,,
http_req_receiving,1784003744,0.000000,,,1429,false,,GET,https://airportgap.com/api/airports/JFK,HTTP/2.0,default,,429,,tls1.3,https://airportgap.com/api/airports/JFK,,
http_req_failed,1784003744,1.000000,,,1429,false,,GET,https://airportgap.com/api/airports/JFK,HTTP/2.0,default,,429,,tls1.3,https://airportgap.com/api/airports/JFK,,
checks,1784003744,0.000000,JFK status 200,,,,,,,,default,,,,,,,
http_reqs,1784003744,1.000000,,,1429,false,,GET,https://airportgap.com/api/airports/JFK,HTTP/2.0,default,,429,,tls1.3,https://airportgap.com/api/airports/JFK,,
http_req_duration,1784003744,205.443800,,,1429,false,,GET,https://airportgap.com/api/airports/JFK,HTTP/2.0,default,,429,,tls1.3,https://airportgap.com/api/airports/JFK,,
http_req_blocked,1784003744,0.000000,,,1429,false,,GET,https://airportgap.com/api/airports/JFK,HTTP/2.0,default,,429,,tls1.3,https://airportgap.com/api/airports/JFK,,
http_req_connecting,1784003744,0.000000,,,1429,false,,GET,https://airportgap.com/api/airports/JFK,HTTP/2.0,default,,429,,tls1.3,https://airportgap.com/api/airports/JFK,,
http_req_tls_handshaking,1784003744,0.000000,,,1429,false,,GET,https://airportgap.com/api/airports/JFK,HTTP/2.0,default,,429,,tls1.3,https://airportgap.com/api/airports/JFK,,
http_req_sending,1784003744,0.000000,,,1429,false,,GET,https://airportgap.com/api/airports/JFK,HTTP/2.0,default,,429,,tls1.3,https://airportgap.com/api/airports/JFK,,
http_req_waiting,1784003744,205.443800,,,1429,false,,GET,https://airportgap.com/api/airports/JFK,HTTP/2.0,default,,429,,tls1.3,https://airportgap.com/api/airports/JFK,,
http_req_receiving,1784003744,0.000000,,,1429,false,,GET,https://airportgap.com/api/airports/JFK,HTTP/2.0,default,,429,,tls1.3,https://airportgap.com/api/airports/JFK,,
http_req_failed,1784003744,1.000000,,,1429,false,,GET,https://airportgap.com/api/airports/JFK,HTTP/2.0,default,,429,,tls1.3,https://airportgap.com/api/airports/JFK,,
checks,1784003744,0.000000,JFK status 200,,,,,,,,default,,,,,,,
checks,1784003744,0.000000,JFK status 200,,,,,,,,default,,,,,,,
checks,1784003744,0.000000,JFK status 200,,,,,,,,default,,,,,,,
vus,1784003744,10.000000,,,,,,,,,,,,,,,,
vus_max,1784003744,10.000000,,,,,,,,,,,,,,,,
data_sent,1784003744,72.000000,,,,,,,,,default,,,,,,,
data_received,1784003744,264.000000,,,,,,,,,default,,,,,,,
iteration_duration,1784003744,1421.179400,,,,,,,,,default,,,,,,,
iterations,1784003744,1.000000,,,,,,,,,default,,,,,,,
data_sent,1784003745,72.000000,,,,,,,,,default,,,,,,,
data_received,1784003745,330.000000,,,,,,,,,default,,,,,,,
iteration_duration,1784003745,1432.819100,,,,,,,,,default,,,,,,,
iterations,1784003745,1.000000,,,,,,,,,default,,,,,,,
data_sent,1784003745,72.000000,,,,,,,,,default,,,,,,,
data_received,1784003745,288.000000,,,,,,,,,default,,,,,,,
iteration_duration,1784003745,1369.463000,,,,,,,,,default,,,,,,,
iterations,1784003745,1.000000,,,,,,,,,default,,,,,,,
data_sent,1784003745,72.000000,,,,,,,,,default,,,,,,,
data_received,1784003745,329.000000,,,,,,,,,default,,,,,,,
iteration_duration,1784003745,1369.463000,,,,,,,,,default,,,,,,,
iterations,1784003745,1.000000,,,,,,,,,default,,,,,,,
data_sent,1784003745,72.000000,,,,,,,,,default,,,,,,,
data_received,1784003745,288.000000,,,,,,,,,default,,,,,,,
iteration_duration,1784003745,1369.463000,,,,,,,,,default,,,,,,,
iterations,1784003745,1.000000,,,,,,,,,default,,,,,,,
data_sent,1784003745,72.000000,,,,,,,,,default,,,,,,,
data_received,1784003745,288.000000,,,,,,,,,default,,,,,,,
iteration_duration,1784003745,1369.463000,,,,,,,,,default,,,,,,,
iterations,1784003745,1.000000,,,,,,,,,default,,,,,,,
data_sent,1784003745,72.000000,,,,,,,,,default,,,,,,,
data_received,1784003745,288.000000,,,,,,,,,default,,,,,,,
iteration_duration,1784003745,1369.463000,,,,,,,,,default,,,,,,,
iterations,1784003745,1.000000,,,,,,,,,default,,,,,,,
data_sent,1784003745,72.000000,,,,,,,,,default,,,,,,,
data_received,1784003745,288.000000,,,,,,,,,default,,,,,,,
iteration_duration,1784003745,1368.953500,,,,,,,,,default,,,,,,,
iterations,1784003745,1.000000,,,,,,,,,default,,,,,,,
data_sent,1784003745,72.000000,,,,,,,,,default,,,,,,,
data_received,1784003745,329.000000,,,,,,,,,default,,,,,,,
iteration_duration,1784003745,1369.463000,,,,,,,,,default,,,,,,,
iterations,1784003745,1.000000,,,,,,,,,default,,,,,,,
data_sent,1784003745,72.000000,,,,,,,,,default,,,,,,,
data_received,1784003745,288.000000,,,,,,,,,default,,,,,,,
iteration_duration,1784003745,1368.953500,,,,,,,,,default,,,,,,,
iterations,1784003745,1.000000,,,,,,,,,default,,,,,,,
